customer_id,last_purchase,frequency,monetary,recency,R,F,M,RFM_Score
12346,2011-01-18 10:01:00,1,77183.6,325,1,2,3,123
12347,2011-08-02 08:48:00,7,4310.0,129,2,3,3,233
12348,2011-09-25 13:13:00,4,1797.24,74,3,3,3,333
12349,2011-11-21 09:51:00,1,1757.55,18,3,2,3,323
12350,2011-02-02 16:01:00,1,334.4,309,1,2,1,121
12352,2011-09-28 14:58:00,8,2506.04,71,3,3,3,333
12353,2011-05-19 17:47:00,1,89.0,203,1,2,1,121
12354,2011-04-21 13:11:00,1,1079.4,231,1,2,2,122
12355,2011-05-09 13:49:00,1,459.4,213,1,2,2,122
12356,2011-04-08 12:33:00,3,2811.43,244,1,2,3,123
12357,2011-11-06 16:07:00,1,6207.67,32,3,2,3,323
12358,2011-07-12 10:04:00,2,1168.06,150,2,2,2,222
12359,2011-06-03 12:26:00,4,6372.58,188,1,3,3,133
12360,2011-08-19 10:10:00,3,2662.06,112,2,2,3,223
12361,2011-02-25 13:51:00,1,189.9,286,1,2,1,121
12362,2011-09-28 12:04:00,10,5226.23,72,3,3,3,333
12363,2011-08-22 10:18:00,2,552.0,109,2,2,2,222
12364,2011-09-22 16:07:00,4,1313.1,77,3,3,3,333
12365,2011-02-21 14:04:00,2,641.38,290,1,2,2,122
12367,2011-12-05 16:48:00,1,168.9,3,3,2,1,321
12370,2011-03-10 12:48:00,4,3545.69,273,1,3,3,133
12371,2011-10-26 10:16:00,2,1887.96,44,3,2,3,323
12372,2011-09-29 12:12:00,3,1298.04,71,3,2,3,323
12373,2011-02-01 13:10:00,1,364.6,310,1,2,1,121
12374,2011-11-14 15:37:00,1,742.93,24,3,2,2,322
12375,2011-09-02 14:23:00,2,457.5,97,2,2,2,222
12377,2010-12-20 09:37:00,2,1628.12,354,1,2,3,123
12378,2011-08-02 10:34:00,1,4008.62,129,2,2,3,223
12379,2011-09-19 10:09:00,2,852.24,81,3,2,2,322
12380,2011-09-22 17:31:00,4,2724.81,77,3,3,3,333
12381,2011-08-12 09:57:00,5,1845.31,119,2,3,3,233
12383,2011-06-08 08:02:00,5,1850.56,184,1,3,3,133
12384,2011-08-10 11:23:00,2,585.27,121,2,2,2,222
12386,2010-12-08 09:53:00,2,401.9,366,1,2,2,122
12388,2011-09-25 11:30:00,6,2780.66,75,3,3,3,333
12390,2011-09-21 09:33:00,1,549.84,79,3,2,2,322
12391,2011-11-18 12:07:00,1,460.89,21,3,2,2,322
12393,2011-09-28 15:41:00,4,1582.6,71,3,3,3,333
12394,2011-05-06 14:01:00,2,1272.48,216,1,2,3,123
12395,2011-08-19 15:18:00,12,3018.63,111,2,3,3,233
12397,2011-07-27 14:21:00,2,2409.9,134,2,2,3,223
12398,2011-10-25 10:27:00,1,1635.66,45,3,2,3,323
12399,2011-08-12 13:15:00,4,1108.65,118,2,3,2,232
12401,2011-02-09 13:50:00,1,84.3,302,1,2,1,121
12402,2011-01-20 13:49:00,1,225.6,322,1,2,1,121
12403,2011-10-21 10:51:00,1,427.7,49,3,2,2,322
12405,2011-07-14 08:52:00,1,1710.39,148,2,2,3,223
12406,2011-06-09 10:23:00,2,3415.3,183,1,2,3,123
12407,2011-07-06 09:49:00,5,1708.12,156,2,3,3,233
12408,2011-09-02 10:27:00,5,2888.55,98,2,3,3,233
12409,2011-09-22 10:38:00,3,11072.67,78,3,2,3,323
12410,2011-02-04 10:39:00,2,693.33,308,1,2,2,122
12412,2011-09-26 10:16:00,3,1226.88,74,3,2,3,323
12413,2011-04-17 15:33:00,3,758.1,235,1,2,2,122
12414,2011-05-06 14:51:00,3,562.41,216,1,2,2,122
12415,2011-09-01 13:51:00,21,124914.53,98,2,3,3,233
12417,2011-08-04 18:51:00,9,3649.1,126,2,3,3,233
12418,2011-08-19 11:08:00,1,668.58,112,2,2,2,222
12420,2011-10-07 08:55:00,1,600.39,63,3,2,2,322
12421,2011-08-17 10:56:00,4,807.04,114,2,3,2,232
12422,2011-09-05 09:48:00,3,803.56,95,2,2,2,222
12423,2011-08-31 08:55:00,8,1859.31,100,2,3,3,233
12424,2011-06-30 12:06:00,2,1760.96,162,1,2,3,123
12425,2011-09-22 17:31:00,1,777.2,77,3,2,2,322
12426,2011-05-29 12:26:00,1,582.73,193,1,2,2,122
12427,2010-12-03 10:44:00,3,825.8,371,1,2,2,122
12428,2011-08-11 12:58:00,9,7956.46,119,2,3,3,233
12429,2011-06-20 12:14:00,4,3750.4,172,1,3,3,133
12430,2011-10-27 15:09:00,1,256.4,42,3,2,1,321
12431,2011-08-12 14:19:00,15,6487.45,118,2,3,3,233
12432,2011-06-22 13:12:00,5,5059.32,169,1,3,3,133
12433,2011-09-09 13:44:00,7,13375.87,90,2,3,3,233
12434,2011-09-16 12:38:00,2,806.14,83,3,2,2,322
12435,2011-09-21 09:06:00,2,7829.89,79,3,2,3,323
12436,2011-09-01 12:09:00,1,509.01,99,2,2,2,222
12437,2011-09-22 16:58:00,18,4951.41,77,3,3,3,333
12438,2011-07-22 13:29:00,2,2906.85,139,2,2,3,223
12441,2010-12-08 10:45:00,1,173.55,366,1,2,1,121
12442,2011-12-06 14:22:00,1,172.06,2,3,2,1,321
12444,2011-09-15 09:43:00,5,5005.46,85,2,3,3,233
12445,2011-11-17 18:43:00,1,133.4,21,3,2,1,321
12446,2011-10-13 12:50:00,1,1002.31,56,3,2,2,322
12447,2011-04-10 13:25:00,1,476.49,242,1,2,2,122
12448,2011-10-26 13:46:00,1,449.45,43,3,2,2,322
12449,2011-09-09 09:13:00,4,4067.29,91,2,3,3,233
12450,2011-07-06 14:41:00,2,197.88,155,2,2,1,221
12451,2011-05-05 17:34:00,5,9035.52,217,1,3,3,133
12452,2011-11-23 08:05:00,2,430.57,16,3,2,2,322
12453,2011-07-28 14:08:00,1,707.09,133,2,2,2,222
12454,2011-10-14 17:13:00,1,3528.34,55,3,2,3,323
12455,2011-09-27 15:31:00,6,2466.86,72,3,3,3,333
12456,2011-07-31 15:25:00,3,3181.04,130,2,2,3,223
12457,2011-09-19 09:04:00,7,2363.23,81,3,3,3,333
12458,2011-09-29 15:25:00,2,947.4,70,3,2,2,322
12461,2011-09-06 16:57:00,2,826.88,93,2,2,2,222
12462,2011-02-09 14:44:00,2,1189.59,302,1,2,2,122
12463,2011-06-17 14:28:00,4,1344.78,174,1,3,3,133
12464,2011-08-25 13:33:00,8,1212.05,105,2,3,3,233
12465,2011-06-23 13:37:00,2,742.19,168,1,2,2,122
12468,2011-06-05 11:36:00,2,729.54,187,1,2,2,122
12471,2011-09-22 17:25:00,30,19824.05,77,3,3,3,333
12472,2011-07-24 11:55:00,7,6572.11,138,2,3,3,233
12473,2011-08-17 12:04:00,5,3938.55,114,2,3,3,233
12474,2011-09-02 10:53:00,18,7375.79,98,2,3,3,233
12475,2011-10-17 10:10:00,1,723.38,53,3,2,2,322
12476,2011-09-16 10:56:00,11,6816.42,84,3,3,3,333
12477,2011-08-31 09:11:00,6,13219.74,100,2,3,3,233
12478,2011-12-06 09:56:00,1,680.99,3,3,2,2,322
12479,2011-11-28 13:26:00,1,527.2,10,3,2,2,322
12480,2011-07-19 14:04:00,4,3281.63,142,2,3,3,233
12481,2011-06-13 10:52:00,10,5596.32,179,1,3,3,133
12483,2011-09-02 11:42:00,8,2484.98,98,2,3,3,233
12484,2011-08-31 09:44:00,6,4541.72,100,2,3,3,233
12488,2011-09-25 10:34:00,3,1298.66,75,3,2,3,323
12489,2011-01-07 13:13:00,1,334.93,335,1,2,1,121
12490,2011-09-07 13:22:00,10,5417.93,92,2,3,3,233
12491,2011-11-01 12:18:00,1,460.4,37,3,2,2,322
12492,2011-08-26 14:51:00,2,263.21,104,2,2,1,221
12493,2011-06-27 10:17:00,2,433.74,165,1,2,2,122
12494,2011-07-01 12:17:00,7,1246.1,160,1,3,3,133
12497,2011-09-19 12:29:00,1,1043.1,80,3,2,2,322
12498,2011-11-18 12:53:00,3,403.7,20,3,2,2,322
12500,2011-08-25 12:50:00,11,4257.82,105,2,3,3,233
12501,2011-01-07 12:28:00,1,2169.39,335,1,2,3,123
12502,2011-09-05 11:52:00,5,3723.87,95,2,3,3,233
12504,2011-11-09 14:56:00,2,482.05,29,3,2,2,322
12506,2011-04-21 08:54:00,1,73.5,232,1,2,1,121
12507,2011-07-07 10:20:00,3,1304.81,155,2,2,3,223
12508,2011-11-13 15:37:00,2,398.27,25,3,2,2,322
12509,2011-02-28 14:45:00,1,176.5,283,1,2,1,121
12510,2011-07-20 10:15:00,2,982.57,142,2,2,2,222
12512,2011-10-04 14:55:00,2,138.03,65,3,2,1,321
12513,2011-08-19 10:51:00,1,612.29,112,2,2,2,222
12514,2011-03-17 16:38:00,1,1017.68,266,1,2,2,122
12515,2010-12-21 15:43:00,1,383.7,352,1,2,1,121
12516,2011-09-23 09:13:00,2,1312.06,77,3,2,3,323
12517,2011-09-27 11:50:00,5,2502.84,73,3,3,3,333
12518,2011-09-23 15:45:00,5,2056.89,76,3,3,3,333
12519,2011-10-07 09:26:00,1,340.84,63,3,2,1,321
12520,2011-09-21 15:23:00,5,2634.26,78,3,3,3,333
12521,2011-07-20 10:51:00,1,599.68,142,2,2,2,222
12522,2011-10-31 15:30:00,2,192.72,38,3,2,1,321
12523,2011-09-21 14:43:00,11,1789.77,78,3,3,3,333
12524,2011-06-30 15:30:00,8,4485.72,161,1,3,3,133
12526,2011-09-06 14:19:00,3,1316.66,93,2,2,3,223
12527,2011-09-19 11:55:00,3,348.71,81,3,2,1,321
12528,2011-08-17 12:30:00,6,1933.48,113,2,3,3,233
12530,2011-08-08 10:59:00,4,1662.28,123,2,3,3,233
12531,2011-11-25 11:12:00,1,125.22,14,3,2,1,321
12532,2011-11-09 13:47:00,1,349.83,29,3,1,1,311
12534,2011-08-01 10:26:00,1,1089.18,130,2,1,2,212
12535,2011-09-09 08:48:00,2,716.35,91,2,2,2,222
12536,2011-10-27 14:20:00,3,12601.83,42,3,2,3,323
12538,2011-11-10 17:16:00,1,363.95,28,3,1,1,311
12539,2011-03-22 16:00:00,4,5568.35,261,1,3,3,133
12540,2011-09-08 13:38:00,17,13400.24,91,2,3,3,233
12541,2011-06-19 15:59:00,3,981.18,172,1,2,2,122
12544,2011-11-03 16:15:00,1,372.7,35,3,1,1,311
12545,2011-09-25 13:39:00,2,1000.39,74,3,2,2,322
12546,2011-09-23 09:44:00,2,1161.5,77,3,2,2,322
12547,2011-05-26 12:38:00,2,207.8,196,1,2,1,121
12548,2011-06-26 15:35:00,1,95.2,165,1,1,1,111
12550,2011-09-21 14:35:00,1,964.83,78,3,1,2,312
12551,2010-12-17 11:23:00,1,168.0,357,1,1,1,111
12552,2011-11-01 10:02:00,2,437.82,38,3,2,2,322
12553,2011-08-21 14:42:00,10,3692.28,109,2,3,3,233
12556,2011-07-11 13:35:00,2,603.71,150,2,2,2,222
12557,2011-07-04 13:19:00,5,11990.96,157,2,3,3,233
12558,2011-12-02 10:41:00,1,269.96,7,3,1,1,311
12559,2011-02-02 09:49:00,2,561.71,310,1,2,2,122
12560,2011-08-19 15:22:00,3,2134.01,111,2,2,3,223
12561,2011-02-10 11:39:00,1,238.85,302,1,1,1,111
12562,2011-09-19 09:15:00,7,3781.74,81,3,3,3,333
12564,2011-03-23 14:55:00,1,456.9,260,1,1,2,112
12565,2011-02-24 10:34:00,1,145.92,288,1,1,1,111
12566,2011-09-14 14:30:00,1,351.65,85,2,1,1,211
12567,2011-09-04 14:22:00,10,9401.28,95,2,3,3,233
12569,2011-09-08 15:22:00,32,4124.69,91,2,3,3,233
12571,2011-08-10 12:35:00,2,519.61,120,2,2,2,222
12572,2011-12-01 09:20:00,2,1020.42,8,3,2,2,322
12573,2011-04-26 15:52:00,1,160.54,226,1,1,1,111
12574,2011-01-28 09:20:00,1,218.45,315,1,1,1,111
12576,2011-09-05 10:06:00,5,1315.83,95,2,3,3,233
12577,2010-12-15 16:21:00,3,657.8,358,1,2,2,122
12578,2011-11-18 13:30:00,2,2794.51,20,3,2,3,323
12579,2011-09-22 17:15:00,1,440.42,77,3,1,2,312
12580,2011-04-07 10:24:00,1,415.7,246,1,1,2,112
12581,2011-10-31 08:56:00,1,197.71,39,3,1,1,311
12582,2011-04-15 08:45:00,2,511.36,238,1,2,2,122
12583,2011-09-30 12:58:00,15,7281.38,69,3,3,3,333
12584,2011-09-20 13:21:00,9,2338.15,79,3,3,3,333
12585,2011-04-19 13:39:00,2,2040.1,233,1,2,3,123
12586,2011-11-22 16:24:00,1,196.94,16,3,1,1,311
12587,2011-12-02 12:47:00,1,144.0,6,3,1,1,311
12588,2011-10-31 15:01:00,1,214.9,38,3,1,1,311
12589,2011-07-18 12:05:00,2,646.68,144,2,2,2,222
12590,2011-05-12 14:52:00,2,9864.26,210,1,2,3,123
12591,2011-01-26 14:35:00,1,452.85,316,1,1,2,112
12592,2011-09-08 15:04:00,2,437.6,91,2,2,2,222
12593,2011-08-23 12:43:00,3,418.1,107,2,2,2,222
12594,2011-08-10 14:26:00,10,3338.22,120,2,3,3,233
12596,2011-04-11 13:22:00,2,618.27,241,1,2,2,122
12597,2011-06-09 16:04:00,4,3811.22,182,1,3,3,133
12598,2011-09-29 16:52:00,8,3023.08,70,3,3,3,333
12599,2011-08-05 12:38:00,7,1032.58,125,2,3,2,232
12600,2011-09-16 14:20:00,10,2599.04,83,3,3,3,333
12601,2011-06-03 10:17:00,5,577.06,189,1,3,2,132
12602,2011-10-12 11:22:00,1,153.12,58,3,1,1,311
12603,2011-11-18 10:42:00,1,739.2,21,3,1,2,312
12604,2011-09-21 14:08:00,2,254.18,78,3,2,1,321
12607,2011-10-10 16:06:00,1,1579.51,59,3,1,3,313
12609,2011-09-22 16:34:00,3,1126.85,77,3,2,2,322
12610,2011-08-05 13:52:00,5,2099.54,125,2,3,3,233
12611,2011-10-18 13:12:00,1,1193.32,51,3,1,2,312
12612,2011-09-26 15:35:00,1,704.04,73,3,1,2,312
12613,2011-05-26 09:18:00,5,3344.38,197,1,3,3,133
12614,2011-03-07 10:22:00,1,315.6,277,1,1,1,111
12615,2011-09-29 10:23:00,4,2291.19,71,3,3,3,333
12616,2011-09-05 15:17:00,2,713.3,94,2,2,2,222
12617,2011-11-10 14:39:00,1,355.53,28,3,1,1,311
12618,2011-11-18 11:10:00,1,177.31,21,3,1,1,311
12619,2011-09-23 09:00:00,9,3641.24,77,3,3,3,333
12620,2011-09-20 10:06:00,3,1339.41,80,3,2,3,323
12621,2011-09-19 14:56:00,20,13689.67,80,3,3,3,333
12622,2011-04-21 16:39:00,1,180.1,231,1,1,1,111
12623,2011-03-08 13:50:00,1,305.1,275,1,1,1,111
12624,2011-08-25 15:04:00,2,641.13,105,2,2,2,222
12625,2011-05-12 09:54:00,2,2683.82,211,1,2,3,123
12626,2011-08-04 14:20:00,9,6620.48,126,2,3,3,233
12627,2011-09-04 14:09:00,7,4478.53,95,2,3,3,233
12628,2011-12-05 13:15:00,3,786.46,3,3,2,2,322
12630,2011-11-30 10:48:00,2,1270.88,9,3,2,3,323
12631,2011-10-13 13:53:00,1,640.5,56,3,1,2,312
12633,2011-08-02 09:35:00,4,2163.98,129,2,3,3,233
12635,2011-09-11 11:04:00,2,1689.18,89,2,2,3,223
12637,2011-09-09 11:48:00,8,6021.9,91,2,3,3,233
12638,2011-11-06 13:11:00,1,671.69,32,3,1,2,312
12639,2011-04-15 12:48:00,1,486.1,237,1,1,2,112
12640,2011-09-19 12:01:00,3,1174.58,81,3,2,2,322
12641,2011-08-16 13:26:00,1,185.9,114,2,1,1,211
12642,2011-08-24 09:23:00,3,1013.26,107,2,2,2,222
12643,2011-08-03 12:56:00,6,3344.64,127,2,3,3,233
12644,2011-08-02 10:33:00,1,477.91,129,2,1,2,212
12645,2011-08-22 12:40:00,4,1775.18,108,2,3,3,233
12646,2011-12-05 10:14:00,2,1346.97,4,3,2,3,323
12647,2011-09-22 17:14:00,12,3722.82,77,3,3,3,333
12648,2011-07-08 11:55:00,1,318.05,154,2,1,1,211
12649,2011-08-24 14:41:00,3,623.51,106,2,2,2,222
12650,2011-12-06 16:34:00,1,314.44,2,3,1,1,311
12651,2011-01-09 12:46:00,1,114.0,333,1,1,1,111
12652,2011-01-12 15:00:00,1,919.98,330,1,1,2,112
12653,2011-07-14 10:41:00,2,2209.85,148,2,2,3,223
12654,2011-05-26 10:43:00,5,601.98,197,1,3,2,132
12656,2011-09-28 11:38:00,5,4051.17,72,3,3,3,333
12657,2011-09-22 11:40:00,4,1643.18,78,3,3,3,333
12658,2011-11-21 10:22:00,1,686.05,18,3,1,2,312
12659,2011-11-10 11:53:00,1,91.68,29,3,1,1,311
12660,2011-11-28 13:26:00,1,245.1,10,3,1,1,311
12662,2011-08-24 13:42:00,11,3849.78,106,2,3,3,233
12664,2011-09-13 15:35:00,9,4881.88,86,2,3,3,233
12665,2011-01-19 08:34:00,1,63.0,324,1,1,1,111
12667,2011-10-12 17:00:00,1,620.13,57,3,1,2,312
12668,2011-03-25 14:53:00,4,3807.15,258,1,3,3,133
12669,2011-07-12 09:54:00,3,2744.03,150,2,2,3,223
12670,2011-09-02 09:51:00,5,2996.05,98,2,3,3,233
12672,2011-01-14 09:20:00,1,225.9,329,1,1,1,111
12673,2011-12-04 13:55:00,2,610.52,4,3,2,2,322
12674,2011-09-09 10:51:00,4,1970.6,91,2,3,3,233
12676,2011-09-30 09:25:00,6,1331.39,70,3,3,3,333
12678,2011-09-22 10:52:00,12,17628.46,78,3,3,3,333
12679,2011-09-13 10:34:00,4,1113.02,87,2,3,2,232
12680,2011-09-27 12:53:00,4,880.81,72,3,3,2,332
12681,2011-09-23 12:09:00,22,13787.54,77,3,3,3,333
12682,2011-09-19 12:19:00,31,12288.22,80,3,3,3,333
12683,2011-09-08 10:35:00,15,8476.57,92,2,3,3,233
12684,2011-06-22 11:20:00,7,2283.63,170,1,3,3,133
12685,2011-09-08 10:32:00,6,2863.08,92,2,3,3,233
12686,2010-12-03 09:51:00,1,89.14,371,1,1,1,111
12688,2011-08-18 08:49:00,1,4873.81,113,2,1,3,213
12689,2011-08-04 10:04:00,2,1247.61,127,2,2,3,223
12690,2011-05-18 09:09:00,1,389.01,205,1,1,2,112
12691,2011-07-17 14:56:00,6,1035.8,144,2,3,2,232
12693,2011-08-04 17:51:00,4,855.91,126,2,3,2,232
12694,2011-09-30 13:06:00,2,869.67,69,3,2,2,322
12695,2011-08-24 12:58:00,4,582.1,106,2,3,2,232
12697,2011-07-31 14:17:00,3,957.59,130,2,2,2,222
12700,2011-07-06 13:14:00,4,4939.99,155,2,3,3,233
12701,2011-09-21 10:47:00,2,797.71,79,3,2,2,322
12702,2011-11-20 10:36:00,1,219.0,19,3,1,1,311
12703,2011-09-29 17:52:00,1,283.55,70,3,1,1,311
12704,2011-09-22 18:14:00,8,2340.84,77,3,3,3,333
12705,2011-09-23 12:55:00,9,6868.29,76,3,3,3,333
12707,2011-02-21 08:38:00,1,603.42,291,1,1,2,112
12708,2011-09-28 13:30:00,10,2712.91,71,3,3,3,333
12709,2011-09-04 14:06:00,15,9736.52,95,2,3,3,233
12710,2011-09-04 12:00:00,3,1149.02,96,2,2,2,222
12712,2011-08-25 09:18:00,13,4396.13,106,2,3,3,233
12713,2011-12-09 12:16:00,1,848.55,0,3,1,2,312
12714,2011-08-25 09:55:00,5,4708.86,106,2,3,3,233
12715,2011-08-25 15:22:00,1,353.86,105,2,1,1,211
12716,2011-07-29 13:28:00,2,1053.49,132,2,2,2,222
12717,2011-07-11 14:47:00,2,1030.98,150,2,2,2,222
12718,2011-09-29 16:38:00,1,238.25,70,3,1,1,311
12719,2011-12-04 13:45:00,2,644.95,4,3,2,2,322
12720,2011-09-06 13:47:00,25,5781.73,93,2,3,3,233
12721,2011-09-21 12:26:00,6,2656.13,78,3,3,3,333
12722,2011-09-15 14:50:00,4,997.63,84,3,3,2,332
12723,2011-12-06 10:19:00,5,725.07,3,3,3,2,332
12724,2011-09-19 12:36:00,4,1031.41,80,3,3,2,332
12725,2010-12-03 15:45:00,1,427.8,370,1,1,2,112
12726,2011-09-14 14:19:00,7,2609.1,85,2,3,3,233
12727,2011-09-05 13:38:00,7,3980.7,94,2,3,3,233
12728,2011-09-29 15:31:00,4,836.33,70,3,3,2,332
12729,2011-08-18 11:40:00,1,453.01,113,2,1,2,212
12731,2011-09-30 12:06:00,12,18895.91,70,3,3,3,333
12732,2011-06-13 11:33:00,1,236.26,179,1,1,1,111
12733,2011-04-19 16:19:00,1,383.95,233,1,1,1,111
12734,2010-12-22 12:47:00,1,110.4,351,1,1,1,111
12735,2011-01-06 14:26:00,2,779.57,336,1,2,2,122
12736,2011-01-11 07:57:00,1,234.0,332,1,1,1,111
12738,2010-12-02 18:27:00,1,155.35,371,1,1,1,111
12739,2011-09-22 13:00:00,2,1013.04,77,3,2,2,322
12740,2011-10-07 10:44:00,1,427.6,63,3,1,2,312
12743,2011-07-28 16:21:00,2,546.43,133,2,2,2,222
12744,2011-07-18 11:55:00,7,21279.29,144,2,3,3,233
12747,2011-08-22 10:38:00,11,4196.01,109,2,3,3,233
12748,2011-09-09 13:20:00,210,33719.73,90,2,3,3,233
12749,2011-08-01 12:50:00,5,4090.88,129,2,3,3,233
12750,2011-08-03 09:13:00,1,275.88,128,2,1,1,211
12752,2011-09-19 13:32:00,1,4366.78,80,3,1,3,313
12753,2011-07-27 09:32:00,6,21429.39,135,2,3,3,233
12754,2011-04-18 09:00:00,3,3010.74,235,1,2,3,123
12755,2011-03-04 12:42:00,2,3811.95,279,1,2,3,123
12756,2011-09-14 09:31:00,1,112.08,86,2,1,1,211
12757,2011-07-20 12:05:00,13,7857.1,142,2,3,3,233
12758,2011-08-15 10:22:00,2,2791.59,116,2,2,3,223
12759,2011-06-21 09:26:00,3,1531.44,171,1,2,3,123
12762,2011-12-02 10:23:00,2,1898.52,7,3,2,3,323
12763,2011-07-24 14:12:00,2,494.08,137,2,2,2,222
12764,2011-01-27 10:19:00,1,1693.88,316,1,1,3,113
12766,2011-07-13 13:37:00,7,6989.63,148,2,3,3,233
12769,2011-04-15 10:25:00,1,1143.6,238,1,1,2,112
12770,2011-05-13 09:33:00,1,1351.45,210,1,1,3,113
12772,2011-10-11 09:19:00,1,892.47,59,3,1,2,312
12775,2011-06-03 07:48:00,5,1386.04,189,1,3,3,133
12778,2011-06-09 15:29:00,6,822.23,182,1,3,2,132
12779,2011-06-03 10:37:00,8,3981.36,189,1,3,3,133
12781,2011-02-28 08:43:00,2,826.74,284,1,2,2,122
12782,2011-07-13 10:30:00,5,2330.92,149,2,3,3,233
12783,2011-09-25 15:35:00,6,2225.91,74,3,3,3,333
12784,2011-11-30 15:38:00,2,574.42,8,3,2,2,322
12785,2010-12-10 13:48:00,1,311.95,363,1,1,1,111
12787,2011-09-09 12:24:00,3,463.66,90,2,2,2,222
12789,2011-10-05 13:34:00,1,91.85,64,3,1,1,311
12790,2011-05-31 14:14:00,1,324.92,191,1,1,1,111
12791,2010-12-01 11:27:00,1,192.6,373,1,1,1,111
12792,2011-03-28 11:36:00,1,400.54,256,1,1,2,112
12793,2010-12-03 15:14:00,2,545.48,370,1,2,2,122
12794,2011-09-02 12:01:00,2,860.41,98,2,2,2,222
12795,2011-11-21 10:27:00,1,430.48,18,3,1,2,312
12797,2010-12-09 10:55:00,1,254.03,365,1,1,1,111
12798,2011-06-22 10:11:00,3,6977.04,170,1,2,3,123
12802,2011-06-06 09:36:00,1,427.58,186,1,1,2,112
12808,2011-06-08 12:21:00,3,483.65,183,1,2,2,122
12809,2011-06-15 10:51:00,1,489.31,177,1,1,2,112
12811,2011-03-24 09:42:00,3,514.85,260,1,2,2,122
12812,2011-10-26 09:54:00,1,229.64,44,3,1,1,311
12814,2011-08-30 12:11:00,1,125.92,101,2,1,1,211
12815,2011-07-15 10:21:00,2,1063.46,147,2,2,2,222
12816,2011-09-05 12:41:00,2,572.2,94,2,2,2,222
12817,2011-03-03 16:28:00,1,166.04,280,1,1,1,111
12818,2011-03-23 12:06:00,1,1542.08,261,1,1,3,113
12820,2011-09-26 11:49:00,4,942.34,74,3,3,2,332
12821,2011-05-09 15:51:00,1,92.72,213,1,1,1,111
12822,2011-09-30 10:04:00,2,948.88,70,3,2,2,322
12823,2011-09-26 07:35:00,5,1759.5,74,3,3,3,333
12824,2011-10-11 12:49:00,1,397.12,58,3,1,2,312
12826,2011-09-29 10:55:00,7,1474.72,71,3,3,3,333
12827,2011-12-04 12:17:00,3,430.15,4,3,2,2,322
12828,2011-09-01 17:14:00,6,1018.71,98,2,3,2,232
12829,2010-12-14 14:54:00,2,293.0,359,1,2,1,121
12830,2011-09-09 15:02:00,6,6814.64,90,2,3,3,233
12831,2011-03-22 13:02:00,1,215.05,261,1,1,1,111
12832,2011-09-02 13:48:00,2,383.03,97,2,2,1,221
12833,2011-07-17 13:46:00,1,417.38,144,2,1,2,212
12834,2011-03-02 09:49:00,1,312.38,282,1,1,1,111
12836,2011-07-25 15:22:00,4,2612.86,136,2,3,3,233
12837,2011-06-19 16:07:00,1,134.1,172,1,1,1,111
12838,2010-12-01 11:57:00,2,683.13,373,1,2,2,122
12839,2011-09-08 13:17:00,14,5591.42,91,2,3,3,233
12840,2011-07-19 09:29:00,4,2726.77,143,2,3,3,233
12841,2011-09-11 12:13:00,25,4022.35,89,2,3,3,233
12842,2011-09-30 15:33:00,2,1118.99,69,3,2,2,322
12843,2011-07-03 12:21:00,8,1702.26,158,1,3,3,133
12844,2011-08-01 13:11:00,2,325.96,129,2,2,1,221
12845,2011-03-17 13:34:00,4,354.09,266,1,3,1,131
12847,2011-11-17 13:16:00,1,871.54,21,3,1,2,312
12849,2011-03-16 12:26:00,2,1050.89,267,1,2,2,122
12851,2011-09-04 12:41:00,1,135.18,95,2,1,1,211
12852,2011-02-18 08:47:00,1,311.55,294,1,1,1,111
12853,2011-07-28 11:29:00,6,1957.1,134,2,3,3,233
12854,2011-09-22 12:15:00,3,1324.5,78,3,2,3,323
12855,2010-12-02 09:37:00,1,38.1,372,1,1,1,111
12856,2011-12-02 10:52:00,6,2179.93,7,3,3,3,333
12857,2011-05-13 10:20:00,2,1106.4,210,1,2,2,122
12863,2011-10-18 14:15:00,1,521.2,51,3,1,2,312
12864,2011-07-24 13:03:00,1,147.12,137,2,1,1,211
12865,2011-08-08 10:11:00,2,1568.23,123,2,2,3,223
12866,2011-03-01 14:11:00,1,559.12,282,1,1,2,112
12867,2011-09-04 13:35:00,7,4036.82,95,2,3,3,233
12868,2011-06-07 10:42:00,6,1607.06,185,1,3,3,133
12871,2011-09-16 15:07:00,2,380.64,83,3,2,1,321
12872,2010-12-09 14:44:00,2,599.97,364,1,2,2,122
12873,2011-03-02 14:58:00,1,374.0,281,1,1,1,111
12875,2011-07-19 15:30:00,2,343.23,142,2,2,1,221
12876,2011-05-27 13:34:00,2,2218.02,195,1,2,3,123
12877,2011-09-22 13:05:00,12,1535.77,77,3,3,3,333
12878,2011-04-17 13:07:00,2,854.99,235,1,2,2,122
12879,2011-09-09 12:11:00,3,573.22,91,2,2,2,222
12881,2011-03-09 11:44:00,1,298.0,275,1,1,1,111
12882,2011-11-06 11:22:00,2,1463.04,33,3,2,3,323
12883,2011-09-11 15:18:00,4,703.47,88,2,3,2,232
12884,2011-09-12 13:10:00,1,309.05,87,2,1,1,211
12885,2011-08-08 11:45:00,3,1175.22,123,2,2,2,222
12886,2011-05-04 11:21:00,2,1378.4,219,1,2,3,123
12888,2011-05-09 16:02:00,2,354.12,213,1,2,1,121
12890,2011-11-15 17:26:00,1,380.47,23,3,1,1,311
12891,2011-06-07 12:31:00,3,331.0,184,1,2,1,121
12893,2011-11-09 12:34:00,1,188.14,29,3,1,1,311
12895,2011-09-14 08:35:00,2,372.8,86,2,2,1,221
12897,2011-05-19 12:13:00,2,216.5,204,1,2,1,121
12901,2011-09-19 13:39:00,28,17654.54,80,3,3,3,333
12902,2011-03-20 12:06:00,1,138.68,264,1,1,1,111
12904,2011-06-20 13:18:00,2,509.58,171,1,2,2,122
12906,2011-09-22 15:03:00,5,2919.81,77,3,3,3,333
12908,2011-06-16 15:39:00,2,750.0,175,1,2,2,122
12909,2011-09-13 12:22:00,5,2178.67,86,2,3,3,233
12910,2011-09-22 12:55:00,8,3075.04,77,3,3,3,333
12912,2011-12-07 08:55:00,5,1662.3,2,3,3,3,333
12913,2011-03-02 10:49:00,5,2483.63,282,1,3,3,133
12915,2011-07-14 11:34:00,2,363.65,148,2,2,1,221
12916,2011-07-24 10:35:00,4,3006.15,138,2,3,3,233
12917,2011-08-03 16:42:00,1,594.0,127,2,1,2,212
12919,2011-08-15 11:39:00,6,1335.19,116,2,3,3,233
12920,2011-11-22 15:05:00,1,164.23,16,3,1,1,311
12921,2011-09-02 13:01:00,37,16587.09,97,2,3,3,233
12922,2011-07-01 15:35:00,1,405.38,160,1,1,2,112
12923,2011-10-06 16:20:00,1,176.97,63,3,1,1,311
12924,2011-09-12 13:55:00,4,933.7,87,2,3,2,232
12925,2011-09-26 11:05:00,2,694.05,74,3,2,2,322
12928,2011-07-15 08:09:00,5,2062.7,147,2,3,3,233
12929,2011-02-01 12:08:00,1,117.85,311,1,1,1,111
12930,2011-09-22 15:18:00,2,415.8,77,3,2,2,322
12931,2011-08-04 18:07:00,15,42055.96,126,2,3,3,233
12933,2011-06-21 16:13:00,3,607.53,170,1,2,2,122
12935,2011-08-22 12:22:00,7,2160.7,108,2,3,3,233
12936,2011-09-22 13:51:00,4,1063.9,77,3,3,2,332
12937,2011-09-29 14:38:00,4,1504.27,70,3,3,3,333
12938,2011-11-14 11:21:00,1,114.14,25,3,1,1,311
12939,2011-09-21 13:35:00,8,11581.8,78,3,3,3,333
12940,2011-09-13 10:16:00,2,913.54,87,2,2,2,222
12942,2011-07-31 14:39:00,3,683.9,130,2,2,2,222
12944,2010-12-20 10:41:00,2,604.51,354,1,2,2,122
12945,2011-02-24 14:15:00,1,462.95,287,1,1,2,112
12947,2011-07-19 10:06:00,6,1603.99,143,2,3,3,233
12948,2011-08-26 14:45:00,7,2064.95,104,2,3,3,233
12949,2011-08-17 15:11:00,8,4167.22,113,2,3,3,233
12950,2011-12-07 13:17:00,3,1843.0,1,3,2,3,323
12951,2011-06-19 10:35:00,6,1064.07,173,1,3,2,132
12952,2011-09-22 16:37:00,4,1387.79,77,3,3,3,333
12953,2011-11-30 09:24:00,1,329.85,9,3,1,1,311
12955,2011-09-08 12:48:00,11,4757.16,91,2,3,3,233
12956,2011-02-06 16:08:00,1,108.07,305,1,1,1,111
12957,2011-09-29 12:01:00,8,4017.54,71,3,3,3,333
12962,2011-08-18 13:38:00,2,266.39,112,2,2,1,221
12963,2011-09-16 09:03:00,8,1856.63,84,3,3,3,333
12965,2011-09-11 15:31:00,1,771.91,88,2,1,2,212
12966,2011-11-30 12:38:00,1,160.18,8,3,1,1,311
12967,2010-12-03 09:49:00,2,1660.9,371,1,2,3,123
12968,2011-08-19 15:44:00,1,135.95,111,2,1,1,211
12970,2011-12-02 14:30:00,4,452.24,6,3,3,2,332
12971,2011-09-08 14:02:00,86,11189.91,91,2,3,3,233
12974,2011-05-26 09:33:00,1,144.8,197,1,1,1,111
12976,2011-05-12 09:55:00,1,738.6,211,1,1,2,112
12977,2011-07-06 16:40:00,1,39.24,155,2,1,1,211
12980,2011-07-05 09:34:00,9,7374.9,157,2,3,3,233
12981,2011-07-29 14:14:00,2,372.22,132,2,2,1,221
12982,2011-04-11 11:51:00,1,390.54,242,1,1,2,112
12984,2011-11-21 12:37:00,1,97.5,17,3,1,1,311
12985,2011-12-09 10:46:00,2,1239.38,0,3,2,3,323
12987,2011-09-27 12:03:00,2,558.7,73,3,2,2,322
12988,2011-02-20 14:31:00,1,535.32,291,1,1,2,112
12989,2011-09-12 15:43:00,15,6924.11,87,2,3,3,233
12990,2011-06-07 14:27:00,3,409.5,184,1,2,2,122
12991,2011-08-19 14:39:00,2,503.76,111,2,2,2,222
12993,2011-08-11 12:01:00,4,414.76,120,2,3,2,232
12994,2011-08-11 17:02:00,3,974.42,119,2,2,2,222
12995,2011-09-15 15:44:00,1,211.32,84,3,1,1,311
12997,2011-09-12 08:24:00,4,1226.89,88,2,3,3,233
12999,2011-05-27 13:24:00,3,455.88,195,1,2,2,122
13000,2011-08-25 10:43:00,3,534.85,106,2,2,2,222
13001,2011-07-04 16:08:00,13,9818.82,157,2,3,3,233
13002,2011-01-25 15:18:00,1,120.95,317,1,1,1,111
13003,2011-08-26 10:50:00,3,149.05,105,2,2,1,221
13004,2011-09-23 08:30:00,18,5655.91,77,3,3,3,333
13005,2011-06-19 10:53:00,2,513.7,173,1,2,2,122
13006,2011-10-14 13:49:00,1,81.57,55,3,1,1,311
13008,2011-01-20 14:24:00,1,229.47,322,1,1,1,111
13011,2010-12-02 17:22:00,1,50.55,371,1,1,1,111
13012,2011-09-22 16:53:00,8,1661.84,77,3,3,3,333
13013,2011-09-08 11:46:00,13,4810.94,92,2,3,3,233
13014,2011-09-26 10:35:00,10,3466.28,74,3,3,3,333
13015,2011-05-26 16:25:00,5,3346.28,196,1,3,3,133
13016,2011-09-27 14:08:00,3,789.89,72,3,2,2,322
13017,2011-12-02 15:53:00,1,204.0,6,3,1,1,311
13018,2011-09-08 12:01:00,28,7277.7,92,2,3,3,233
13021,2011-09-30 15:03:00,9,2616.38,69,3,3,3,333
13023,2011-08-02 09:34:00,2,689.9,129,2,2,2,222
13026,2011-09-08 10:01:00,5,975.36,92,2,3,2,232
13027,2011-08-18 09:39:00,6,6912.0,113,2,3,3,233
13028,2011-11-17 11:10:00,2,661.32,22,3,2,2,322
13029,2011-07-24 11:37:00,3,1247.5,138,2,2,3,223
13030,2010-12-06 14:31:00,2,799.48,367,1,2,2,122
13032,2011-09-13 16:40:00,2,1010.18,86,2,2,2,222
13033,2010-12-17 14:23:00,1,190.55,356,1,1,1,111
13034,2010-12-05 14:52:00,2,642.77,368,1,2,2,122
13035,2011-09-27 08:57:00,2,921.88,73,3,2,2,322
13037,2011-07-24 15:46:00,3,881.07,137,2,2,2,222
13038,2011-09-20 14:37:00,3,908.46,79,3,2,2,322
13040,2011-12-01 10:38:00,2,676.99,8,3,2,2,322
13043,2011-03-11 14:52:00,1,516.42,272,1,1,2,112
13044,2011-02-21 15:20:00,1,560.47,290,1,1,2,112
13045,2011-09-01 15:04:00,1,305.28,98,2,1,1,211
13046,2011-03-18 15:43:00,2,629.31,265,1,2,2,122
13047,2011-08-04 17:58:00,10,3237.54,126,2,3,3,233
13048,2011-08-18 11:23:00,4,1835.91,113,2,3,3,233
13049,2011-10-06 15:31:00,2,656.68,63,3,2,2,322
13050,2011-08-25 14:21:00,17,5836.86,105,2,3,3,233
13052,2011-05-11 14:12:00,1,348.15,211,1,1,1,111
13055,2011-09-22 14:26:00,3,1214.41,77,3,2,3,323
13058,2011-07-11 12:01:00,3,271.4,151,2,2,1,221
13059,2011-04-04 10:40:00,1,183.4,249,1,1,1,111
13060,2011-03-31 11:37:00,1,307.53,253,1,1,1,111
13061,2011-09-28 16:04:00,1,248.61,71,3,1,1,311
13062,2011-06-01 15:12:00,1,346.98,190,1,1,1,111
13064,2011-09-12 13:56:00,4,1119.49,87,2,3,2,232
13065,2010-12-01 16:52:00,1,205.86,372,1,1,1,111
13066,2011-11-07 17:06:00,2,470.8,31,3,2,2,322
13067,2011-09-18 13:38:00,1,115.46,81,3,1,1,311
13068,2011-11-29 15:00:00,2,344.0,9,3,2,1,321
13069,2011-09-01 11:48:00,24,4436.12,99,2,3,3,233
13070,2011-05-31 13:45:00,1,228.8,191,1,1,1,111
13072,2011-03-18 08:12:00,1,177.15,266,1,1,1,111
13075,2011-08-02 10:19:00,1,919.61,129,2,1,2,212
13077,2011-02-22 16:19:00,4,729.27,289,1,3,2,132
13078,2011-09-18 12:15:00,26,12627.94,82,3,3,3,333
13079,2011-09-09 15:25:00,5,220.1,90,2,3,1,231
13080,2011-06-13 14:59:00,1,58.08,178,1,1,1,111
13081,2011-07-19 11:47:00,11,28337.38,143,2,3,3,233
13082,2011-08-05 16:16:00,9,3613.63,125,2,3,3,233
13083,2011-09-25 10:46:00,2,303.75,75,3,2,1,321
13085,2011-07-05 12:11:00,2,416.08,157,2,2,2,222
13089,2011-09-30 10:19:00,97,58825.83,70,3,3,3,333
13090,2011-07-26 14:51:00,14,8910.82,135,2,3,3,233
13091,2011-11-11 15:54:00,1,345.82,27,3,1,1,311
13092,2011-09-30 11:18:00,5,477.83,70,3,3,2,332
13093,2011-03-09 12:14:00,8,7832.47,275,1,3,3,133
13094,2011-09-20 14:57:00,12,1927.32,79,3,3,3,333
13095,2011-09-30 12:03:00,1,74.4,70,3,1,1,311
13097,2011-09-23 12:58:00,10,6010.42,76,3,3,3,333
13098,2011-09-06 15:34:00,28,28882.44,93,2,3,3,233
13099,2011-09-01 17:40:00,1,207.36,98,2,1,1,211
13101,2011-04-19 14:37:00,1,101.19,233,1,1,1,111
13102,2011-09-19 14:43:00,24,6424.09,80,3,3,3,333
13103,2011-10-31 09:38:00,1,243.94,39,3,1,1,311
13104,2011-09-15 11:20:00,6,1098.48,85,2,3,2,232
13106,2011-07-29 15:12:00,1,76.5,132,2,1,1,211
13107,2011-09-15 09:41:00,4,1531.62,85,2,3,3,233
13108,2010-12-02 10:35:00,1,350.06,372,1,1,1,111
13109,2011-07-05 14:56:00,2,786.54,156,2,2,2,222
13110,2011-07-25 16:20:00,7,1488.67,136,2,3,3,233
13113,2011-08-09 12:00:00,24,12245.96,122,2,3,3,233
13115,2011-06-08 16:15:00,4,2294.78,183,1,3,3,133
13116,2011-07-24 14:33:00,1,501.14,137,2,1,2,212
13117,2011-08-10 10:09:00,8,984.91,121,2,3,2,232
13118,2011-05-15 13:22:00,5,1197.81,207,1,3,3,133
13120,2011-04-15 10:19:00,1,30.6,238,1,1,1,111
13121,2011-03-15 16:47:00,1,283.73,268,1,1,1,111
13122,2011-09-06 15:53:00,2,922.39,93,2,2,2,222
13124,2011-09-11 12:45:00,3,3866.33,88,2,2,3,223
13126,2011-09-28 10:29:00,8,2099.64,72,3,3,3,333
13127,2011-09-23 10:26:00,1,259.17,77,3,1,1,311
13130,2011-09-06 15:30:00,1,64.0,93,2,1,1,211
13131,2011-09-29 17:16:00,3,1073.3,70,3,2,2,322
13132,2011-03-23 12:44:00,1,77.3,260,1,1,1,111
13133,2011-03-11 10:31:00,2,109.8,273,1,2,1,121
13134,2011-09-15 10:35:00,4,1793.58,85,2,3,3,233
13135,2011-05-27 10:52:00,1,3096.0,196,1,1,3,113
13136,2011-09-13 11:39:00,5,2607.61,87,2,3,3,233
13137,2011-09-08 12:42:00,8,3650.41,91,2,3,3,233
13138,2011-09-20 15:31:00,6,962.39,79,3,3,2,332
13139,2011-09-28 13:13:00,7,5064.94,71,3,3,3,333
13140,2011-08-23 15:33:00,3,423.72,107,2,2,2,222
13141,2011-09-16 09:54:00,5,2388.75,84,3,3,3,333
13142,2011-11-20 16:07:00,1,307.09,18,3,1,1,311
13144,2011-01-11 11:15:00,1,110.95,332,1,1,1,111
13145,2011-09-09 10:10:00,4,618.52,91,2,3,2,232
13146,2011-11-13 15:29:00,1,228.91,25,3,1,1,311
13147,2011-09-01 12:28:00,4,712.8,98,2,3,2,232
13148,2011-07-03 12:36:00,12,3707.12,158,1,3,3,133
13149,2011-08-25 13:40:00,4,1676.06,105,2,3,3,233
13151,2011-02-17 12:29:00,1,1257.87,294,1,1,3,113
13153,2011-12-04 12:14:00,1,486.22,5,3,1,2,312
13155,2011-09-21 10:27:00,4,971.76,79,3,3,2,332
13157,2011-07-21 14:34:00,4,1741.22,140,2,3,3,233
13158,2011-09-06 11:58:00,4,1201.06,94,2,3,3,233
13159,2011-08-25 15:12:00,4,1437.85,105,2,3,3,233
13160,2011-11-17 13:07:00,1,91.8,21,3,1,1,311
13161,2011-01-30 14:03:00,1,112.75,312,1,1,1,111
13162,2011-08-09 15:59:00,4,1688.29,121,2,3,3,233
13165,2010-12-23 14:06:00,2,1021.48,350,1,2,2,122
13166,2011-03-01 15:16:00,1,417.2,282,1,1,2,112
13167,2011-08-01 12:12:00,4,791.33,130,2,3,2,232
13168,2011-05-24 13:56:00,4,1319.19,198,1,3,3,133
13169,2011-04-01 14:24:00,2,712.88,251,1,2,2,122
13170,2011-11-13 12:19:00,1,116.01,25,3,1,1,311
13171,2011-02-13 14:16:00,3,468.41,298,1,2,2,122
13173,2010-12-07 14:30:00,2,353.65,366,1,2,1,121
13174,2010-12-05 16:24:00,3,2817.03,368,1,2,3,123
13176,2011-10-24 15:43:00,1,492.84,45,3,1,2,312
13177,2011-10-06 09:56:00,1,282.45,64,3,1,1,311
13178,2011-09-27 13:21:00,11,5725.47,72,3,3,3,333
13182,2011-10-25 13:46:00,1,121.18,44,3,1,1,311
13183,2011-09-14 10:42:00,9,3957.78,86,2,3,3,233
13184,2011-08-01 11:12:00,10,1701.29,130,2,3,3,233
13185,2011-03-17 11:56:00,1,71.4,267,1,1,1,111
13186,2011-09-07 11:46:00,3,1575.89,93,2,2,3,223
13187,2011-01-06 18:57:00,1,236.02,336,1,1,1,111
13188,2011-11-28 15:28:00,1,114.6,10,3,1,1,311
13189,2011-08-16 13:12:00,2,260.68,114,2,2,1,221
13192,2011-09-05 14:13:00,2,911.94,94,2,2,2,222
13193,2011-10-09 14:30:00,1,117.88,60,3,1,1,311
13194,2011-07-27 09:01:00,1,60.7,135,2,1,1,211
13196,2011-09-16 12:48:00,4,1797.78,83,3,3,3,333
13198,2011-08-11 12:48:00,6,3401.24,119,2,3,3,233
13199,2011-09-08 14:53:00,38,9817.12,91,2,3,3,233
13200,2011-09-26 14:00:00,4,870.09,73,3,3,2,332
13203,2011-08-11 10:29:00,4,869.46,120,2,3,2,232
13207,2011-07-12 11:35:00,2,250.26,150,2,2,1,221
13208,2011-07-07 14:18:00,6,1223.9,154,2,3,3,233
13209,2011-08-03 12:10:00,8,5891.61,128,2,3,3,233
13210,2011-09-07 08:18:00,1,353.48,93,2,1,1,211
13211,2011-09-05 17:36:00,3,1197.42,94,2,2,3,223
13212,2011-11-20 12:40:00,3,788.08,18,3,2,2,322
13213,2011-08-03 13:06:00,5,1520.58,127,2,3,3,233
13216,2011-03-17 12:18:00,1,333.74,266,1,1,1,111
13217,2011-08-09 15:32:00,3,533.98,121,2,2,2,222
13218,2011-08-04 16:59:00,1,62.64,126,2,1,1,211
13220,2011-09-22 13:38:00,4,819.29,77,3,3,2,332
13221,2011-04-13 16:58:00,2,847.41,239,1,2,2,122
13223,2011-05-23 13:03:00,2,163.2,199,1,2,1,121
13224,2011-07-11 14:10:00,2,2155.95,150,2,2,3,223
13225,2011-07-19 16:36:00,7,6463.84,142,2,3,3,233
13226,2011-03-11 14:35:00,1,108.21,272,1,1,1,111
13227,2011-05-22 11:47:00,1,257.7,201,1,1,1,111
13228,2011-09-19 14:28:00,1,358.0,80,3,1,1,311
13229,2011-04-28 12:07:00,1,160.95,225,1,1,1,111
13230,2011-07-24 16:18:00,14,2806.97,137,2,3,3,233
13232,2011-09-02 13:18:00,7,1357.6,97,2,3,3,233
13233,2011-09-26 13:25:00,2,605.12,73,3,2,2,322
13235,2011-05-11 17:13:00,1,1031.07,211,1,1,2,112
13236,2011-08-25 08:58:00,2,744.85,106,2,2,2,222
13238,2011-06-29 12:12:00,4,700.73,163,1,3,2,132
13239,2011-03-23 10:25:00,1,329.56,261,1,1,1,111
13240,2011-09-04 14:08:00,4,663.65,95,2,3,2,232
13242,2011-08-19 12:53:00,3,270.4,111,2,2,1,221
13243,2011-05-20 13:14:00,1,600.07,202,1,1,2,112
13244,2011-09-08 11:46:00,1,121.74,92,2,1,1,211
13245,2011-10-20 11:40:00,1,430.5,50,3,1,2,312
13246,2011-06-16 12:51:00,6,1987.3,175,1,3,3,133
13247,2011-09-18 11:31:00,4,501.12,82,3,3,2,332
13248,2011-08-07 12:40:00,2,465.68,123,2,2,2,222
13249,2011-09-08 13:26:00,3,711.41,91,2,2,2,222
13253,2011-07-06 10:09:00,2,1030.4,156,2,2,2,222
13255,2010-12-01 11:58:00,2,399.51,373,1,2,2,122
13256,2011-11-25 15:57:00,1,0.0,13,3,1,1,311
13258,2011-05-18 13:11:00,3,698.58,204,1,2,2,122
13259,2011-10-09 10:48:00,1,292.32,61,3,1,1,311
13260,2011-10-09 13:21:00,1,557.62,60,3,1,2,312
13261,2011-03-16 12:22:00,2,944.1,267,1,2,2,122
13262,2011-03-21 15:06:00,1,200.29,262,1,1,1,111
13263,2011-09-30 10:45:00,35,7454.07,70,3,3,3,333
13265,2011-09-12 09:36:00,5,2107.66,88,2,3,3,233
13266,2011-09-25 11:28:00,12,3834.26,75,3,3,3,333
13267,2011-09-08 15:36:00,19,4521.49,91,2,3,3,233
13268,2011-09-16 11:27:00,11,3214.69,84,3,3,3,333
13269,2011-09-12 12:45:00,15,5346.23,87,2,3,3,233
13270,2010-12-08 14:53:00,1,590.0,365,1,1,2,112
13271,2011-11-02 14:31:00,1,217.38,36,3,1,1,311
13272,2011-09-11 12:06:00,2,276.56,89,2,2,1,221
13273,2011-08-18 14:02:00,1,138.98,112,2,1,1,211
13276,2011-09-01 10:03:00,2,590.93,99,2,2,2,222
13277,2011-08-15 14:50:00,4,258.4,115,2,3,1,231
13278,2011-10-30 11:49:00,1,542.73,40,3,1,2,312
13279,2011-09-22 17:24:00,1,137.75,77,3,1,1,311
13280,2011-08-09 13:14:00,3,814.86,121,2,2,2,222
13282,2011-06-30 13:17:00,3,1132.14,161,1,2,2,122
13283,2011-06-07 12:39:00,2,93.66,184,1,2,1,121
13284,2011-01-13 09:23:00,1,201.19,330,1,1,1,111
13285,2011-07-01 14:53:00,4,2709.12,160,1,3,3,133
13291,2011-07-07 10:36:00,1,361.11,155,2,1,1,211
13292,2011-02-28 15:00:00,2,578.94,283,1,2,2,122
13294,2011-06-03 08:54:00,2,873.74,189,1,2,2,122
13295,2010-12-15 11:21:00,1,201.2,359,1,1,1,111
13296,2011-07-25 13:46:00,1,87.4,136,2,1,1,211
13297,2011-12-02 09:32:00,4,2089.85,7,3,3,3,333
13298,2011-12-08 13:11:00,1,360.0,0,3,1,1,311
13299,2011-03-16 12:55:00,1,142.5,267,1,1,1,111
13300,2011-06-23 13:09:00,1,371.89,168,1,1,1,111
13301,2011-08-28 11:25:00,4,618.09,103,2,3,2,232
13302,2011-07-07 17:56:00,1,63.75,154,2,1,1,211
13304,2010-12-23 14:35:00,1,300.42,350,1,1,1,111
13305,2011-09-08 10:02:00,10,2000.86,92,2,3,3,233
13307,2011-08-11 17:14:00,1,15.0,119,2,1,1,211
13308,2011-05-20 13:13:00,3,1385.51,202,1,2,3,123
13309,2011-09-12 14:15:00,5,1456.79,87,2,3,3,233
13310,2011-05-17 13:26:00,3,1132.03,205,1,2,2,122
13311,2011-07-12 14:26:00,2,598.57,149,2,2,2,222
13313,2011-07-21 18:19:00,5,1555.32,140,2,3,3,233
13314,2011-09-27 10:20:00,3,775.94,73,3,2,2,322
13316,2011-09-21 12:14:00,4,5977.73,79,3,3,3,333
13317,2011-05-25 10:35:00,6,2273.68,198,1,3,3,133
13318,2011-12-08 18:51:00,3,640.76,0,3,2,2,322
13319,2011-09-09 10:24:00,26,10845.55,91,2,3,3,233
13320,2011-09-22 18:07:00,4,1548.7,77,3,3,3,333
13321,2011-09-28 15:24:00,2,567.36,71,3,2,2,322
13322,2011-11-22 14:21:00,1,199.48,16,3,1,1,311
13323,2011-09-16 13:23:00,5,787.85,83,3,3,2,332
13324,2011-09-11 12:34:00,10,7121.95,88,2,3,3,233
13325,2011-09-19 10:36:00,1,675.3,81,3,1,2,312
13327,2011-08-19 11:55:00,8,3627.77,112,2,3,3,233
13328,2011-01-27 15:22:00,1,1308.48,315,1,1,3,113
13329,2010-12-08 10:11:00,2,789.0,366,1,2,2,122
13330,2011-09-08 12:27:00,3,1140.93,91,2,2,2,222
13332,2011-11-25 13:30:00,1,350.9,13,3,1,1,311
13334,2011-09-18 15:21:00,3,3536.82,81,3,2,3,323
13336,2011-09-23 14:05:00,1,795.12,76,3,1,2,312
13338,2011-07-05 09:06:00,1,487.02,157,2,1,2,212
13339,2011-05-23 08:31:00,1,860.12,200,1,1,2,112
13340,2011-08-26 09:55:00,7,10736.48,105,2,3,3,233
13341,2011-03-24 09:50:00,1,775.85,260,1,1,2,112
13343,2011-06-15 12:24:00,1,353.43,176,1,1,1,111
13344,2011-03-07 10:28:00,3,2543.72,277,1,2,3,123
13345,2011-02-25 09:01:00,1,389.5,287,1,1,2,112
13347,2011-09-30 13:28:00,1,341.36,69,3,1,1,311
13348,2011-10-06 17:28:00,1,233.76,63,3,1,1,311
13349,2011-11-29 08:07:00,1,247.32,10,3,1,1,311
13350,2011-09-21 13:33:00,2,979.12,78,3,2,2,322
13351,2011-10-04 12:55:00,1,373.94,65,3,1,1,311
13352,2011-10-10 13:55:00,1,397.98,59,3,1,2,312
13354,2011-09-29 13:17:00,1,743.53,70,3,1,2,312
13355,2011-08-09 14:48:00,1,674.7,121,2,1,2,212
13356,2011-09-20 14:33:00,1,768.24,79,3,1,2,312
13357,2011-03-27 13:56:00,1,609.95,256,1,1,2,112
13358,2011-03-16 11:52:00,1,439.03,268,1,1,2,112
13359,2011-10-07 09:30:00,1,439.56,63,3,1,2,312
13362,2011-04-08 08:21:00,4,3090.74,245,1,3,3,133
13363,2011-11-22 12:40:00,2,992.5,16,3,2,2,322
13364,2011-09-29 18:13:00,1,134.96,70,3,1,1,311
13365,2011-05-06 12:00:00,2,2225.37,217,1,2,3,123
13366,2011-10-20 13:37:00,1,56.16,49,3,1,1,311
13368,2011-03-28 09:59:00,2,623.4,256,1,2,2,122
13369,2010-12-09 11:30:00,1,308.28,365,1,1,1,111
13370,2010-12-03 10:26:00,1,754.87,371,1,1,2,112
13372,2011-09-11 12:46:00,1,378.64,88,2,1,1,211
13373,2011-07-04 12:19:00,3,3312.25,157,2,2,3,223
13375,2011-09-12 10:19:00,1,778.65,88,2,1,2,212
13376,2011-09-01 16:16:00,3,1019.76,98,2,2,2,222
13379,2011-07-26 12:26:00,3,572.56,135,2,2,2,222
13381,2011-09-11 15:35:00,6,3639.31,88,2,3,3,233
13382,2011-03-04 10:03:00,1,222.99,280,1,1,1,111
13384,2011-09-27 11:35:00,7,4151.93,73,3,3,3,333
13385,2011-01-14 09:52:00,1,534.57,329,1,1,2,112
13388,2011-07-31 12:52:00,2,677.1,130,2,2,2,222
13389,2011-09-26 09:52:00,3,797.96,74,3,2,2,322
13390,2011-09-26 08:38:00,1,544.08,74,3,1,2,312
13391,2011-05-20 10:50:00,1,59.8,203,1,1,1,111
13394,2011-09-22 16:20:00,8,2520.02,77,3,3,3,333
13395,2011-06-07 15:04:00,1,307.72,184,1,1,1,111
13396,2011-11-10 16:59:00,2,1360.99,28,3,2,3,323
13397,2011-09-28 10:56:00,5,1544.13,72,3,3,3,333
13398,2011-05-31 13:17:00,1,457.34,191,1,1,2,112
13402,2011-08-04 15:51:00,2,621.23,126,2,2,2,222
13403,2011-11-22 08:28:00,1,75.0,17,3,1,1,311
13404,2011-05-11 11:57:00,2,252.49,212,1,2,1,121
13405,2011-09-26 17:01:00,3,572.45,73,3,2,2,322
13408,2011-09-25 14:41:00,62,28117.04,74,3,3,3,333
13410,2011-09-26 11:39:00,5,1003.06,74,3,3,2,332
13411,2011-08-24 13:57:00,1,213.55,106,2,1,1,211
13414,2011-07-05 12:52:00,3,1390.5,156,2,2,3,223
13416,2011-09-19 14:43:00,2,712.5,80,3,2,2,322
13417,2011-05-18 16:26:00,2,640.83,204,1,2,2,122
13418,2011-09-02 09:43:00,18,6127.43,98,2,3,3,233
13419,2011-10-07 12:49:00,1,221.06,62,3,1,1,311
13420,2011-07-13 08:48:00,2,159.85,149,2,2,1,221
13421,2011-02-22 15:46:00,2,1851.08,289,1,2,3,123
13422,2011-10-06 13:42:00,1,2626.3,63,3,1,3,313
13425,2011-08-23 17:13:00,3,1624.21,107,2,2,3,223
13426,2011-09-11 11:59:00,10,3641.32,89,2,3,3,233
13427,2011-08-11 12:53:00,3,582.6,119,2,2,2,222
13428,2011-11-29 14:20:00,1,218.47,9,3,1,1,311
13429,2011-09-25 15:59:00,4,1006.8,74,3,3,2,332
13430,2011-09-14 14:26:00,2,679.45,85,2,2,2,222
13431,2011-09-12 11:25:00,2,1269.1,88,2,2,3,223
13434,2011-09-04 10:35:00,2,534.24,96,2,2,2,222
13435,2011-09-25 15:15:00,7,3809.89,74,3,3,3,333
13436,2011-12-08 10:33:00,1,196.89,1,3,1,1,311
13437,2011-09-01 18:20:00,7,3408.06,98,2,3,3,233
13439,2011-03-29 14:20:00,1,283.71,254,1,1,1,111
13441,2011-09-09 09:38:00,1,296.64,91,2,1,1,211
13447,2011-11-06 11:56:00,3,1129.14,33,3,2,2,322
13448,2011-09-20 12:53:00,6,3539.37,79,3,3,3,333
13449,2011-11-16 08:28:00,1,291.88,23,3,1,1,311
13450,2011-09-11 14:00:00,6,2043.72,88,2,3,3,233
13451,2011-08-05 16:43:00,5,2976.15,125,2,3,3,233
13452,2011-03-25 14:19:00,2,590.0,258,1,2,2,122
13453,2011-06-27 09:34:00,2,356.98,165,1,2,1,121
13455,2010-12-08 13:11:00,2,1058.34,365,1,2,2,122
13456,2011-07-07 13:52:00,6,1766.72,154,2,3,3,233
13458,2011-09-01 12:46:00,14,9646.57,98,2,3,3,233
13460,2011-11-10 17:17:00,2,183.44,28,3,2,1,321
13461,2011-07-24 11:32:00,3,1445.0,138,2,2,3,223
13462,2011-04-01 11:20:00,1,151.5,252,1,1,1,111
13464,2011-10-12 15:01:00,1,674.68,57,3,1,2,312
13466,2011-06-08 16:39:00,1,307.9,183,1,1,1,111
13467,2011-11-03 16:56:00,2,1083.71,35,3,2,2,322
13468,2011-09-08 10:52:00,37,5704.97,92,2,3,3,233
13470,2011-09-01 14:57:00,2,165.0,98,2,2,1,221
13471,2011-12-08 15:44:00,4,2531.58,0,3,3,3,333
13473,2011-10-10 11:20:00,2,422.64,60,3,2,2,322
13474,2011-04-17 13:53:00,1,229.59,235,1,1,1,111
13475,2011-06-01 13:52:00,4,1431.78,190,1,3,3,133
13476,2011-06-14 12:00:00,2,1238.47,178,1,2,3,123
13477,2011-07-24 13:17:00,6,1454.58,137,2,3,3,233
13479,2011-05-23 10:45:00,2,300.95,200,1,2,1,121
13481,2011-08-23 13:28:00,5,1804.56,107,2,3,3,233
13482,2011-04-21 17:03:00,1,184.64,231,1,1,1,111
13483,2011-10-05 11:53:00,1,140.34,65,3,1,1,311
13484,2011-04-12 16:30:00,1,313.8,240,1,1,1,111
13485,2011-04-20 13:58:00,1,454.24,232,1,1,2,112
13486,2011-09-22 13:13:00,3,1122.41,77,3,2,2,322
13487,2011-05-10 16:19:00,3,575.4,212,1,2,2,122
13488,2011-09-28 13:04:00,13,8968.31,71,3,3,3,333
13489,2011-08-26 13:16:00,4,449.52,104,2,3,2,232
13491,2011-07-15 09:00:00,10,1215.82,147,2,3,3,233
13492,2011-07-26 14:25:00,3,1269.84,135,2,2,3,223
13493,2011-03-09 15:35:00,2,618.63,274,1,2,2,122
13494,2011-02-01 11:58:00,1,316.26,311,1,1,1,111
13495,2011-04-21 15:15:00,5,2044.87,231,1,3,3,133
13496,2010-12-15 10:17:00,2,653.33,359,1,2,2,122
13497,2011-03-02 09:04:00,2,348.05,282,1,2,1,121
13499,2011-09-27 09:33:00,5,1159.11,73,3,3,2,332
13500,2011-08-09 12:20:00,3,1166.77,121,2,2,2,222
13501,2011-02-24 18:59:00,1,1340.32,287,1,1,3,113
13502,2011-03-10 08:40:00,3,292.0,274,1,2,1,121
13503,2011-09-29 13:23:00,1,216.85,70,3,1,1,311
13504,2011-10-06 13:20:00,1,295.93,63,3,1,1,311
13505,2011-09-28 11:56:00,4,4393.63,72,3,3,3,333
13506,2010-12-05 12:15:00,2,458.52,369,1,2,2,122
13507,2011-09-02 15:45:00,4,2479.16,97,2,3,3,233
13508,2011-04-10 11:58:00,1,110.97,243,1,1,1,111
13509,2011-09-01 08:25:00,7,979.72,99,2,3,2,232
13510,2011-09-05 14:11:00,4,1791.56,94,2,3,3,233
13512,2011-03-24 10:03:00,1,251.21,260,1,1,1,111
13513,2011-08-05 11:50:00,1,205.1,126,2,1,1,211
13514,2011-09-27 09:39:00,1,152.2,73,3,1,1,311
13515,2011-09-28 11:26:00,4,891.12,72,3,3,2,332
13516,2011-09-28 12:28:00,3,1389.41,71,3,2,3,323
13517,2011-08-25 11:40:00,3,2128.42,106,2,2,3,223
13518,2011-09-15 10:29:00,1,659.44,85,2,1,2,212
13519,2011-09-22 18:24:00,1,122.75,77,3,1,1,311
13520,2011-07-25 12:22:00,6,3624.35,136,2,3,3,233
13521,2011-12-08 13:50:00,3,1093.65,0,3,2,2,322
13522,2011-11-09 15:11:00,1,125.8,29,3,1,1,311
13523,2011-05-24 08:51:00,5,3964.88,199,1,3,3,133
13524,2011-09-19 12:29:00,5,680.18,80,3,3,2,332
13525,2011-04-05 15:36:00,2,628.78,247,1,2,2,122
13527,2011-09-11 12:15:00,7,2287.51,89,2,3,3,233
13529,2011-09-22 09:15:00,2,307.76,78,3,2,1,321
13531,2011-05-18 16:56:00,2,483.8,204,1,2,2,122
13532,2011-11-06 12:25:00,1,210.31,32,3,1,1,311
13533,2011-06-10 11:54:00,3,270.79,182,1,2,1,121
13534,2011-08-24 10:36:00,25,5870.08,107,2,3,3,233
13536,2011-09-25 13:30:00,7,3448.29,74,3,3,3,333
13538,2011-09-06 13:11:00,7,1280.85,93,2,3,3,233
13539,2011-09-15 10:18:00,3,631.34,85,2,2,2,222
13544,2011-04-13 12:09:00,2,291.41,240,1,2,1,121
13546,2011-05-23 12:14:00,3,626.99,200,1,2,2,122
13548,2011-09-04 14:50:00,2,682.41,95,2,2,2,222
13549,2011-07-20 13:21:00,7,918.2,141,2,3,2,232
13551,2011-01-24 14:46:00,1,91.8,318,1,1,1,111
13552,2011-09-14 11:54:00,12,3740.07,86,2,3,3,233
13555,2011-09-27 12:36:00,4,4149.28,72,3,3,3,333
13557,2011-03-04 12:14:00,2,584.06,280,1,2,2,122
13558,2011-12-04 11:24:00,4,605.06,5,3,3,2,332
13560,2011-12-02 13:11:00,1,174.37,6,3,1,1,311
13561,2011-05-08 12:39:00,1,141.86,214,1,1,1,111
13562,2011-09-19 10:51:00,3,1799.33,81,3,2,3,323
13563,2011-09-16 14:45:00,2,777.53,83,3,2,2,322
13564,2011-07-18 14:33:00,3,1749.02,143,2,2,3,223
13565,2011-11-20 14:33:00,2,240.22,18,3,2,1,321
13566,2011-09-18 12:40:00,2,874.71,81,3,2,2,322
13568,2011-06-19 14:42:00,1,192.85,172,1,1,1,111
13569,2010-12-07 12:29:00,2,373.75,366,1,2,1,121
13570,2011-04-10 13:36:00,1,239.49,242,1,1,1,111
13571,2011-09-08 11:27:00,12,2092.32,92,2,3,3,233
13572,2011-05-18 11:59:00,1,1384.25,205,1,1,3,113
13573,2011-03-31 14:47:00,2,294.4,252,1,2,1,121
13575,2011-09-30 09:20:00,5,732.07,70,3,3,2,332
13576,2011-09-04 12:07:00,18,6717.34,96,2,3,3,233
13577,2011-09-08 11:44:00,4,1687.6,92,2,3,3,233
13579,2010-12-05 16:10:00,2,467.04,368,1,2,2,122
13581,2011-02-03 14:41:00,1,118.0,308,1,1,1,111
13583,2011-07-07 10:40:00,1,781.03,155,2,1,2,212
13584,2011-02-06 12:49:00,1,142.4,305,1,1,1,111
13587,2011-10-07 12:31:00,1,712.4,62,3,1,2,312
13588,2011-09-14 09:21:00,9,2478.95,86,2,3,3,233
13589,2011-06-13 12:44:00,2,379.65,178,1,2,1,121
13590,2011-07-12 10:46:00,6,1981.92,150,2,3,3,233
13591,2011-05-19 13:58:00,3,1117.13,203,1,2,2,122
13592,2011-05-18 09:13:00,4,247.96,205,1,3,1,131
13593,2011-08-23 13:35:00,5,2037.08,107,2,3,3,233
13594,2011-10-18 10:19:00,1,396.97,52,3,1,2,312
13596,2011-12-04 12:01:00,2,697.04,5,3,2,2,322
13598,2011-10-23 14:28:00,1,180.17,46,3,1,1,311
13599,2011-09-16 09:24:00,21,5153.67,84,3,3,3,333
13600,2011-01-31 15:27:00,1,219.52,311,1,1,1,111
13601,2011-05-12 16:52:00,2,693.32,210,1,2,2,122
13602,2011-10-06 11:47:00,1,428.89,64,3,1,2,312
13603,2011-11-13 15:57:00,1,164.34,25,3,1,1,311
13606,2011-04-10 12:52:00,3,280.54,242,1,2,1,121
13607,2011-10-30 16:17:00,1,678.01,39,3,1,2,312
13610,2011-08-21 14:42:00,7,1131.88,109,2,3,2,232
13611,2011-09-11 14:51:00,3,1171.8,88,2,2,2,222
13614,2011-09-11 14:05:00,4,1610.46,88,2,3,3,233
13615,2011-01-25 08:21:00,1,417.69,318,1,1,2,112
13617,2011-08-18 13:17:00,3,544.18,112,2,2,2,222
13618,2011-06-19 11:09:00,1,177.34,173,1,1,1,111
13621,2011-08-15 08:26:00,1,213.85,116,2,1,1,211
13623,2011-05-13 16:12:00,5,747.78,209,1,3,2,132
13626,2011-04-01 10:05:00,1,257.23,252,1,1,1,111
13627,2011-09-21 12:55:00,5,1638.47,78,3,3,3,333
13629,2011-09-01 18:54:00,11,7792.36,98,2,3,3,233
13630,2011-09-25 10:30:00,7,2031.78,75,3,3,3,333
13631,2011-09-01 09:57:00,11,3070.42,99,2,3,3,233
13632,2011-06-19 12:23:00,5,2121.27,172,1,3,3,133
13634,2011-09-14 12:42:00,5,1575.16,85,2,3,3,233
13635,2011-10-03 10:55:00,1,1071.03,67,3,1,2,312
13636,2011-08-09 14:56:00,5,949.12,121,2,3,2,232
13637,2011-06-05 13:24:00,3,810.5,186,1,2,2,122
13638,2011-11-24 10:38:00,1,122.64,15,3,1,1,311
13639,2011-09-26 13:36:00,1,1033.34,73,3,1,2,312
13642,2011-05-08 12:34:00,1,354.8,214,1,1,1,111
13643,2011-09-02 10:42:00,3,519.44,98,2,2,2,222
13644,2011-09-27 10:27:00,4,2624.26,73,3,3,3,333
13645,2011-08-11 16:11:00,1,252.1,119,2,1,1,211
13647,2011-09-29 13:21:00,4,1678.12,70,3,3,3,333
13649,2011-03-28 11:51:00,2,346.6,256,1,2,1,121
13650,2011-09-12 12:45:00,6,1836.34,87,2,3,3,233
13651,2011-11-04 14:59:00,2,94.2,34,3,2,1,321
13652,2011-03-28 09:21:00,3,1095.08,256,1,2,2,122
13654,2011-07-17 13:29:00,6,2707.33,144,2,3,3,233
13655,2011-08-17 14:25:00,2,932.97,113,2,2,2,222
13656,2011-06-28 10:31:00,2,379.65,164,1,2,1,121
13657,2011-05-22 12:35:00,2,382.14,200,1,2,1,121
13658,2011-09-15 13:21:00,5,2639.17,84,3,3,3,333
13659,2011-05-18 12:37:00,2,1573.2,204,1,2,3,123
13662,2011-09-15 12:04:00,3,897.76,85,2,2,2,222
13663,2011-06-13 15:44:00,1,189.47,178,1,1,1,111
13666,2011-02-25 13:08:00,3,84.65,286,1,2,1,121
13667,2011-07-13 15:42:00,1,305.02,148,2,1,1,211
13668,2011-08-18 12:53:00,21,6363.59,112,2,3,3,233
13669,2011-07-13 11:44:00,2,218.55,149,2,2,1,221
13670,2011-09-25 15:25:00,1,349.7,74,3,1,1,311
13672,2011-02-11 13:53:00,2,186.39,300,1,2,1,121
13673,2011-11-07 15:40:00,2,396.92,31,3,2,2,322
13675,2011-07-11 12:57:00,2,486.82,150,2,2,2,222
13678,2011-07-11 10:14:00,1,232.6,151,2,1,1,211
13680,2011-12-08 13:47:00,4,3722.42,0,3,3,3,333
13681,2011-07-07 15:21:00,4,827.83,154,2,3,2,232
13682,2011-06-05 14:06:00,1,59.5,186,1,1,1,111
13684,2011-02-27 10:13:00,1,67.23,285,1,1,1,111
13685,2011-12-07 11:41:00,7,3119.44,2,3,3,3,333
13686,2011-06-10 09:10:00,1,72.0,182,1,1,1,111
13689,2011-10-07 13:21:00,1,910.0,62,3,1,2,312
13690,2011-10-11 15:03:00,1,172.25,58,3,1,1,311
13692,2011-05-10 10:11:00,3,1488.32,213,1,2,3,123
13694,2011-09-29 10:22:00,50,65039.62,71,3,3,3,333
13695,2011-09-02 14:09:00,15,2504.13,97,2,3,3,233
13697,2011-11-01 09:14:00,1,151.3,38,3,1,1,311
13699,2011-07-07 16:51:00,1,308.58,154,2,1,1,211
13700,2011-09-08 12:05:00,10,2265.12,92,2,3,3,233
13703,2011-01-25 13:10:00,1,99.5,317,1,1,1,111
13704,2011-09-27 10:04:00,9,2308.06,73,3,3,3,333
13705,2011-07-18 09:15:00,3,711.86,144,2,2,2,222
13706,2011-02-10 09:21:00,1,330.79,302,1,1,1,111
13707,2011-03-17 18:03:00,2,806.41,266,1,2,2,122
13708,2011-03-13 13:46:00,1,296.88,270,1,1,1,111
13709,2011-08-04 14:30:00,13,6328.05,126,2,3,3,233
13710,2011-11-08 08:16:00,1,180.48,31,3,1,1,311
13711,2011-05-05 10:31:00,2,252.06,218,1,2,1,121
13712,2011-04-07 12:33:00,1,228.84,245,1,1,1,111
13715,2011-03-03 19:21:00,5,1079.34,280,1,3,2,132
13716,2011-03-15 13:49:00,1,138.28,268,1,1,1,111
13717,2011-08-03 08:21:00,6,1445.01,128,2,3,3,233
13718,2011-04-07 13:24:00,2,306.55,245,1,2,1,121
13719,2011-05-18 12:52:00,5,1041.68,204,1,3,2,132
13720,2011-08-15 12:46:00,4,799.9,115,2,3,2,232
13721,2011-11-03 14:05:00,1,524.14,35,3,1,2,312
13722,2011-07-31 12:44:00,3,2375.41,130,2,2,3,223
13723,2011-05-06 17:04:00,1,199.85,216,1,1,1,111
13725,2011-06-23 16:02:00,8,1980.56,168,1,3,3,133
13726,2011-08-31 11:06:00,2,1079.66,100,2,2,2,222
13727,2011-11-06 12:16:00,2,333.48,33,3,2,1,321
13728,2011-08-24 12:54:00,6,1016.14,106,2,3,2,232
13730,2011-07-27 08:35:00,2,752.6,135,2,2,2,222
13731,2011-05-04 14:33:00,2,610.59,218,1,2,2,122
13732,2011-11-11 15:49:00,1,491.86,27,3,1,2,312
13735,2011-06-17 11:07:00,4,2885.24,175,1,3,3,133
13736,2011-03-24 13:04:00,2,731.9,259,1,2,2,122
13737,2011-05-23 16:32:00,1,339.6,199,1,1,1,111
13739,2011-11-21 13:35:00,1,216.9,17,3,1,1,311
13740,2011-04-13 10:32:00,1,350.75,240,1,1,1,111
13741,2011-09-29 09:19:00,3,668.43,71,3,2,2,322
13742,2011-09-11 11:24:00,12,3131.02,89,2,3,3,233
13743,2011-09-12 12:19:00,7,1341.6,87,2,3,3,233
13744,2011-09-05 15:19:00,2,1156.36,94,2,2,2,222
13745,2011-06-30 16:43:00,1,300.04,161,1,1,1,111
13747,2010-12-01 10:37:00,1,79.6,373,1,1,1,111
13748,2011-09-05 09:45:00,5,948.25,95,2,3,2,232
13750,2011-07-22 14:39:00,5,1647.26,139,2,3,3,233
13751,2011-02-24 15:56:00,1,296.25,287,1,1,1,111
13752,2011-08-07 14:16:00,6,1186.28,123,2,3,2,232
13753,2011-02-25 12:48:00,1,741.26,286,1,1,2,112
13754,2011-07-11 11:51:00,2,282.6,151,2,2,1,221
13755,2011-12-06 12:26:00,9,2161.35,2,3,3,3,333
13756,2011-09-07 13:19:00,14,5189.52,92,2,3,3,233
13758,2011-05-22 15:12:00,7,3190.55,200,1,3,3,133
13759,2011-09-29 15:40:00,2,659.41,70,3,2,2,322
13760,2011-03-28 12:52:00,2,286.79,255,1,2,1,121
13761,2011-06-13 08:43:00,2,1070.65,179,1,2,2,122
13762,2011-05-05 09:15:00,1,306.72,218,1,1,1,111
13763,2011-10-07 15:13:00,1,1714.96,62,3,1,3,313
13764,2011-09-30 12:03:00,3,1521.76,70,3,2,3,323
13767,2011-09-20 09:54:00,37,17220.36,80,3,3,3,333
13769,2011-09-08 13:55:00,10,2796.51,91,2,3,3,233
13771,2011-05-24 12:57:00,4,2634.45,198,1,3,3,133
13772,2011-09-04 11:22:00,3,1132.13,96,2,2,2,222
13774,2011-09-19 12:06:00,1,345.0,81,3,1,1,311
13777,2011-09-23 09:14:00,33,25977.16,77,3,3,3,333
13778,2011-08-28 15:25:00,1,178.7,102,2,1,1,211
13780,2011-06-22 11:43:00,2,360.01,170,1,2,1,121
13781,2011-04-03 12:08:00,1,127.84,250,1,1,1,111
13782,2011-08-07 12:21:00,6,912.0,123,2,3,2,232
13784,2011-09-06 12:27:00,11,2462.79,93,2,3,3,233
13786,2010-12-07 13:53:00,1,230.4,366,1,1,1,111
13787,2011-09-25 12:06:00,2,309.04,75,3,2,1,321
13790,2011-12-05 15:48:00,1,348.8,3,3,1,1,311
13791,2011-08-04 11:44:00,2,1516.0,127,2,2,3,223
13792,2011-02-25 14:03:00,2,195.55,286,1,2,1,121
13798,2011-09-07 15:34:00,57,37153.85,92,2,3,3,233
13799,2011-08-15 12:07:00,2,688.86,116,2,2,2,222
13800,2011-02-03 12:27:00,1,558.32,308,1,1,2,112
13801,2011-10-04 10:15:00,1,324.8,66,3,1,1,311
13802,2011-07-24 10:54:00,3,4599.42,138,2,2,3,223
13803,2011-03-29 12:57:00,1,277.07,254,1,1,1,111
13804,2011-09-04 10:59:00,7,2635.79,96,2,3,3,233
13805,2011-08-02 15:29:00,2,924.6,128,2,2,2,222
13806,2011-10-07 11:43:00,1,256.38,63,3,1,1,311
13807,2010-12-07 15:48:00,1,112.6,366,1,1,1,111
13808,2011-09-07 12:10:00,5,1747.66,93,2,3,3,233
13809,2011-02-07 13:15:00,1,155.05,304,1,1,1,111
13810,2011-11-11 08:33:00,3,1499.01,28,3,2,3,323
13811,2011-06-09 09:54:00,3,814.5,183,1,2,2,122
13812,2011-08-26 12:54:00,3,539.0,104,2,2,2,222
13813,2011-09-30 09:22:00,4,1366.86,70,3,3,3,333
13814,2011-09-08 13:48:00,2,1579.12,91,2,2,3,223
13815,2011-06-20 13:08:00,4,4027.36,171,1,3,3,133
13816,2011-11-16 08:38:00,2,571.67,23,3,2,2,322
13817,2010-12-23 11:46:00,2,382.98,351,1,2,1,121
13819,2011-02-03 14:01:00,3,1140.35,308,1,2,2,122
13821,2011-07-18 09:49:00,2,385.64,144,2,2,1,221
13822,2011-12-04 12:13:00,2,632.0,5,3,2,2,322
13823,2011-09-09 10:42:00,2,957.66,91,2,2,2,222
13824,2011-07-27 09:22:00,5,1698.94,135,2,3,3,233
13826,2011-06-16 13:48:00,1,189.5,175,1,1,1,111
13827,2011-07-29 11:45:00,3,412.05,133,2,2,2,222
13828,2011-11-17 16:02:00,1,209.49,21,3,1,1,311
13831,2011-09-13 09:07:00,6,2202.99,87,2,3,3,233
13832,2011-11-20 15:36:00,1,52.2,18,3,1,1,311
13833,2011-07-03 13:27:00,1,384.8,158,1,1,1,111
13835,2011-07-07 15:16:00,4,834.57,154,2,3,2,232
13837,2011-05-12 12:10:00,2,271.24,211,1,2,1,121
13838,2011-08-14 10:52:00,4,691.73,117,2,3,2,232
13841,2011-04-01 12:10:00,1,85.0,252,1,1,1,111
13842,2011-09-28 14:56:00,9,3385.62,71,3,3,3,333
13844,2011-11-28 13:21:00,1,361.62,10,3,1,1,311
13845,2011-10-06 08:25:00,1,312.98,64,3,1,1,311
13846,2011-04-11 15:03:00,3,865.06,241,1,2,2,122
13848,2011-09-08 12:58:00,3,1255.0,91,2,2,3,223
13849,2011-06-22 10:11:00,2,1537.95,170,1,2,3,123
13850,2011-08-02 14:04:00,1,1595.48,128,2,1,3,213
13851,2011-09-05 12:36:00,3,2651.46,94,2,2,3,223
13853,2011-10-13 14:18:00,1,1090.14,56,3,1,2,312
13854,2011-09-08 14:35:00,25,8109.52,91,2,3,3,233
13856,2011-06-09 08:45:00,3,388.5,183,1,2,1,121
13858,2011-10-13 16:17:00,1,216.17,56,3,1,1,311
13859,2011-01-17 16:14:00,1,201.16,325,1,1,1,111
13860,2011-09-14 09:27:00,5,1245.9,86,2,3,3,233
13862,2011-09-28 09:15:00,8,2209.36,72,3,3,3,333
13863,2011-04-06 10:20:00,1,305.78,247,1,1,1,111
13865,2011-07-26 11:24:00,4,501.56,136,2,3,2,232
13866,2011-09-26 14:54:00,1,145.67,73,3,1,1,311
13867,2011-09-26 12:23:00,3,1015.29,73,3,2,2,322
13868,2011-12-02 16:32:00,2,3192.54,6,3,2,3,323
13869,2011-08-08 13:53:00,4,3104.95,122,2,3,3,233
13870,2011-08-30 11:32:00,8,2770.94,101,2,3,3,233
13871,2011-09-08 12:51:00,13,6403.25,91,2,3,3,233
13873,2011-08-12 10:08:00,3,389.6,119,2,2,2,222
13874,2010-12-16 18:20:00,1,540.45,357,1,1,2,112
13875,2011-07-29 09:11:00,5,1786.79,133,2,3,3,233
13876,2011-10-07 10:22:00,1,122.7,63,3,1,1,311
13877,2011-09-14 15:49:00,1,117.24,85,2,1,1,211
13878,2011-10-16 12:19:00,1,1281.53,53,3,1,3,313
13880,2011-09-13 09:49:00,13,3219.77,87,2,3,3,233
13881,2011-09-05 11:43:00,20,17159.52,95,2,3,3,233
13882,2011-12-07 11:16:00,5,1191.13,2,3,3,2,332
13883,2011-05-05 12:39:00,5,2674.48,217,1,3,3,133
13884,2011-09-11 13:58:00,5,787.6,88,2,3,2,232
13885,2011-06-03 15:07:00,2,506.8,188,1,2,2,122
13886,2011-09-29 13:17:00,1,243.56,70,3,1,1,311
13887,2011-05-19 17:22:00,1,349.55,203,1,1,1,111
13888,2011-08-12 10:13:00,2,605.63,119,2,2,2,222
13889,2011-09-08 09:13:00,1,416.9,92,2,1,2,212
13890,2011-08-24 13:12:00,10,1883.81,106,2,3,3,233
13892,2011-04-07 12:04:00,4,632.97,246,1,3,2,132
13893,2011-02-15 11:30:00,1,821.1,297,1,1,2,112
13894,2011-02-02 12:54:00,3,564.62,309,1,2,2,122
13895,2011-07-19 14:03:00,4,2593.07,142,2,3,3,233
13897,2011-10-20 14:30:00,1,311.16,49,3,1,1,311
13898,2011-01-18 10:28:00,1,155.93,325,1,1,1,111
13899,2011-03-10 09:30:00,2,388.52,274,1,2,1,121
13900,2011-06-09 19:26:00,3,740.95,182,1,2,2,122
13901,2011-09-28 14:48:00,5,2867.2,71,3,3,3,333
13904,2011-02-18 11:18:00,2,332.64,294,1,2,1,121
13908,2011-09-21 11:49:00,4,2369.55,79,3,3,3,333
13911,2011-07-18 13:30:00,9,2580.91,143,2,3,3,233
13914,2011-11-03 16:28:00,2,626.45,35,3,2,2,322
13917,2011-06-01 12:46:00,2,272.04,190,1,2,1,121
13918,2011-03-31 18:05:00,2,1212.84,252,1,2,3,123
13919,2011-08-10 10:15:00,2,384.81,121,2,2,1,221
13922,2010-12-23 10:38:00,1,172.25,351,1,1,1,111
13923,2011-10-17 12:33:00,1,351.13,52,3,1,1,311
13924,2011-09-28 15:07:00,6,1838.85,71,3,3,3,333
13925,2011-09-08 12:47:00,4,678.25,91,2,3,2,232
13926,2011-11-16 13:16:00,1,223.85,22,3,1,1,311
13927,2011-09-26 12:00:00,1,348.99,74,3,1,1,311
13928,2011-08-25 12:13:00,4,464.57,106,2,3,2,232
13929,2011-06-23 15:26:00,2,842.65,168,1,2,2,122
13930,2011-07-26 11:00:00,2,337.34,136,2,2,1,221
13931,2011-09-05 10:12:00,2,1237.53,95,2,2,3,223
13932,2011-02-18 12:02:00,1,307.4,294,1,1,1,111
13933,2011-08-22 14:03:00,2,608.79,108,2,2,2,222
13934,2011-03-21 08:39:00,1,922.1,263,1,1,2,112
13936,2011-06-13 08:47:00,1,376.58,179,1,1,1,111
13937,2011-06-23 16:35:00,1,158.85,168,1,1,1,111
13938,2011-11-04 14:37:00,1,71.66,34,3,1,1,311
13939,2011-08-23 11:53:00,3,568.55,108,2,2,2,222
13940,2011-08-15 12:47:00,4,839.14,115,2,3,2,232
13941,2011-09-11 12:00:00,5,5112.96,89,2,3,3,233
13946,2011-09-21 13:33:00,3,561.57,78,3,2,2,322
13947,2011-10-05 14:42:00,1,90.6,64,3,1,1,311
13948,2010-12-14 10:18:00,1,102.0,360,1,1,1,111
13949,2011-09-06 11:55:00,6,2427.32,94,2,3,3,233
13950,2011-09-27 14:52:00,4,745.06,72,3,3,2,332
13951,2011-06-16 16:43:00,3,674.45,175,1,2,2,122
13952,2011-05-06 09:00:00,2,3251.07,217,1,2,3,123
13953,2011-08-16 10:03:00,7,3515.68,115,2,3,3,233
13954,2011-09-30 10:52:00,2,439.92,70,3,2,2,322
13955,2011-07-08 17:19:00,2,322.96,153,2,2,1,221
13956,2011-07-24 16:12:00,5,1026.42,137,2,3,2,232
13959,2011-09-21 15:06:00,3,598.2,78,3,2,2,322
13960,2011-09-29 12:39:00,2,230.22,70,3,2,1,321
13962,2011-04-08 11:21:00,2,169.55,245,1,2,1,121
13963,2011-02-04 14:43:00,4,664.54,307,1,3,2,132
13967,2011-07-17 12:02:00,1,80.7,145,2,1,1,211
13969,2011-08-04 16:31:00,18,9053.94,126,2,3,3,233
13971,2011-08-25 14:23:00,8,2758.26,105,2,3,3,233
13972,2011-09-30 11:54:00,2,190.25,70,3,2,1,321
13973,2011-02-25 15:21:00,1,264.7,286,1,1,1,111
13974,2011-10-21 14:41:00,1,413.59,48,3,1,2,312
13975,2011-08-03 13:39:00,6,2526.28,127,2,3,3,233
13976,2011-05-17 09:13:00,1,357.98,206,1,1,1,111
13978,2011-11-25 11:36:00,2,196.79,14,3,2,1,321
13979,2011-09-27 13:32:00,1,869.87,72,3,1,2,312
13980,2011-10-10 13:34:00,1,200.14,59,3,1,1,311
13982,2011-06-29 15:11:00,4,1871.81,162,1,3,3,133
13983,2011-09-12 11:41:00,12,2603.43,88,2,3,3,233
13984,2011-08-05 14:30:00,5,920.51,125,2,3,2,232
13985,2011-09-29 08:53:00,15,7060.13,71,3,3,3,333
13986,2011-11-22 15:00:00,1,320.46,16,3,1,1,311
13988,2011-09-28 10:54:00,6,4147.96,72,3,3,3,333
13989,2011-04-14 15:39:00,2,1266.08,238,1,2,3,123
13990,2011-05-10 15:19:00,1,311.3,212,1,1,1,111
13991,2011-09-25 13:47:00,6,855.97,74,3,3,2,332
13992,2011-11-09 15:23:00,1,76.8,29,3,1,1,311
13993,2011-09-11 12:16:00,9,3466.36,89,2,3,3,233
13994,2011-09-23 10:17:00,6,2313.14,77,3,3,3,333
13995,2011-08-16 09:00:00,5,1393.69,115,2,3,3,233
13999,2011-09-05 11:19:00,12,3901.81,95,2,3,3,233
14000,2011-05-12 16:50:00,1,635.66,210,1,1,2,112
14001,2011-04-21 09:26:00,3,2043.08,232,1,2,3,123
14002,2011-07-06 14:59:00,2,529.73,155,2,2,2,222
14004,2011-09-22 12:42:00,7,4582.64,77,3,3,3,333
14005,2011-09-25 11:29:00,5,2874.72,75,3,3,3,333
14006,2011-08-16 09:39:00,3,962.19,115,2,2,2,222
14009,2011-05-25 15:47:00,2,695.61,197,1,2,2,122
14012,2011-03-07 12:26:00,1,328.8,276,1,1,1,111
14013,2011-08-21 15:01:00,3,473.02,109,2,2,2,222
14014,2011-09-23 13:18:00,1,505.18,76,3,1,2,312
14015,2011-10-18 10:02:00,1,917.34,52,3,1,2,312
14016,2011-07-01 11:29:00,4,4341.21,161,1,3,3,133
14019,2011-09-02 12:51:00,3,1421.61,97,2,2,3,223
14020,2011-09-12 15:32:00,2,642.8,87,2,2,2,222
14021,2011-07-07 15:46:00,3,631.9,154,2,2,2,222
14022,2011-04-28 14:39:00,1,440.0,224,1,1,2,112
14023,2011-04-03 15:50:00,2,584.07,249,1,2,2,122
14024,2011-08-07 13:31:00,2,327.7,123,2,2,1,221
14027,2011-10-10 09:01:00,1,104.82,60,3,1,1,311
14029,2011-07-18 16:57:00,2,467.66,143,2,2,2,222
14030,2011-09-11 15:52:00,8,2360.09,88,2,3,3,233
14031,2011-09-26 17:20:00,19,17286.86,73,3,3,3,333
14032,2011-09-13 14:51:00,11,2975.59,86,2,3,3,233
14034,2011-07-05 13:15:00,3,651.82,156,2,2,2,222
14035,2011-08-24 13:15:00,5,1428.02,106,2,3,3,233
14036,2011-02-28 09:26:00,1,626.65,284,1,1,2,112
14037,2011-06-16 13:57:00,2,147.2,175,1,2,1,121
14038,2011-09-22 13:37:00,3,1560.38,77,3,2,3,323
14039,2011-11-06 13:48:00,1,152.2,32,3,1,1,311
14040,2011-09-06 14:29:00,12,3614.92,93,2,3,3,233
14041,2011-03-18 13:25:00,1,141.41,265,1,1,1,111
14044,2011-08-28 14:39:00,4,652.82,102,2,3,2,232
14045,2011-08-22 15:27:00,4,1659.75,108,2,3,3,233
14046,2011-02-28 14:48:00,1,154.99,283,1,1,1,111
14047,2011-09-27 14:08:00,5,1308.61,72,3,3,3,333
14048,2011-02-07 14:53:00,1,409.93,304,1,1,2,112
14049,2011-07-04 11:47:00,4,5681.72,158,1,3,3,133
14050,2011-08-25 13:46:00,2,746.36,105,2,2,2,222
14051,2011-09-09 10:16:00,23,15610.39,91,2,3,3,233
14052,2011-11-20 12:30:00,1,225.36,18,3,1,1,311
14053,2011-08-07 14:27:00,2,260.25,123,2,2,1,221
14054,2011-10-05 15:49:00,1,92.46,64,3,1,1,311
14055,2011-08-25 15:04:00,1,725.64,105,2,1,2,212
14056,2011-09-16 16:25:00,23,8214.65,83,3,3,3,333
14057,2011-09-11 14:58:00,17,6217.96,88,2,3,3,233
14059,2011-03-18 10:06:00,1,183.6,266,1,1,1,111
14060,2011-09-21 13:01:00,19,6140.42,78,3,3,3,333
14062,2011-09-09 10:31:00,12,10464.85,91,2,3,3,233
14064,2011-08-18 18:11:00,5,1353.74,112,2,3,3,233
14066,2011-03-18 12:21:00,1,152.55,265,1,1,1,111
14067,2011-09-04 12:00:00,2,374.7,96,2,2,1,221
14068,2011-01-23 16:02:00,1,265.85,319,1,1,1,111
14071,2011-03-24 13:28:00,8,1438.82,259,1,3,3,133
14073,2011-11-07 15:49:00,1,151.04,31,3,1,1,311
14075,2011-03-23 16:35:00,3,942.26,260,1,2,2,122
14076,2011-08-02 15:19:00,1,122.47,128,2,1,1,211
14077,2011-09-22 13:44:00,5,499.42,77,3,3,2,332
14078,2011-08-30 12:16:00,6,1049.37,101,2,3,2,232
14079,2011-08-07 12:10:00,1,375.1,124,2,1,1,211
14080,2011-11-07 11:09:00,1,45.6,32,3,1,1,311
14081,2011-02-10 16:17:00,2,934.52,301,1,2,2,122
14082,2010-12-10 11:02:00,1,182.25,364,1,1,1,111
14083,2011-08-05 14:31:00,9,1018.43,125,2,3,2,232
14085,2011-07-21 13:48:00,18,4448.54,140,2,3,3,233
14087,2011-12-07 12:41:00,1,194.42,1,3,1,1,311
14088,2011-08-03 11:21:00,13,50491.81,128,2,3,3,233
14089,2011-10-14 10:38:00,1,161.0,56,3,1,1,311
14090,2011-01-19 10:51:00,1,76.32,324,1,1,1,111
14092,2011-09-01 10:36:00,14,4076.91,99,2,3,3,233
14093,2011-11-27 16:27:00,1,442.85,11,3,1,2,312
14096,2011-09-09 15:17:00,17,65164.79,90,2,3,3,233
14098,2011-11-03 10:13:00,1,147.35,36,3,1,1,311
14099,2011-08-11 15:34:00,11,3104.17,119,2,3,3,233
14100,2011-07-25 11:01:00,1,194.9,137,2,1,1,211
14101,2011-09-27 12:28:00,6,5976.79,72,3,3,3,333
14102,2011-12-04 15:38:00,5,1360.28,4,3,3,3,333
14104,2011-07-08 12:50:00,2,216.21,153,2,2,1,221
14105,2011-04-14 17:58:00,1,1266.23,238,1,1,3,113
14107,2011-09-04 15:20:00,7,2703.23,95,2,3,3,233
14108,2011-08-30 11:32:00,2,597.91,101,2,2,2,222
14109,2011-09-28 10:18:00,1,144.2,72,3,1,1,311
14110,2011-09-14 14:28:00,12,5683.15,85,2,3,3,233
14111,2011-09-05 12:21:00,4,692.85,94,2,3,2,232
14112,2011-08-01 12:16:00,7,2915.15,130,2,3,3,233
14113,2011-09-22 16:46:00,4,1840.42,77,3,3,3,333
14114,2011-03-11 09:42:00,2,386.53,273,1,2,1,121
14116,2011-09-08 09:51:00,5,1382.74,92,2,3,3,233
14117,2011-07-19 09:49:00,1,90.0,143,2,1,1,211
14121,2011-12-06 12:19:00,4,2780.15,2,3,3,3,333
14124,2011-09-16 13:32:00,1,419.58,83,3,1,2,312
14125,2011-09-22 15:40:00,3,2740.43,77,3,2,3,323
14126,2011-12-02 11:45:00,3,706.13,7,3,2,2,322
14127,2011-08-09 10:49:00,3,709.71,122,2,2,2,222
14128,2011-03-29 10:49:00,2,637.5,255,1,2,2,122
14129,2011-09-05 09:49:00,5,1123.86,95,2,3,2,232
14130,2011-01-24 16:05:00,1,483.86,318,1,1,2,112
14132,2011-09-13 14:30:00,11,3586.03,86,2,3,3,233
14133,2011-08-02 11:34:00,3,605.64,129,2,2,2,222
14135,2011-09-25 11:36:00,15,4690.31,75,3,3,3,333
14138,2011-12-08 12:44:00,2,982.38,0,3,2,2,322
14139,2011-10-24 13:34:00,1,415.82,45,3,1,2,312
14140,2011-12-06 09:05:00,2,935.05,3,3,2,2,322
14141,2011-09-27 11:38:00,4,915.13,73,3,3,2,332
14142,2010-12-01 16:33:00,1,311.81,372,1,1,1,111
14143,2011-07-29 09:48:00,1,115.8,133,2,1,1,211
14145,2011-07-06 11:52:00,4,3742.2,156,2,3,3,233
14146,2011-09-19 15:01:00,5,4191.0,80,3,3,3,333
14147,2011-09-22 18:10:00,2,483.4,77,3,2,2,322
14148,2011-04-20 12:02:00,1,157.2,233,1,1,1,111
14149,2011-05-03 09:44:00,1,446.62,220,1,1,2,112
14150,2010-12-15 10:04:00,2,658.64,359,1,2,2,122
14152,2011-09-25 12:54:00,2,621.29,74,3,2,2,322
14154,2011-04-14 16:26:00,2,1345.62,238,1,2,3,123
14155,2011-03-18 14:13:00,1,118.75,265,1,1,1,111
14156,2011-09-07 16:00:00,55,117379.63,92,2,3,3,233
14157,2011-02-27 13:04:00,2,432.88,284,1,2,2,122
14158,2011-10-30 15:08:00,1,507.66,39,3,1,2,312
14159,2011-09-05 12:00:00,11,4693.01,95,2,3,3,233
14161,2011-05-08 11:41:00,3,1110.52,215,1,2,2,122
14162,2011-06-19 11:36:00,2,289.36,173,1,2,1,121
14163,2011-09-13 15:18:00,4,2445.91,86,2,3,3,233
14164,2011-09-30 12:24:00,2,1631.77,69,3,2,3,323
14165,2011-03-09 12:39:00,1,122.54,274,1,1,1,111
14167,2011-06-27 16:46:00,4,574.84,164,1,3,2,132
14171,2011-09-02 16:43:00,1,363.79,97,2,1,1,211
14173,2011-05-04 14:03:00,4,450.84,218,1,3,2,132
14174,2011-11-06 13:17:00,1,134.46,32,3,1,1,311
14175,2011-06-21 14:29:00,3,3222.3,170,1,2,3,123
14176,2011-02-15 13:12:00,4,576.9,296,1,3,2,132
14177,2011-09-05 12:24:00,4,559.41,94,2,3,2,232
14178,2011-09-02 14:42:00,7,1620.93,97,2,3,3,233
14179,2011-10-30 12:07:00,2,719.78,40,3,2,2,322
14180,2011-09-09 13:47:00,25,4748.52,90,2,3,3,233
14184,2011-10-04 12:43:00,1,452.89,65,3,1,2,312
14185,2011-01-12 13:52:00,1,197.65,330,1,1,1,111
14188,2011-09-29 12:15:00,6,2054.36,71,3,3,3,333
14189,2011-09-04 13:45:00,15,4654.08,95,2,3,3,233
14191,2011-09-20 09:24:00,13,4684.76,80,3,3,3,333
14193,2011-03-15 11:38:00,2,853.39,269,1,2,2,122
14194,2011-09-25 12:32:00,21,11349.52,74,3,3,3,333
14195,2011-05-22 10:29:00,2,1012.0,201,1,2,2,122
14196,2011-08-25 10:25:00,1,335.52,106,2,1,1,211
14198,2011-09-14 11:25:00,4,701.4,86,2,3,2,232
14199,2011-05-05 13:44:00,1,185.4,217,1,1,1,111
14201,2011-09-20 10:47:00,7,747.44,80,3,3,2,332
14204,2011-12-07 13:38:00,1,161.03,1,3,1,1,311
14205,2011-03-20 15:07:00,2,466.7,263,1,2,2,122
14206,2011-04-14 16:38:00,1,328.16,238,1,1,1,111
14208,2011-09-06 12:48:00,1,151.74,93,2,1,1,211
14209,2011-08-10 16:01:00,6,2073.43,120,2,3,3,233
14210,2011-08-26 12:36:00,6,1905.84,104,2,3,3,233
14211,2011-09-04 10:51:00,9,2241.1,96,2,3,3,233
14212,2011-09-11 12:45:00,1,1070.48,88,2,1,2,212
14214,2011-07-06 15:02:00,5,1004.38,155,2,3,2,232
14215,2011-09-23 10:44:00,6,1789.72,77,3,3,3,333
14216,2011-12-06 14:56:00,4,1839.3,2,3,3,3,333
14217,2011-09-26 15:47:00,17,2004.98,73,3,3,3,333
14218,2011-10-28 10:00:00,1,169.48,42,3,1,1,311
14219,2011-12-05 16:23:00,1,89.94,3,3,1,1,311
14220,2011-04-06 13:23:00,2,632.4,246,1,2,2,122
14221,2011-09-20 12:21:00,9,3432.8,79,3,3,3,333
14222,2011-06-15 16:42:00,1,683.17,176,1,1,2,112
14223,2011-09-08 13:38:00,3,991.13,91,2,2,2,222
14224,2011-08-21 13:24:00,4,1050.12,109,2,3,2,232
14226,2011-09-30 11:45:00,5,2232.19,70,3,3,3,333
14227,2011-09-15 11:33:00,10,3350.96,85,2,3,3,233
14229,2011-02-21 09:45:00,3,1547.2,291,1,2,3,123
14231,2011-06-09 11:05:00,3,925.71,183,1,2,2,122
14232,2011-08-16 12:52:00,5,2048.07,114,2,3,3,233
14233,2011-05-12 10:45:00,4,1462.72,211,1,3,3,133
14234,2011-11-09 15:42:00,4,775.46,29,3,3,2,332
14235,2011-09-25 14:37:00,5,3144.86,74,3,3,3,333
14236,2011-09-20 09:13:00,2,490.86,80,3,2,2,322
14237,2010-12-01 13:20:00,1,161.0,372,1,1,1,111
14238,2011-01-17 14:40:00,1,146.85,325,1,1,1,111
14239,2011-09-06 12:38:00,11,2380.85,93,2,3,3,233
14240,2011-04-28 11:40:00,2,890.34,225,1,2,2,122
14241,2011-06-09 11:46:00,1,213.7,183,1,1,1,111
14242,2011-04-19 11:46:00,2,280.55,234,1,2,1,121
14243,2011-09-05 13:10:00,10,2588.77,94,2,3,3,233
14245,2011-05-04 08:40:00,2,1693.45,219,1,2,3,123
14246,2011-08-21 11:50:00,3,1474.06,110,2,2,3,223
14247,2011-03-06 15:21:00,1,136.77,277,1,1,1,111
14248,2011-01-25 14:45:00,1,302.58,317,1,1,1,111
14250,2011-09-11 13:44:00,3,1904.05,88,2,2,3,223
14251,2011-12-08 08:32:00,5,2879.7,1,3,3,3,333
14256,2011-03-24 13:17:00,2,969.06,259,1,2,2,122
14257,2011-08-08 15:35:00,5,3099.72,122,2,3,3,233
14258,2011-09-11 10:42:00,9,12669.98,89,2,3,3,233
14259,2011-07-21 10:44:00,1,120.0,141,2,1,1,211
14261,2011-09-22 10:47:00,2,1163.45,78,3,2,2,322
14262,2011-09-16 14:55:00,8,2618.23,83,3,3,3,333
14264,2011-07-08 10:20:00,2,333.97,154,2,2,1,221
14265,2011-08-22 13:32:00,2,530.18,108,2,2,2,222
14267,2011-06-30 10:09:00,3,1516.24,162,1,2,3,123
14270,2011-01-12 09:33:00,1,492.65,331,1,1,2,112
14271,2011-04-28 12:47:00,1,112.32,224,1,1,1,111
14272,2011-09-27 10:08:00,2,437.96,73,3,2,2,322
14273,2011-07-26 14:56:00,4,559.97,135,2,3,2,232
14276,2011-09-02 09:45:00,3,1119.74,98,2,2,2,222
14277,2011-05-11 13:20:00,3,4216.2,211,1,2,3,123
14280,2011-05-27 10:37:00,1,134.04,196,1,1,1,111
14282,2011-09-19 14:55:00,15,3729.34,80,3,3,3,333
14284,2011-09-14 13:04:00,2,595.25,85,2,2,2,222
14285,2011-09-25 11:38:00,4,1910.01,75,3,3,3,333
14286,2011-04-11 08:16:00,3,4628.75,242,1,2,3,123
14287,2011-05-25 11:44:00,3,176.63,198,1,2,1,121
14288,2011-05-10 13:22:00,1,426.6,212,1,1,2,112
14289,2011-07-28 10:24:00,6,911.26,134,2,3,2,232
14290,2011-09-19 14:38:00,5,2314.65,80,3,3,3,333
14291,2011-08-11 10:55:00,11,3883.25,120,2,3,3,233
14292,2011-09-12 12:51:00,9,4871.93,87,2,3,3,233
14293,2011-07-15 15:28:00,4,1046.56,146,2,3,2,232
14295,2011-10-30 15:50:00,1,166.2,39,3,1,1,311
14297,2011-03-10 08:31:00,4,1305.33,274,1,3,3,133
14298,2011-09-28 13:32:00,44,51527.3,71,3,3,3,333
14299,2011-09-22 12:06:00,9,3965.62,78,3,3,3,333
14300,2011-11-21 08:57:00,1,43.2,18,3,1,1,311
14301,2011-08-14 15:33:00,1,640.14,116,2,1,2,212
14304,2011-05-01 11:50:00,1,383.45,222,1,1,1,111
14305,2011-09-29 15:29:00,3,1858.96,70,3,2,3,323
14306,2011-09-15 10:31:00,2,2093.32,85,2,2,3,223
14307,2011-09-12 09:38:00,6,2995.72,88,2,3,3,233
14309,2011-09-07 12:50:00,9,2352.53,92,2,3,3,233
14311,2011-04-11 10:14:00,1,310.26,242,1,1,1,111
14312,2011-09-09 13:14:00,6,1611.59,90,2,3,3,233
14314,2011-08-25 10:39:00,1,120.0,106,2,1,1,211
14315,2011-08-02 13:31:00,6,2481.13,128,2,3,3,233
14317,2011-10-06 10:44:00,1,508.58,64,3,1,2,312
14320,2011-05-17 09:24:00,2,477.79,206,1,2,2,122
14321,2011-09-27 09:24:00,5,1530.75,73,3,3,3,333
14323,2011-08-17 11:37:00,2,605.06,114,2,2,2,222
14326,2011-04-11 15:04:00,1,183.85,241,1,1,1,111
14327,2011-06-29 13:58:00,1,311.65,162,1,1,1,111
14329,2011-08-23 12:18:00,7,5014.84,107,2,3,3,233
14331,2011-08-07 13:17:00,2,462.66,123,2,2,2,222
14332,2011-07-15 10:33:00,3,866.31,147,2,2,2,222
14333,2011-10-03 10:38:00,1,415.2,67,3,1,2,312
14334,2011-09-07 10:55:00,8,2552.21,93,2,3,3,233
14335,2011-09-04 13:07:00,2,468.26,95,2,2,2,222
14336,2011-05-04 15:37:00,4,1614.91,218,1,3,3,133
14338,2011-07-01 14:08:00,2,588.22,160,1,2,2,122
14339,2011-04-11 11:06:00,1,309.52,242,1,1,1,111
14340,2011-05-05 09:44:00,1,134.7,218,1,1,1,111
14341,2011-08-01 14:05:00,8,2182.28,129,2,3,3,233
14342,2011-07-25 14:35:00,4,668.56,136,2,3,2,232
14344,2011-08-04 13:51:00,8,889.93,126,2,3,2,232
14345,2011-11-01 09:51:00,1,108.98,38,3,1,1,311
14346,2011-08-11 09:47:00,2,1021.58,120,2,2,2,222
14348,2011-03-24 16:23:00,1,409.57,259,1,1,2,112
14349,2011-11-29 15:39:00,1,133.5,9,3,1,1,311
14350,2011-03-10 14:14:00,1,282.93,273,1,1,1,111
14351,2011-06-28 11:56:00,1,51.0,164,1,1,1,111
14352,2011-07-05 15:41:00,4,1078.96,156,2,3,2,232
14353,2011-05-08 16:06:00,1,90.6,214,1,1,1,111
14354,2011-12-04 11:32:00,2,163.62,5,3,2,1,321
14355,2010-12-09 12:16:00,1,174.4,365,1,1,1,111
14356,2011-09-21 09:18:00,2,701.23,79,3,2,2,322
14357,2011-10-27 16:23:00,1,225.77,42,3,1,1,311
14359,2011-09-13 09:03:00,3,912.18,87,2,2,2,222
14360,2011-09-06 11:58:00,4,2128.23,94,2,3,3,233
14362,2011-11-17 15:08:00,1,161.2,21,3,1,1,311
14364,2011-08-23 11:01:00,8,3717.35,108,2,3,3,233
14367,2011-09-25 12:16:00,16,9261.52,75,3,3,3,333
14368,2011-01-24 09:52:00,1,155.0,319,1,1,1,111
14371,2011-02-17 16:35:00,1,100.5,294,1,1,1,111
14373,2010-12-16 15:40:00,1,76.55,357,1,1,1,111
14375,2011-06-07 13:44:00,1,257.68,184,1,1,1,111
14377,2011-06-01 13:32:00,2,617.05,190,1,2,2,122
14379,2011-02-17 15:03:00,2,348.1,294,1,2,1,121
14381,2011-10-18 17:10:00,1,202.68,51,3,1,1,311
14382,2011-11-13 16:18:00,1,626.07,25,3,1,2,312
14383,2011-06-29 10:18:00,3,1247.69,163,1,2,3,123
14385,2011-11-30 15:36:00,3,202.11,8,3,2,1,321
14386,2011-02-16 09:45:00,1,142.4,296,1,1,1,111
14387,2011-09-26 12:58:00,3,1770.56,73,3,2,3,323
14388,2011-09-09 13:26:00,8,3212.84,90,2,3,3,233
14389,2011-06-02 12:04:00,2,1043.46,190,1,2,2,122
14390,2011-07-18 13:35:00,9,4652.82,143,2,3,3,233
14393,2011-05-05 18:16:00,1,67.95,217,1,1,1,111
14395,2011-09-22 12:41:00,9,3507.71,77,3,3,3,333
14396,2010-12-03 15:19:00,2,487.99,370,1,2,2,122
14397,2011-09-07 09:37:00,19,2612.96,93,2,3,3,233
14400,2011-07-13 15:50:00,1,574.7,148,2,1,2,212
14401,2011-09-05 11:51:00,13,4051.48,95,2,3,3,233
14403,2011-08-01 12:57:00,4,1475.81,129,2,3,3,233
14404,2011-08-23 11:16:00,6,1474.32,108,2,3,3,233
14406,2011-08-12 16:54:00,1,156.75,118,2,1,1,211
14407,2011-08-24 14:02:00,6,2157.73,106,2,3,3,233
14408,2011-09-06 11:29:00,7,2606.53,94,2,3,3,233
14409,2011-09-29 18:18:00,6,2059.45,70,3,3,3,333
14410,2011-09-08 15:08:00,9,1105.07,91,2,3,2,232
14411,2011-02-02 10:56:00,1,1063.0,310,1,1,2,112
14412,2011-09-28 08:48:00,2,770.03,72,3,2,2,322
14413,2010-12-12 13:37:00,1,122.7,361,1,1,1,111
14414,2011-09-09 12:09:00,7,1496.98,91,2,3,3,233
14415,2011-09-02 15:56:00,13,5900.28,97,2,3,3,233
14416,2011-11-17 15:22:00,2,490.22,21,3,2,2,322
14418,2011-08-23 17:18:00,3,1937.25,107,2,2,3,223
14419,2011-09-27 11:27:00,6,1058.06,73,3,3,2,332
14420,2011-09-01 18:07:00,1,387.52,98,2,1,1,211
14421,2011-05-12 10:49:00,2,813.11,211,1,2,2,122
14422,2011-09-30 10:48:00,6,4263.64,70,3,3,3,333
14423,2011-05-05 15:12:00,1,265.2,217,1,1,1,111
14424,2011-11-22 11:48:00,1,322.08,17,3,1,1,311
14426,2011-07-22 11:56:00,10,4481.67,140,2,3,3,233
14427,2011-10-07 09:10:00,2,363.34,63,3,2,1,321
14428,2011-09-21 14:50:00,5,1244.83,78,3,3,3,333
14431,2011-02-10 10:40:00,1,470.36,302,1,1,2,112
14432,2011-09-11 14:09:00,6,2255.51,88,2,3,3,233
14434,2011-09-28 15:31:00,6,1372.8,71,3,3,3,333
14436,2011-09-02 10:13:00,1,89.06,98,2,1,1,211
14437,2010-12-09 09:27:00,1,63.0,365,1,1,1,111
14438,2011-02-06 14:56:00,1,131.9,305,1,1,1,111
14439,2011-01-24 11:39:00,1,2661.24,319,1,1,3,113
14440,2011-09-28 12:46:00,5,2357.68,71,3,3,3,333
14441,2011-09-06 09:45:00,4,1712.89,94,2,3,3,233
14442,2011-05-19 11:36:00,2,1589.82,204,1,2,3,123
14443,2011-07-24 11:40:00,4,1420.2,138,2,3,3,233
14446,2011-09-20 12:35:00,4,1039.58,79,3,3,2,332
14447,2011-05-27 14:29:00,5,1163.23,195,1,3,2,132
14448,2010-12-10 17:26:00,2,375.35,363,1,2,1,121
14449,2011-04-07 12:16:00,4,907.1,246,1,3,2,132
14450,2011-06-12 10:46:00,3,483.25,180,1,2,2,122
14451,2011-05-29 12:35:00,2,662.59,193,1,2,2,122
14452,2011-09-07 11:32:00,2,264.44,93,2,2,1,221
14453,2011-06-02 14:15:00,1,119.93,189,1,1,1,111
14456,2011-09-27 12:52:00,9,3062.4,72,3,3,3,333
14457,2011-02-02 09:39:00,1,113.64,310,1,1,1,111
14459,2011-07-07 13:35:00,1,1837.92,154,2,1,3,213
14460,2011-08-21 14:19:00,3,434.34,109,2,2,2,222
14461,2011-07-14 17:11:00,3,2103.06,147,2,2,3,223
14462,2011-09-16 17:05:00,11,2004.02,83,3,3,3,333
14463,2011-09-02 15:20:00,3,529.62,97,2,2,2,222
14465,2011-04-07 12:38:00,3,1058.62,245,1,2,2,122
14466,2011-09-27 12:44:00,7,2272.4,72,3,3,3,333
14467,2011-11-22 12:48:00,4,598.76,16,3,3,2,332
14470,2011-02-25 11:56:00,2,461.19,287,1,2,2,122
14472,2011-08-28 11:01:00,8,1936.84,103,2,3,3,233
14473,2011-09-26 15:10:00,2,234.34,73,3,2,1,321
14474,2011-10-24 13:26:00,1,547.66,45,3,1,2,312
14475,2011-09-29 10:46:00,3,925.85,71,3,2,2,322
14476,2011-03-27 15:39:00,1,215.7,256,1,1,1,111
14477,2011-06-08 13:33:00,4,1309.6,183,1,3,3,133
14479,2011-03-31 09:07:00,2,316.25,253,1,2,1,121
14480,2011-11-28 16:35:00,1,279.05,10,3,1,1,311
14481,2011-06-28 10:38:00,2,636.51,164,1,2,2,122
14482,2011-09-01 16:44:00,6,2068.15,98,2,3,3,233
14483,2011-03-03 10:26:00,1,137.1,281,1,1,1,111
14484,2011-10-20 14:11:00,1,321.92,49,3,1,1,311
14485,2011-11-01 12:25:00,1,165.75,37,3,1,1,311
14487,2011-09-18 12:40:00,6,1196.33,81,3,3,2,332
14488,2011-10-03 09:30:00,1,1064.28,67,3,1,2,312
14489,2011-05-16 14:51:00,1,463.38,206,1,1,2,112
14491,2011-06-17 15:22:00,2,340.93,174,1,2,1,121
14493,2011-07-07 16:59:00,5,2383.24,154,2,3,3,233
14494,2011-11-14 09:21:00,1,139.56,25,3,1,1,311
14495,2011-08-10 14:13:00,2,123.8,120,2,2,1,221
14496,2011-02-01 09:01:00,2,538.81,311,1,2,2,122
14497,2011-02-03 17:01:00,1,475.37,308,1,1,2,112
14498,2011-08-15 14:10:00,5,1957.32,115,2,3,3,233
14499,2011-07-29 11:49:00,3,815.32,133,2,2,2,222
14500,2011-09-12 16:45:00,3,356.85,87,2,2,1,221
14501,2011-06-09 12:02:00,2,251.21,183,1,2,1,121
14502,2011-07-13 13:14:00,11,2470.67,148,2,3,3,233
14503,2011-09-30 14:59:00,6,3543.26,69,3,3,3,333
14504,2011-04-10 16:01:00,4,673.26,242,1,3,2,132
14505,2011-08-22 14:38:00,8,5905.64,108,2,3,3,233
14506,2011-06-30 19:27:00,5,2012.17,161,1,3,3,133
14507,2011-08-30 15:16:00,6,1383.18,100,2,3,3,233
14508,2011-09-11 11:29:00,2,276.42,89,2,2,1,221
14511,2011-09-08 13:26:00,5,1314.81,91,2,3,3,233
14512,2011-06-05 12:39:00,2,275.28,186,1,2,1,121
14513,2011-08-31 11:25:00,3,455.59,100,2,2,2,222
14514,2011-05-22 15:12:00,3,1055.35,200,1,2,2,122
14515,2011-06-01 12:54:00,6,2102.09,190,1,3,3,133
14517,2011-07-21 11:42:00,2,330.45,141,2,2,1,221
14518,2011-10-06 14:43:00,1,174.37,63,3,1,1,311
14520,2011-02-22 09:15:00,2,270.6,290,1,2,1,121
14522,2011-09-08 15:39:00,4,974.54,91,2,3,2,232
14523,2011-08-23 13:13:00,1,241.09,107,2,1,1,211
14524,2011-09-29 12:39:00,9,1867.68,70,3,3,3,333
14525,2011-08-31 14:28:00,9,4332.2,99,2,3,3,233
14527,2011-09-29 12:23:00,55,8508.82,70,3,3,3,333
14528,2011-11-02 17:09:00,1,364.22,36,3,1,1,311
14529,2011-09-23 13:48:00,3,620.04,76,3,2,2,322
14530,2011-09-07 12:55:00,6,2925.91,92,2,3,3,233
14532,2011-04-17 13:05:00,4,932.85,235,1,3,2,132
14533,2011-09-11 15:35:00,7,1949.72,88,2,3,3,233
14534,2011-09-05 12:20:00,18,4447.05,94,2,3,3,233
14535,2011-08-04 15:04:00,3,2864.19,126,2,2,3,223
14536,2011-03-25 12:21:00,1,171.8,258,1,1,1,111
14537,2011-10-13 10:54:00,1,355.56,57,3,1,1,311
14538,2011-03-28 14:57:00,2,388.25,255,1,2,1,121
14539,2011-11-24 09:50:00,2,537.48,15,3,2,2,322
14540,2011-09-25 12:34:00,3,996.26,74,3,2,2,322
14541,2011-06-24 10:31:00,8,1461.65,168,1,3,3,133
14542,2011-06-07 08:19:00,1,103.25,185,1,1,1,111
14543,2011-09-27 10:26:00,16,3630.33,73,3,3,3,333
14544,2010-12-13 12:50:00,2,2024.45,360,1,2,3,123
14546,2011-09-23 13:11:00,5,2578.09,76,3,3,3,333
14547,2011-12-06 11:06:00,8,4007.54,3,3,3,3,333
14548,2011-07-12 12:19:00,2,652.8,149,2,2,2,222
14549,2011-02-01 13:47:00,1,289.24,310,1,1,1,111
14550,2011-11-29 12:12:00,2,765.62,10,3,2,2,322
14551,2011-05-19 18:21:00,2,186.23,203,1,2,1,121
14552,2011-07-11 12:49:00,1,165.07,150,2,1,1,211
14553,2011-05-05 11:08:00,5,859.27,218,1,3,2,132
14554,2011-11-29 16:44:00,4,2381.04,9,3,3,3,333
14555,2011-02-10 17:19:00,2,324.14,301,1,2,1,121
14557,2011-09-15 15:48:00,1,788.38,84,3,1,2,312
14560,2011-09-06 10:27:00,22,2237.77,94,2,3,3,233
14561,2011-09-25 12:39:00,3,1080.76,74,3,2,2,322
14562,2011-09-08 19:58:00,18,5074.77,91,2,3,3,233
14565,2011-09-05 09:07:00,4,3099.12,95,2,3,3,233
14566,2011-08-21 11:05:00,1,1432.0,110,2,1,3,213
14567,2011-08-01 13:48:00,2,1530.36,129,2,2,3,223
14569,2011-12-08 14:58:00,1,227.39,0,3,1,1,311
14570,2011-03-04 10:58:00,2,218.06,280,1,2,1,121
14572,2011-08-21 13:46:00,7,2832.84,109,2,3,3,233
14573,2011-06-13 11:15:00,9,1653.42,179,1,3,3,133
14576,2010-12-02 17:51:00,1,35.4,371,1,1,1,111
14577,2011-06-29 11:46:00,4,859.71,163,1,3,2,132
14578,2011-12-06 17:18:00,1,168.63,2,3,1,1,311
14581,2011-11-23 12:39:00,1,138.6,15,3,1,1,311
14582,2011-10-30 11:56:00,1,114.11,40,3,1,1,311
14583,2011-07-18 12:53:00,5,1052.55,143,2,3,2,232
14584,2011-06-09 20:03:00,4,1042.26,182,1,3,2,132
14585,2011-10-20 14:33:00,1,157.05,49,3,1,1,311
14586,2011-03-08 10:04:00,1,237.36,276,1,1,1,111
14587,2011-06-08 14:09:00,9,1601.14,183,1,3,3,133
14589,2010-12-03 11:42:00,1,39.75,371,1,1,1,111
14591,2011-05-10 14:09:00,4,1447.14,212,1,3,3,133
14592,2011-11-04 16:35:00,3,570.46,34,3,2,2,322
14593,2011-05-25 11:21:00,3,617.99,198,1,2,2,122
14594,2011-12-02 13:28:00,2,379.83,6,3,2,1,321
14595,2011-09-15 13:13:00,6,1740.6,84,3,3,3,333
14597,2011-06-01 12:33:00,2,883.15,190,1,2,2,122
14598,2011-10-26 13:19:00,1,221.97,43,3,1,1,311
14600,2011-02-07 09:48:00,1,393.33,305,1,1,2,112
14601,2011-11-29 09:48:00,1,213.96,10,3,1,1,311
14603,2011-03-10 10:27:00,1,660.0,274,1,1,2,112
14606,2011-09-07 12:41:00,93,12156.65,92,2,3,3,233
14607,2011-03-23 15:22:00,14,16569.5,260,1,3,3,133
14608,2011-09-15 11:46:00,4,1785.15,85,2,3,3,233
14609,2011-09-28 12:54:00,4,601.56,71,3,3,2,332
14616,2011-04-11 09:54:00,3,406.08,242,1,2,2,122
14618,2011-11-30 13:45:00,3,553.44,8,3,2,2,322
14619,2011-04-08 07:37:00,1,394.44,245,1,1,2,112
14620,2011-05-18 11:58:00,2,412.78,205,1,2,2,122
14621,2011-07-06 12:31:00,5,1788.36,155,2,3,3,233
14622,2011-06-08 12:42:00,1,320.58,183,1,1,1,111
14623,2011-08-15 13:51:00,5,889.25,115,2,3,2,232
14624,2011-10-13 13:44:00,2,225.85,56,3,2,1,321
14625,2011-05-27 15:32:00,2,899.63,195,1,2,2,122
14626,2011-08-09 10:20:00,4,2791.27,122,2,3,3,233
14628,2011-09-09 14:58:00,2,671.96,90,2,2,2,222
14629,2011-12-05 16:55:00,2,959.01,3,3,2,2,322
14631,2011-04-18 16:49:00,3,1006.98,234,1,2,2,122
14632,2011-03-22 08:49:00,1,114.56,262,1,1,1,111
14633,2011-03-18 17:07:00,1,344.9,265,1,1,1,111
14636,2011-03-16 09:52:00,2,609.85,268,1,2,2,122
14638,2011-10-20 10:10:00,1,443.6,50,3,1,2,312
14639,2011-08-11 13:41:00,6,2984.49,119,2,3,3,233
14640,2011-08-04 11:38:00,6,2125.08,127,2,3,3,233
14641,2011-11-18 10:42:00,1,110.46,21,3,1,1,311
14642,2011-10-12 11:08:00,1,96.12,58,3,1,1,311
14643,2011-06-22 14:41:00,2,693.81,169,1,2,2,122
14644,2011-02-14 14:14:00,2,830.76,297,1,2,2,122
14645,2011-07-06 09:15:00,2,597.09,156,2,2,2,222
14646,2011-09-08 11:28:00,74,280206.02,92,2,3,3,233
14647,2011-05-22 13:40:00,1,243.22,200,1,1,1,111
14649,2011-09-28 15:42:00,4,1417.29,71,3,3,3,333
14651,2011-05-12 16:29:00,2,654.6,210,1,2,2,122
14652,2011-09-23 14:21:00,1,114.18,76,3,1,1,311
14653,2011-12-08 13:45:00,7,1947.55,0,3,3,3,333
14655,2011-09-30 08:14:00,4,1932.23,70,3,3,3,333
14656,2011-06-23 13:51:00,2,291.05,168,1,2,1,121
14657,2011-07-07 19:54:00,4,848.22,154,2,3,2,232
14658,2011-08-14 15:42:00,2,247.15,116,2,2,1,221
14659,2011-09-22 12:45:00,9,2529.93,77,3,3,3,333
14660,2011-09-14 11:34:00,2,285.74,86,2,2,1,221
14661,2011-11-13 11:51:00,1,107.95,26,3,1,1,311
14662,2011-04-19 12:26:00,4,771.17,233,1,3,2,132
14664,2011-11-06 14:56:00,2,637.89,32,3,2,2,322
14665,2011-09-11 11:26:00,5,1835.7,89,2,3,3,233
14666,2011-11-15 12:57:00,1,195.25,23,3,1,1,311
14667,2011-09-06 12:30:00,25,9241.2,93,2,3,3,233
14669,2011-04-12 11:43:00,3,1269.99,241,1,2,3,123
14670,2011-03-04 14:13:00,2,411.53,279,1,2,2,122
14672,2011-04-19 10:19:00,2,765.55,234,1,2,2,122
14673,2010-12-07 12:49:00,5,1736.4,366,1,3,3,133
14675,2011-11-23 12:58:00,1,604.75,15,3,1,2,312
14676,2011-09-22 09:52:00,6,2548.24,78,3,3,3,333
14680,2011-09-05 15:49:00,16,28754.11,94,2,3,3,233
14681,2011-09-29 15:52:00,3,498.95,70,3,2,2,322
14682,2011-06-05 12:12:00,2,52.0,187,1,2,1,121
14684,2011-09-19 11:04:00,5,1236.28,81,3,3,3,333
14687,2011-08-25 11:59:00,1,628.38,106,2,1,2,212
14688,2011-09-08 12:16:00,21,5630.87,92,2,3,3,233
14689,2011-05-15 11:22:00,1,112.8,208,1,1,1,111
14690,2011-07-11 11:58:00,2,371.7,151,2,2,1,221
14691,2011-09-04 11:17:00,5,2114.33,96,2,3,3,233
14692,2011-07-25 15:08:00,4,591.55,136,2,3,2,232
14693,2011-03-20 12:50:00,1,172.9,263,1,1,1,111
14696,2011-09-29 15:04:00,7,2078.95,70,3,3,3,333
14697,2011-05-05 15:39:00,2,188.61,217,1,2,1,121
14698,2011-12-08 12:26:00,5,1250.76,0,3,3,3,333
14699,2011-05-09 14:54:00,1,109.13,213,1,1,1,111
14700,2011-06-03 11:59:00,3,2235.3,189,1,2,3,123
14701,2011-06-20 11:36:00,9,2549.37,172,1,3,3,133
14702,2011-09-22 19:33:00,17,3292.14,77,3,3,3,333
14703,2011-11-25 09:23:00,1,318.17,14,3,1,1,311
14704,2011-09-19 13:27:00,9,1546.91,80,3,3,3,333
14705,2011-05-25 12:39:00,1,179.0,197,1,1,1,111
14708,2011-07-08 16:08:00,3,1126.37,153,2,2,2,222
14709,2011-09-07 12:21:00,13,4921.04,92,2,3,3,233
14710,2011-11-25 14:53:00,4,606.13,13,3,3,2,332
14711,2011-09-09 13:42:00,11,2868.8,90,2,3,3,233
14712,2011-09-25 14:58:00,3,917.07,74,3,2,2,322
14713,2011-09-01 19:11:00,11,2666.36,98,2,3,3,233
14714,2011-11-15 13:07:00,1,160.19,23,3,1,1,311
14715,2011-09-06 12:02:00,4,867.38,94,2,3,2,232
14716,2011-07-14 12:42:00,2,329.68,147,2,2,1,221
14719,2011-06-13 12:52:00,5,1602.13,178,1,3,3,133
14720,2011-09-11 13:56:00,3,663.81,88,2,2,2,222
14722,2011-07-15 14:58:00,1,187.92,146,2,1,1,211
14723,2010-12-03 14:26:00,6,1158.3,370,1,3,2,132
14725,2011-11-15 12:42:00,1,718.08,23,3,1,2,312
14727,2011-03-10 14:45:00,1,268.58,273,1,1,1,111
14729,2010-12-01 12:43:00,1,313.49,372,1,1,1,111
14730,2011-08-24 13:07:00,8,2005.06,106,2,3,3,233
14731,2011-05-18 11:02:00,3,380.02,205,1,2,1,121
14732,2011-09-12 15:29:00,8,2702.49,87,2,3,3,233
14733,2011-08-21 11:57:00,12,9585.91,110,2,3,3,233
14735,2011-09-19 11:33:00,32,6065.69,81,3,3,3,333
14737,2011-08-03 10:04:00,3,1164.55,128,2,2,2,222
14738,2011-07-29 10:34:00,7,1314.45,133,2,3,3,233
14739,2011-09-06 14:09:00,7,3902.28,93,2,3,3,233
14740,2011-05-26 18:17:00,3,1448.21,196,1,2,3,123
14741,2011-08-18 13:16:00,6,1400.34,112,2,3,3,233
14744,2011-02-15 11:33:00,7,1099.98,297,1,3,2,132
14745,2011-08-19 10:05:00,5,1220.26,112,2,3,3,233
14747,2011-04-04 14:09:00,1,328.2,248,1,1,1,111
14748,2011-08-08 12:28:00,5,1415.75,122,2,3,3,233
14752,2011-10-27 11:55:00,1,389.64,43,3,1,2,312
14753,2011-09-13 14:50:00,1,563.15,86,2,1,2,212
14754,2011-02-17 12:21:00,2,638.05,294,1,2,2,122
14755,2011-09-27 12:08:00,11,5010.28,73,3,3,3,333
14756,2011-11-24 18:13:00,1,738.96,14,3,1,2,312
14757,2011-09-25 14:36:00,1,420.5,74,3,1,2,312
14758,2011-07-18 08:21:00,4,1484.06,144,2,3,3,233
14759,2011-08-19 08:57:00,3,1625.97,112,2,2,3,223
14760,2011-02-15 16:27:00,1,89.2,296,1,1,1,111
14761,2011-10-12 12:10:00,2,255.9,58,3,2,1,321
14762,2011-03-21 08:20:00,1,300.52,263,1,1,1,111
14764,2011-10-24 11:54:00,1,278.3,46,3,1,1,311
14765,2011-08-19 15:06:00,3,254.11,111,2,2,1,221
14766,2011-09-20 09:45:00,6,2473.37,80,3,3,3,333
14768,2011-08-04 13:25:00,2,192.6,126,2,2,1,221
14769,2011-09-18 15:33:00,8,10674.75,81,3,3,3,333
14770,2011-04-21 14:21:00,2,876.42,231,1,2,2,122
14772,2011-08-19 15:04:00,1,139.26,111,2,1,1,211
14775,2011-07-25 12:12:00,3,1011.9,137,2,2,2,222
14776,2011-08-26 14:23:00,11,2538.3,104,2,3,3,233
14778,2011-08-04 15:23:00,2,730.86,126,2,2,2,222
14779,2011-03-04 12:42:00,3,386.15,279,1,2,1,121
14780,2011-09-21 15:15:00,2,447.68,78,3,2,2,322
14782,2011-01-24 11:12:00,1,200.1,319,1,1,1,111
14784,2011-11-13 13:30:00,2,289.99,25,3,2,1,321
14785,2011-11-29 13:21:00,2,77.4,9,3,2,1,321
14788,2011-12-02 17:06:00,2,679.44,6,3,2,2,322
14789,2011-11-11 08:59:00,1,197.64,28,3,1,1,311
14790,2011-08-12 12:15:00,4,745.06,119,2,3,2,232
14792,2011-10-07 09:19:00,1,6.2,63,3,1,1,311
14793,2011-11-18 14:50:00,1,228.99,20,3,1,1,311
14794,2011-05-20 11:53:00,7,1319.91,203,1,3,3,133
14795,2011-06-26 13:04:00,1,131.45,165,1,1,1,111
14796,2011-09-06 10:42:00,17,8022.49,94,2,3,3,233
14798,2011-07-18 14:40:00,3,173.74,143,2,2,1,221
14799,2011-10-19 16:16:00,1,157.7,50,3,1,1,311
14800,2011-09-25 12:45:00,12,4339.74,74,3,3,3,333
14801,2011-10-09 15:24:00,1,193.14,60,3,1,1,311
14803,2011-06-30 13:58:00,3,845.55,161,1,2,2,122
14804,2011-12-01 11:20:00,1,353.27,8,3,1,1,311
14805,2011-11-24 16:20:00,4,554.65,14,3,3,2,332
14806,2011-09-25 15:32:00,1,193.39,74,3,1,1,311
14808,2011-09-26 11:19:00,8,2741.17,74,3,3,3,333
14810,2011-08-28 11:02:00,11,2087.88,103,2,3,3,233
14813,2010-12-05 11:57:00,2,155.43,369,1,2,1,121
14815,2011-11-03 11:36:00,2,778.5,36,3,2,2,322
14816,2011-05-26 13:16:00,1,271.85,196,1,1,1,111
14817,2011-05-23 13:35:00,2,1110.34,199,1,2,2,122
14818,2011-09-27 11:01:00,3,657.8,73,3,2,2,322
14819,2011-05-31 13:50:00,2,272.07,191,1,2,1,121
14820,2011-09-25 13:24:00,4,507.29,74,3,3,2,332
14821,2010-12-08 08:43:00,1,48.8,366,1,1,1,111
14823,2011-06-12 13:12:00,3,321.43,179,1,2,1,121
14824,2011-09-09 14:12:00,4,1127.71,90,2,3,2,232
14825,2011-09-11 14:49:00,12,2226.91,88,2,3,3,233
14828,2011-05-27 10:16:00,3,2139.76,196,1,2,3,123
14829,2011-06-08 14:29:00,4,697.55,183,1,3,2,132
14830,2011-10-17 14:29:00,1,197.13,52,3,1,1,311
14834,2011-09-29 10:49:00,6,1720.3,71,3,3,3,333
14836,2011-11-09 13:26:00,3,102.45,29,3,2,1,321
14837,2011-09-11 10:58:00,4,1649.5,89,2,3,3,233
14840,2011-03-17 12:00:00,1,62.85,267,1,1,1,111
14841,2011-06-13 14:55:00,6,3295.76,178,1,3,3,133
14842,2011-09-05 14:30:00,4,2824.69,94,2,3,3,233
14844,2011-08-08 13:34:00,4,3189.81,122,2,3,3,233
14847,2011-07-14 10:52:00,1,309.4,148,2,1,1,211
14849,2011-09-05 14:57:00,25,7930.54,94,2,3,3,233
14850,2011-02-01 11:21:00,1,325.75,311,1,1,1,111
14851,2011-03-28 14:59:00,2,511.35,255,1,2,2,122
14852,2011-09-04 13:56:00,6,2836.69,95,2,3,3,233
14853,2011-05-12 15:17:00,2,475.8,210,1,2,2,122
14854,2011-09-22 17:00:00,7,2759.83,77,3,3,3,333
14855,2011-08-12 14:02:00,2,645.65,118,2,2,2,222
14856,2011-11-03 14:53:00,3,1311.38,35,3,2,3,323
14857,2011-07-14 15:03:00,2,1173.12,147,2,2,2,222
14859,2011-09-20 13:19:00,4,1353.74,79,3,3,3,333
14860,2011-11-20 14:17:00,1,170.32,18,3,1,1,311
14861,2011-10-18 12:54:00,1,125.79,51,3,1,1,311
14862,2011-07-14 11:20:00,2,841.2,148,2,2,2,222
14863,2011-11-10 15:04:00,1,266.76,28,3,1,1,311
14865,2011-12-02 16:25:00,2,52.2,6,3,2,1,321
14866,2011-09-20 10:27:00,12,14389.9,80,3,3,3,333
14867,2011-06-07 11:39:00,3,710.28,185,1,2,2,122
14868,2011-09-29 10:45:00,8,2953.59,71,3,3,3,333
14869,2011-08-28 16:09:00,2,725.7,102,2,2,2,222
14870,2011-03-23 10:51:00,1,327.25,261,1,1,1,111
14871,2011-06-14 13:04:00,4,522.38,177,1,3,2,132
14873,2011-05-13 13:52:00,1,519.68,209,1,1,2,112
14875,2011-08-24 12:20:00,2,1465.32,106,2,2,3,223
14878,2011-09-18 12:24:00,9,1485.54,81,3,3,3,333
14880,2011-09-23 13:42:00,3,706.19,76,3,2,2,322
14881,2011-11-20 11:06:00,1,255.4,19,3,1,1,311
14882,2011-11-06 10:15:00,2,589.7,33,3,2,2,322
14883,2011-09-27 14:58:00,6,761.59,72,3,3,2,332
14885,2011-07-31 12:05:00,1,765.32,131,2,1,2,212
14886,2011-04-01 08:56:00,1,364.8,252,1,1,1,111
14887,2011-09-21 15:32:00,1,1862.0,78,3,1,3,313
14888,2011-05-16 14:58:00,1,369.2,206,1,1,1,111
14889,2011-01-07 15:19:00,1,135.9,335,1,1,1,111
14890,2011-03-31 11:57:00,1,125.65,253,1,1,1,111
14891,2011-07-14 18:08:00,2,554.38,147,2,2,2,222
14893,2011-11-30 12:31:00,2,1237.85,8,3,2,3,323
14894,2011-09-15 13:51:00,1,655.75,84,3,1,2,312
14895,2011-09-09 15:11:00,20,11138.71,90,2,3,3,233
14896,2011-05-19 10:20:00,2,468.77,204,1,2,2,122
14897,2011-09-12 16:06:00,4,1366.38,87,2,3,3,233
14898,2011-07-28 14:03:00,6,1303.52,133,2,3,3,233
14901,2011-09-27 11:05:00,9,1421.29,73,3,3,3,333
14902,2011-11-14 10:34:00,1,332.66,25,3,1,1,311
14903,2011-08-07 12:42:00,5,2810.63,123,2,3,3,233
14904,2011-12-07 12:55:00,2,1025.44,1,3,2,2,322
14905,2011-07-05 12:41:00,2,616.15,156,2,2,2,222
14907,2011-09-01 16:41:00,7,3501.1,98,2,3,3,233
14908,2011-09-26 12:56:00,1,277.8,73,3,1,1,311
14910,2011-12-07 10:06:00,4,434.35,2,3,3,2,332
14911,2011-09-07 14:13:00,201,143825.06,92,2,3,3,233
14912,2011-04-07 11:06:00,2,867.85,246,1,2,2,122
14913,2011-06-09 14:14:00,4,1227.43,182,1,3,3,133
14915,2011-09-09 13:34:00,2,307.48,90,2,2,1,221
14916,2011-09-07 10:07:00,4,1268.98,93,2,3,3,233
14918,2011-08-16 11:50:00,2,1610.15,115,2,2,3,223
14920,2011-05-11 10:32:00,2,977.77,212,1,2,2,122
14921,2011-05-22 12:51:00,2,1316.07,200,1,2,3,123
14923,2011-10-20 11:51:00,1,749.1,50,3,1,2,312
14924,2011-04-08 09:25:00,1,310.05,245,1,1,1,111
14929,2011-11-07 17:21:00,1,223.88,31,3,1,1,311
14930,2011-08-23 10:31:00,3,2372.86,108,2,2,3,223
14931,2011-09-26 12:11:00,5,1257.68,74,3,3,3,333
14932,2010-12-09 11:48:00,1,363.53,365,1,1,1,111
14934,2011-09-19 10:10:00,2,1890.94,81,3,2,3,323
14935,2011-02-15 14:44:00,1,1784.71,296,1,1,3,113
14936,2011-08-23 12:30:00,8,8137.02,107,2,3,3,233
14937,2011-08-01 14:16:00,3,1621.88,129,2,2,3,223
14944,2011-09-06 09:23:00,12,5900.25,94,2,3,3,233
14946,2011-11-25 13:33:00,1,100.9,13,3,1,1,311
14947,2011-09-28 15:48:00,2,290.82,71,3,2,1,321
14948,2011-09-29 13:56:00,6,1101.97,70,3,3,2,332
14950,2011-11-20 13:48:00,1,371.2,18,3,1,1,311
14951,2011-09-21 15:15:00,1,311.69,78,3,1,1,311
14952,2011-09-29 08:28:00,11,8099.49,71,3,3,3,333
14953,2011-11-14 14:59:00,1,289.82,24,3,1,1,311
14954,2011-11-27 14:30:00,1,336.17,11,3,1,1,311
14957,2011-03-31 17:59:00,1,58.49,252,1,1,1,111
14958,2011-07-15 14:20:00,3,499.68,146,2,2,2,222
14959,2011-08-22 09:28:00,4,695.42,109,2,3,2,232
14960,2011-06-21 13:38:00,2,221.27,170,1,2,1,121
14961,2011-09-09 13:37:00,9,7044.68,90,2,3,3,233
14962,2011-03-14 09:42:00,1,126.7,270,1,1,1,111
14963,2011-06-09 12:30:00,5,1487.8,182,1,3,3,133
14964,2011-04-06 14:13:00,1,206.21,246,1,1,1,111
14965,2011-09-04 13:20:00,2,599.0,95,2,2,2,222
14966,2011-11-25 12:20:00,1,191.32,13,3,1,1,311
14967,2011-10-21 11:06:00,1,463.8,49,3,1,2,312
14968,2011-11-09 13:58:00,1,147.59,29,3,1,1,311
14970,2011-07-25 14:45:00,4,1592.06,136,2,3,3,233
14971,2011-11-04 17:07:00,3,1116.57,34,3,2,2,322
14972,2011-08-03 14:54:00,1,114.77,127,2,1,1,211
14973,2011-08-24 15:51:00,3,1314.45,106,2,2,3,223
14974,2011-11-02 13:01:00,1,114.39,36,3,1,1,311
14975,2011-10-13 14:08:00,1,279.94,56,3,1,1,311
14976,2011-08-30 17:23:00,7,790.86,100,2,3,2,232
14978,2011-09-28 13:07:00,5,1931.42,71,3,3,3,333
14981,2011-04-07 13:45:00,1,102.12,245,1,1,1,111
14984,2011-06-12 11:04:00,2,213.27,180,1,2,1,121
14985,2011-05-25 14:29:00,2,296.75,197,1,2,1,121
14987,2010-12-09 12:13:00,2,326.4,365,1,2,1,121
14988,2011-05-12 12:05:00,1,334.54,211,1,1,1,111
14995,2011-03-04 13:14:00,2,233.23,279,1,2,1,121
14997,2011-09-12 13:34:00,3,546.2,87,2,2,2,222
14998,2011-06-22 17:30:00,2,429.87,169,1,2,2,122
15000,2011-10-23 11:42:00,1,490.52,47,3,1,2,312
15002,2011-08-16 10:44:00,4,1641.76,115,2,3,3,233
15004,2011-07-15 14:05:00,1,1246.32,146,2,1,3,213
15005,2011-09-05 11:18:00,28,6316.57,95,2,3,3,233
15006,2011-10-19 15:08:00,1,502.09,50,3,1,2,312
15007,2011-07-03 16:00:00,1,156.91,158,1,1,1,111
15009,2011-11-27 13:35:00,3,1261.78,11,3,2,3,323
15010,2011-11-04 12:42:00,1,308.94,34,3,1,1,311
15012,2010-12-01 12:49:00,2,423.04,372,1,2,2,122
15014,2011-06-16 19:40:00,2,260.17,175,1,2,1,121
15016,2011-06-20 12:06:00,1,170.04,172,1,1,1,111
15017,2011-11-06 10:33:00,1,125.58,33,3,1,1,311
15018,2011-04-01 09:56:00,3,496.21,252,1,2,2,122
15019,2011-03-18 12:35:00,1,266.0,265,1,1,1,111
15021,2011-09-14 13:12:00,9,1914.82,85,2,3,3,233
15022,2011-11-28 12:35:00,4,905.04,10,3,3,2,332
15023,2011-08-15 15:06:00,11,6802.76,115,2,3,3,233
15024,2011-08-02 13:09:00,10,1661.33,128,2,3,3,233
15025,2011-11-06 15:20:00,1,377.01,32,3,1,1,311
15026,2011-09-20 13:52:00,3,469.0,79,3,2,2,322
15027,2011-06-24 14:33:00,4,1066.15,167,1,3,2,132
15028,2010-12-06 12:47:00,4,627.13,367,1,3,2,132
15030,2011-09-29 10:50:00,2,518.28,71,3,2,2,322
15031,2011-08-21 15:35:00,4,668.14,109,2,3,2,232
15032,2011-03-28 15:03:00,3,4959.1,255,1,2,3,123
15033,2011-08-08 16:18:00,10,2586.67,122,2,3,3,233
15034,2011-09-30 13:40:00,8,4308.61,69,3,3,3,333
15035,2011-09-11 11:08:00,1,252.73,89,2,1,1,211
15036,2011-09-28 15:42:00,3,465.55,71,3,2,2,322
15038,2011-06-05 11:14:00,6,705.49,187,1,3,2,132
15039,2011-09-09 11:15:00,47,19914.44,91,2,3,3,233
15041,2011-06-22 16:16:00,1,180.35,169,1,1,1,111
15042,2011-05-24 16:25:00,1,135.93,198,1,1,1,111
15043,2011-11-08 14:26:00,1,537.0,30,3,1,2,312
15044,2011-09-25 11:34:00,17,7700.23,75,3,3,3,333
15045,2011-07-11 11:33:00,2,735.66,151,2,2,2,222
15046,2011-09-04 11:54:00,15,5213.77,96,2,3,3,233
15047,2011-03-15 10:49:00,1,343.62,269,1,1,1,111
15048,2011-08-15 10:02:00,4,384.05,116,2,3,1,231
15049,2011-03-11 12:13:00,1,121.17,273,1,1,1,111
15050,2011-09-29 13:45:00,3,1782.09,70,3,2,3,323
15051,2011-07-12 15:29:00,3,1391.61,149,2,2,3,223
15052,2011-01-24 15:52:00,1,215.78,318,1,1,1,111
15053,2011-07-06 13:06:00,3,697.79,155,2,2,2,222
15054,2011-11-27 15:02:00,2,302.1,11,3,2,1,321
15057,2011-03-09 15:17:00,2,1489.5,274,1,2,3,123
15058,2011-09-19 13:02:00,11,2124.99,80,3,3,3,333
15059,2011-08-24 13:22:00,9,1337.72,106,2,3,3,233
15060,2011-12-01 13:47:00,4,303.09,7,3,3,1,331
15061,2011-09-27 14:07:00,48,54534.14,72,3,3,3,333
15062,2011-09-29 16:51:00,4,987.86,70,3,3,2,332
15063,2011-05-10 13:25:00,1,370.8,212,1,1,1,111
15065,2011-06-28 11:44:00,4,3158.13,164,1,3,3,133
15066,2011-10-17 13:25:00,1,893.59,52,3,1,2,312
15067,2011-09-22 13:20:00,3,1744.76,77,3,2,3,323
15068,2011-03-28 14:27:00,2,553.36,255,1,2,2,122
15069,2011-06-13 14:16:00,1,1109.53,178,1,1,2,112
15070,2010-12-02 11:23:00,1,106.2,372,1,1,1,111
15071,2011-09-07 11:43:00,2,982.07,93,2,2,2,222
15073,2011-06-07 12:00:00,3,1043.41,185,1,2,2,122
15074,2011-08-26 14:45:00,1,748.87,104,2,1,2,212
15075,2011-09-23 12:27:00,1,773.03,76,3,1,2,312
15076,2011-06-20 08:23:00,1,880.85,172,1,1,2,112
15078,2011-09-26 13:45:00,32,9743.11,73,3,3,3,333
15079,2011-05-11 12:45:00,4,895.61,211,1,3,2,132
15081,2011-09-14 12:29:00,5,504.8,85,2,3,2,232
15083,2011-03-28 12:18:00,1,88.2,255,1,1,1,111
15087,2011-03-03 10:34:00,1,306.94,281,1,1,1,111
15088,2011-11-18 13:14:00,2,1160.07,20,3,2,2,322
15089,2011-09-06 16:02:00,6,2420.84,93,2,3,3,233
15090,2011-02-04 14:03:00,1,381.32,307,1,1,1,111
15091,2011-10-03 12:47:00,1,480.71,66,3,1,2,312
15092,2011-05-08 14:10:00,2,457.81,214,1,2,2,122
15093,2011-08-15 09:59:00,6,4597.02,116,2,3,3,233
15095,2011-08-28 12:01:00,4,1370.6,103,2,3,3,233
15096,2011-10-28 10:27:00,1,219.39,42,3,1,1,311
15097,2011-12-05 14:03:00,1,248.08,3,3,1,1,311
15098,2011-06-10 15:33:00,3,39916.5,181,1,2,3,123
15099,2011-09-16 13:13:00,1,410.48,83,3,1,2,312
15100,2010-12-08 12:09:00,3,876.0,366,1,2,2,122
15101,2010-12-15 12:54:00,2,317.53,358,1,2,1,121
15103,2011-09-14 13:54:00,2,703.36,85,2,2,2,222
15104,2011-05-27 12:29:00,2,1027.44,195,1,2,2,122
15105,2011-09-14 11:42:00,7,2298.93,86,2,3,3,233
15106,2011-07-21 17:02:00,5,1422.52,140,2,3,3,233
15107,2011-02-01 14:46:00,6,319.5,310,1,3,1,131
15108,2011-07-21 10:24:00,4,1300.25,141,2,3,3,233
15109,2011-04-08 09:58:00,1,484.95,245,1,1,2,112
15110,2011-08-05 09:25:00,4,996.1,126,2,3,2,232
15111,2010-12-02 11:45:00,3,1567.48,372,1,2,3,123
15113,2011-11-30 08:23:00,3,3609.33,9,3,2,3,323
15114,2011-09-07 13:30:00,10,2760.56,92,2,3,3,233
15115,2011-11-21 14:59:00,1,340.11,17,3,1,1,311
15116,2011-07-28 09:48:00,4,1352.75,134,2,3,3,233
15117,2011-08-11 11:51:00,5,1551.78,120,2,3,3,233
15118,2011-07-28 14:54:00,1,244.8,133,2,1,1,211
15119,2011-04-08 09:08:00,1,266.4,245,1,1,1,111
15120,2011-07-29 09:48:00,1,358.82,133,2,1,1,211
15121,2011-02-24 12:41:00,2,457.72,287,1,2,2,122
15122,2011-08-17 16:48:00,3,1633.78,113,2,2,3,223
15123,2011-05-17 14:57:00,2,2199.31,205,1,2,3,123
15124,2011-06-01 09:06:00,2,184.19,191,1,2,1,121
15125,2011-08-18 17:50:00,15,11528.48,112,2,3,3,233
15127,2011-10-05 10:30:00,1,406.53,65,3,1,2,312
15128,2011-08-05 10:31:00,4,1471.0,126,2,3,3,233
15129,2011-08-05 12:25:00,11,3447.4,125,2,3,3,233
15130,2011-06-23 10:15:00,1,330.11,169,1,1,1,111
15132,2011-08-26 11:47:00,5,977.93,105,2,3,2,232
15133,2011-08-04 10:44:00,3,982.42,127,2,2,2,222
15134,2011-09-28 12:33:00,8,1387.99,71,3,3,3,333
15135,2011-04-14 19:16:00,1,139.05,238,1,1,1,111
15136,2011-09-04 16:05:00,4,1286.7,95,2,3,3,233
15139,2011-04-14 11:39:00,2,178.96,239,1,2,1,121
15140,2011-09-21 12:25:00,7,2354.25,78,3,3,3,333
15142,2011-10-24 12:51:00,1,498.74,45,3,1,2,312
15143,2011-04-28 12:03:00,1,259.45,225,1,1,1,111
15144,2011-09-08 12:20:00,17,6580.44,91,2,3,3,233
15145,2011-04-05 15:20:00,4,1194.73,247,1,3,2,132
15146,2011-06-28 12:09:00,2,1327.16,164,1,2,3,123
15147,2011-04-13 15:57:00,1,623.5,239,1,1,2,112
15148,2011-11-29 08:21:00,1,301.29,10,3,1,1,311
15149,2011-07-29 10:58:00,1,520.8,133,2,1,2,212
15150,2011-09-27 11:06:00,10,5314.47,73,3,3,3,333
15152,2011-09-16 09:21:00,13,4745.69,84,3,3,3,333
15153,2011-11-08 17:09:00,1,329.25,30,3,1,1,311
15154,2011-09-25 16:05:00,1,296.42,74,3,1,1,311
15156,2011-12-08 18:22:00,3,961.49,0,3,2,2,322
15157,2011-07-08 13:26:00,3,1936.07,153,2,2,3,223
15158,2011-10-25 13:53:00,1,401.4,44,3,1,2,312
15159,2011-09-11 10:58:00,30,18641.01,89,2,3,3,233
15160,2010-12-17 14:15:00,1,158.16,356,1,1,1,111
15163,2011-05-31 15:22:00,2,304.47,191,1,2,1,121
15164,2011-05-15 13:14:00,3,843.05,207,1,2,2,122
15165,2010-12-01 14:03:00,1,487.75,372,1,1,2,112
15167,2011-01-23 12:41:00,1,163.0,319,1,1,1,111
15168,2011-11-14 11:26:00,1,106.56,25,3,1,1,311
15171,2011-01-12 15:36:00,1,1289.5,330,1,1,3,113
15172,2011-09-30 13:15:00,5,1624.05,69,3,3,3,333
15174,2011-01-21 09:06:00,1,135.75,322,1,1,1,111
15175,2011-09-29 11:31:00,1,224.14,71,3,1,1,311
15178,2011-03-24 15:12:00,1,40.5,259,1,1,1,111
15179,2011-04-20 09:03:00,5,2206.95,233,1,3,3,133
15180,2010-12-07 14:57:00,1,87.5,366,1,1,1,111
15181,2011-06-17 13:57:00,3,689.48,174,1,2,2,122
15182,2011-07-08 13:37:00,2,622.85,153,2,2,2,222
15184,2011-06-02 12:06:00,2,406.76,190,1,2,2,122
15185,2011-09-30 14:06:00,1,310.62,69,3,1,1,311
15186,2011-06-24 14:54:00,2,411.41,167,1,2,2,122
15187,2011-09-09 10:05:00,16,4777.18,91,2,3,3,233
15189,2011-09-09 14:18:00,41,16225.39,90,2,3,3,233
15192,2011-08-12 11:41:00,3,1044.32,119,2,2,2,222
15193,2011-10-10 08:23:00,1,499.32,60,3,1,2,312
15194,2011-09-22 18:10:00,15,7616.53,77,3,3,3,333
15195,2011-12-07 12:20:00,1,3861.0,1,3,1,3,313
15197,2011-04-01 11:50:00,3,1079.61,252,1,2,2,122
15198,2011-09-08 14:42:00,2,193.64,91,2,2,1,221
15199,2011-09-06 10:12:00,4,1268.7,94,2,3,3,233
15201,2011-09-13 14:53:00,5,1236.54,86,2,3,3,233
15203,2011-09-21 12:28:00,6,1827.8,78,3,3,3,333
15204,2010-12-17 13:49:00,1,316.58,356,1,1,1,111
15205,2011-09-15 19:36:00,2,653.24,84,3,2,2,322
15206,2011-09-01 11:41:00,4,420.3,99,2,3,2,232
15208,2011-06-29 13:51:00,5,870.12,162,1,3,2,132
15210,2011-04-28 16:11:00,1,331.18,224,1,1,1,111
15211,2010-12-09 16:08:00,2,894.41,364,1,2,2,122
15212,2011-04-12 13:45:00,1,101.8,240,1,1,1,111
15213,2011-01-25 12:21:00,2,328.35,317,1,2,1,121
15214,2011-09-25 16:06:00,8,1661.44,74,3,3,3,333
15215,2011-09-04 12:24:00,3,734.94,95,2,2,2,222
15216,2011-09-13 11:41:00,1,96.6,87,2,1,1,211
15218,2011-09-26 12:10:00,11,5756.89,74,3,3,3,333
15219,2011-06-16 16:57:00,1,305.75,175,1,1,1,111
15220,2011-08-16 14:28:00,6,1778.96,114,2,3,3,233
15221,2010-12-08 13:08:00,1,403.25,365,1,1,2,112
15222,2011-01-25 08:03:00,1,585.0,318,1,1,2,112
15223,2011-04-04 12:17:00,2,755.75,248,1,2,2,122
15224,2010-12-16 15:02:00,2,322.08,357,1,2,1,121
15225,2011-04-19 14:51:00,1,409.4,233,1,1,2,112
15226,2011-02-02 11:41:00,1,154.41,310,1,1,1,111
15227,2011-05-08 10:11:00,5,1219.4,215,1,3,3,133
15228,2011-08-02 12:27:00,4,3386.71,128,2,3,3,233
15230,2011-04-14 14:39:00,2,429.6,238,1,2,2,122
15232,2011-08-18 16:27:00,2,612.06,112,2,2,2,222
15234,2011-03-08 08:53:00,1,197.0,276,1,1,1,111
15235,2011-05-06 09:44:00,12,2247.51,217,1,3,3,133
15236,2011-02-14 10:52:00,1,321.05,298,1,1,1,111
15237,2011-09-22 15:28:00,4,1412.32,77,3,3,3,333
15238,2011-09-05 15:26:00,3,1071.99,94,2,2,2,222
15239,2011-09-22 09:53:00,2,780.59,78,3,2,2,322
15240,2011-09-16 13:45:00,5,1706.57,83,3,3,3,333
15241,2011-09-27 14:00:00,8,1756.44,72,3,3,3,333
15243,2011-09-26 14:12:00,1,316.68,73,3,1,1,311
15244,2011-04-05 15:12:00,2,631.57,247,1,2,2,122
15245,2011-07-28 18:56:00,3,2515.84,133,2,2,3,223
15246,2011-04-15 14:45:00,2,514.15,237,1,2,2,122
15247,2011-08-09 12:52:00,1,356.0,121,2,1,1,211
15249,2011-09-09 11:46:00,13,6688.46,91,2,3,3,233
15251,2011-09-09 15:53:00,11,10484.99,90,2,3,3,233
15252,2011-06-09 14:15:00,2,740.78,182,1,2,2,122
15253,2011-09-12 12:32:00,5,918.2,87,2,3,2,232
15254,2011-08-04 15:04:00,1,300.36,126,2,1,1,211
15255,2011-10-04 12:43:00,1,890.85,65,3,1,2,312
15256,2011-07-14 11:47:00,1,98.45,148,2,1,1,211
15257,2011-03-01 12:58:00,1,317.15,282,1,1,1,111
15258,2011-06-24 12:30:00,2,623.16,167,1,2,2,122
15260,2011-08-31 13:55:00,7,1810.77,99,2,3,3,233
15261,2011-07-27 15:20:00,1,254.82,134,2,1,1,211
15262,2011-01-20 12:16:00,1,178.95,323,1,1,1,111
15263,2011-08-25 10:26:00,1,156.51,106,2,1,1,211
15264,2011-10-06 13:49:00,1,393.74,63,3,1,2,312
15265,2011-07-11 14:46:00,2,1506.12,150,2,2,3,223
15266,2011-01-05 13:40:00,1,119.3,337,1,1,1,111
15267,2011-07-07 11:36:00,5,1717.36,155,2,3,3,233
15269,2011-11-16 09:32:00,1,408.8,23,3,1,2,312
15270,2011-08-14 10:38:00,7,2379.49,117,2,3,3,233
15271,2011-09-06 09:49:00,15,2507.07,94,2,3,3,233
15272,2011-09-14 16:36:00,2,721.94,85,2,2,2,222
15274,2011-12-05 16:57:00,2,716.57,3,3,2,2,322
15275,2011-11-02 11:20:00,1,615.14,37,3,1,2,312
15276,2011-10-04 16:39:00,1,135.31,65,3,1,1,311
15277,2011-10-24 10:08:00,1,255.9,46,3,1,1,311
15279,2010-12-20 10:48:00,1,290.51,354,1,1,1,111
15280,2011-06-20 17:14:00,1,113.12,171,1,1,1,111
15281,2011-07-26 09:23:00,9,2332.15,136,2,3,3,233
15286,2011-10-21 11:08:00,1,240.55,49,3,1,1,311
15287,2011-09-30 12:30:00,2,486.69,69,3,2,2,322
15288,2011-07-07 10:28:00,5,2306.52,155,2,3,3,233
15289,2011-07-25 11:01:00,3,939.78,137,2,2,2,222
15290,2011-09-21 14:07:00,18,7943.22,78,3,3,3,333
15291,2011-09-06 09:15:00,15,4668.3,94,2,3,3,233
15292,2011-05-22 15:00:00,1,180.94,200,1,1,1,111
15296,2011-08-22 14:20:00,6,3672.86,108,2,3,3,233
15297,2011-11-29 16:32:00,3,641.94,9,3,2,2,322
15298,2011-09-08 08:56:00,12,4799.9,92,2,3,3,233
15299,2011-06-28 17:01:00,7,4507.01,163,1,3,3,133
15300,2011-10-06 17:08:00,1,496.44,63,3,1,2,312
15301,2011-09-28 09:43:00,12,5070.35,72,3,3,3,333
15303,2011-02-22 13:59:00,1,574.02,289,1,1,2,112
15304,2011-09-15 08:55:00,8,694.4,85,2,3,2,232
15306,2011-09-08 12:47:00,3,1174.35,91,2,2,2,222
15307,2011-09-05 11:38:00,1,205.3,95,2,1,1,211
15308,2011-03-10 13:08:00,1,310.47,273,1,1,1,111
15311,2011-09-06 14:38:00,91,60767.9,93,2,3,3,233
15312,2011-09-25 13:10:00,4,924.85,74,3,3,2,332
15313,2011-08-21 16:02:00,1,52.0,109,2,1,1,211
15314,2011-05-24 14:39:00,1,327.97,198,1,1,1,111
15315,2011-08-15 15:17:00,2,570.5,115,2,2,2,222
15316,2011-01-17 11:34:00,1,165.0,326,1,1,1,111
15318,2011-12-06 11:30:00,1,312.62,3,3,1,1,311
15319,2011-03-01 12:48:00,1,204.5,282,1,1,1,111
15320,2011-10-26 13:27:00,1,267.13,43,3,1,1,311
15321,2011-09-30 09:40:00,3,2748.31,70,3,2,3,323
15322,2011-09-15 09:34:00,1,679.68,85,2,1,2,212
15325,2011-08-28 11:55:00,1,162.29,103,2,1,1,211
15326,2011-01-10 11:38:00,1,311.71,333,1,1,1,111
15327,2011-10-18 11:55:00,1,208.75,52,3,1,1,311
15329,2011-07-28 15:31:00,3,1049.7,133,2,2,2,222
15330,2011-11-07 17:50:00,2,714.96,31,3,2,2,322
15332,2010-12-08 14:43:00,4,1661.06,365,1,3,3,133
15333,2011-05-15 13:27:00,1,1028.56,207,1,1,2,112
15334,2011-07-06 11:22:00,3,351.67,156,2,2,1,221
15335,2011-10-17 12:50:00,1,173.97,52,3,1,1,311
15339,2011-10-04 12:51:00,2,574.07,65,3,2,2,322
15341,2011-09-20 09:40:00,1,2020.52,80,3,1,3,313
15342,2011-08-02 10:19:00,1,406.09,129,2,1,2,212
15343,2011-09-13 13:55:00,1,364.5,86,2,1,1,211
15344,2011-09-26 14:48:00,3,563.94,73,3,2,2,322
15345,2011-10-25 11:28:00,1,393.54,45,3,1,2,312
15346,2011-01-11 11:18:00,1,252.42,332,1,1,1,111
15347,2010-12-08 15:25:00,1,201.6,365,1,1,1,111
15348,2011-09-28 13:17:00,1,158.04,71,3,1,1,311
15349,2011-07-04 16:06:00,2,473.81,157,2,2,2,222
15350,2010-12-01 13:33:00,1,115.65,372,1,1,1,111
15351,2011-09-21 15:54:00,7,1960.11,78,3,3,3,333
15353,2011-03-30 12:15:00,2,777.02,254,1,2,2,122
15355,2011-11-10 13:44:00,2,277.05,28,3,2,1,321
15356,2011-09-29 13:11:00,10,2766.5,70,3,3,3,333
15358,2011-09-26 11:04:00,22,8347.2,74,3,3,3,333
15360,2011-10-31 09:35:00,1,427.93,39,3,1,2,312
15361,2010-12-13 09:52:00,1,418.92,361,1,1,2,112
15363,2010-12-02 12:28:00,1,326.0,371,1,1,1,111
15364,2011-09-05 09:46:00,2,913.19,95,2,2,2,222
15365,2011-09-04 15:37:00,7,2314.32,95,2,3,3,233
15366,2011-09-25 15:01:00,2,602.51,74,3,2,2,322
15367,2011-04-08 11:50:00,4,1877.59,245,1,3,3,133
15368,2011-11-18 14:42:00,1,446.94,20,3,1,2,312
15370,2011-09-29 13:35:00,7,2386.05,70,3,3,3,333
15372,2011-07-25 16:39:00,1,2007.4,136,2,1,3,213
15373,2011-08-16 08:52:00,12,2415.91,115,2,3,3,233
15374,2011-08-03 09:59:00,1,168.0,128,2,1,1,211
15376,2011-08-14 15:39:00,3,1233.36,116,2,2,3,223
15379,2011-06-06 15:06:00,7,3703.29,185,1,3,3,133
15380,2011-09-14 15:41:00,5,1690.26,85,2,3,3,233
15381,2011-05-10 11:55:00,2,596.85,213,1,2,2,122
15382,2011-09-16 09:27:00,6,5955.71,84,3,3,3,333
15384,2011-06-23 10:57:00,2,642.41,169,1,2,2,122
15385,2011-10-30 15:11:00,1,316.88,39,3,1,1,311
15386,2011-06-06 13:47:00,1,394.14,185,1,1,2,112
15388,2011-03-14 13:53:00,1,140.54,269,1,1,1,111
15389,2011-06-20 16:18:00,1,500.0,171,1,1,2,112
15392,2011-09-12 10:01:00,4,1535.53,88,2,3,3,233
15393,2011-03-03 16:58:00,2,231.86,280,1,2,1,121
15394,2011-09-22 15:51:00,4,2183.54,77,3,3,3,333
15395,2011-01-18 12:40:00,1,107.45,324,1,1,1,111
15396,2011-08-19 10:56:00,1,288.18,112,2,1,1,211
15397,2011-02-23 09:25:00,1,94.0,289,1,1,1,111
15398,2011-09-22 14:56:00,2,1345.53,77,3,2,3,323
15399,2011-09-21 15:57:00,3,815.77,78,3,2,2,322
15400,2011-09-08 13:57:00,5,716.2,91,2,3,2,232
15402,2011-07-14 12:17:00,2,626.77,147,2,2,2,222
15405,2011-06-03 14:44:00,1,349.1,188,1,1,1,111
15406,2011-02-11 16:20:00,2,510.71,300,1,2,2,122
15407,2011-06-09 11:32:00,4,1056.44,183,1,3,2,132
15408,2011-03-20 15:02:00,1,267.18,263,1,1,1,111
15410,2011-09-16 14:47:00,8,3450.84,83,3,3,3,333
15411,2011-09-30 14:07:00,4,1358.88,69,3,3,3,333
15412,2011-06-21 15:24:00,1,190.53,170,1,1,1,111
15414,2011-04-11 13:45:00,3,774.9,241,1,2,2,122
15415,2011-01-30 14:13:00,1,572.81,312,1,1,2,112
15416,2011-07-07 18:29:00,4,3984.32,154,2,3,3,233
15417,2011-09-15 15:26:00,1,508.8,84,3,1,2,312
15419,2011-11-15 09:23:00,1,135.86,24,3,1,1,311
15421,2011-05-08 14:02:00,4,950.36,214,1,3,2,132
15422,2011-01-20 16:17:00,2,97.7,322,1,2,1,121
15423,2011-11-01 14:01:00,1,43.5,37,3,1,1,311
15424,2011-03-30 13:02:00,2,383.34,253,1,2,1,121
15426,2011-03-27 16:05:00,5,1447.39,256,1,3,3,133
15427,2011-11-06 14:29:00,3,1483.14,32,3,2,3,323
15428,2011-11-24 16:54:00,1,93.78,14,3,1,1,311
15429,2011-09-25 13:42:00,2,397.35,74,3,2,2,322
15432,2011-11-16 16:30:00,1,171.19,22,3,1,1,311
15433,2011-05-10 10:45:00,2,533.3,213,1,2,2,122
15434,2011-08-24 16:24:00,5,1041.48,106,2,3,2,232
15435,2011-11-17 16:39:00,1,149.29,21,3,1,1,311
15436,2011-04-19 16:52:00,3,1122.53,233,1,2,2,122
15437,2011-03-22 13:11:00,1,200.16,261,1,1,1,111
15438,2011-07-31 14:19:00,1,156.58,130,2,1,1,211
15440,2011-07-26 14:27:00,3,383.68,135,2,2,1,221
15442,2011-04-05 12:24:00,1,594.0,247,1,1,2,112
15443,2011-09-27 11:58:00,7,3236.91,73,3,3,3,333
15444,2011-11-30 17:37:00,2,1418.26,8,3,2,3,323
15445,2011-03-20 15:06:00,1,113.5,263,1,1,1,111
15447,2011-01-13 11:26:00,1,155.17,330,1,1,1,111
15448,2011-01-31 10:42:00,1,494.64,312,1,1,2,112
15449,2011-06-07 16:42:00,3,974.52,184,1,2,2,122
15450,2011-11-09 17:11:00,1,429.84,29,3,1,2,312
15452,2011-09-29 14:08:00,3,538.73,70,3,2,2,322
15453,2011-09-08 15:05:00,7,1388.37,91,2,3,3,233
15454,2010-12-12 14:21:00,1,179.1,361,1,1,1,111
15456,2011-03-01 13:51:00,3,447.22,282,1,2,2,122
15457,2011-03-22 15:31:00,1,237.07,261,1,1,1,111
15458,2011-11-14 13:08:00,1,161.64,24,3,1,1,311
15460,2010-12-20 16:08:00,1,216.76,353,1,1,1,111
15462,2011-09-06 13:11:00,3,234.6,93,2,2,1,221
15463,2011-11-10 12:57:00,1,126.14,28,3,1,1,311
15464,2011-01-05 15:56:00,1,1048.85,337,1,1,2,112
15465,2011-09-18 10:19:00,18,7354.62,82,3,3,3,333
15466,2011-09-15 14:08:00,1,334.53,84,3,1,1,311
15467,2011-07-17 15:24:00,3,524.88,144,2,2,2,222
15468,2011-10-19 13:49:00,2,467.51,50,3,2,2,322
15469,2011-08-11 16:54:00,2,538.55,119,2,2,2,222
15471,2011-12-07 14:12:00,1,469.48,1,3,1,2,312
15472,2011-08-18 15:17:00,1,371.56,112,2,1,1,211
15473,2011-11-25 15:15:00,7,1771.2,13,3,3,3,333
15475,2011-09-23 15:20:00,1,454.11,76,3,1,2,312
15478,2011-10-30 14:19:00,2,1441.42,39,3,2,3,323
15480,2011-08-15 14:32:00,1,905.5,115,2,1,2,212
15482,2011-06-27 10:29:00,12,11054.96,165,1,3,3,133
15483,2011-07-01 13:07:00,4,233.81,160,1,3,1,131
15484,2011-09-22 13:31:00,4,3594.31,77,3,3,3,333
15485,2010-12-01 13:23:00,3,2575.0,372,1,2,3,123
15488,2011-09-08 10:11:00,1,91.32,92,2,1,1,211
15489,2011-05-12 12:54:00,3,1134.28,210,1,2,2,122
15491,2011-09-05 15:56:00,6,3100.09,94,2,3,3,233
15492,2011-09-26 14:02:00,2,659.46,73,3,2,2,322
15493,2011-07-13 11:19:00,5,2001.8,149,2,3,3,233
15494,2011-08-10 15:29:00,2,1299.23,120,2,2,3,223
15497,2011-11-22 11:51:00,2,1262.2,17,3,2,3,323
15498,2011-09-16 09:56:00,27,13316.4,84,3,3,3,333
15500,2011-09-19 13:47:00,4,1131.56,80,3,3,2,332
15502,2011-09-11 11:58:00,12,10384.93,89,2,3,3,233
15503,2010-12-12 10:57:00,1,147.09,362,1,1,1,111
15504,2011-09-19 13:45:00,1,52.83,80,3,1,1,311
15505,2011-09-16 12:27:00,5,3610.96,83,3,3,3,333
15506,2011-07-24 11:45:00,3,979.26,138,2,2,2,222
15507,2011-06-21 11:19:00,1,492.36,171,1,1,2,112
15508,2011-06-03 15:43:00,6,1000.27,188,1,3,2,132
15510,2011-01-13 12:10:00,1,250.0,330,1,1,1,111
15511,2011-09-15 15:05:00,5,909.23,84,3,3,2,332
15512,2011-07-07 10:20:00,2,121.0,155,2,2,1,221
15513,2011-09-06 09:53:00,19,14758.22,94,2,3,3,233
15514,2011-04-28 12:06:00,11,4139.46,225,1,3,3,133
15516,2011-10-26 10:51:00,3,62.43,44,3,2,1,321
15517,2011-04-20 14:02:00,1,267.03,232,1,1,1,111
15518,2011-08-07 13:08:00,8,1942.45,123,2,3,3,233
15520,2011-12-08 10:58:00,1,343.5,1,3,1,1,311
15521,2011-09-06 10:04:00,8,3000.2,94,2,3,3,233
15522,2011-09-13 12:26:00,2,398.84,86,2,2,2,222
15523,2011-09-16 16:29:00,1,412.01,83,3,1,2,312
15524,2011-11-15 12:09:00,1,440.0,24,3,1,2,312
15525,2011-12-07 14:43:00,3,825.92,1,3,2,2,322
15526,2011-11-06 15:04:00,2,148.44,32,3,2,1,321
15527,2011-09-11 12:56:00,8,2429.78,88,2,3,3,233
15528,2011-03-30 16:14:00,1,229.33,253,1,1,1,111
15529,2011-09-13 11:14:00,11,3995.23,87,2,3,3,233
15530,2011-07-13 12:15:00,4,1502.35,149,2,3,3,233
15531,2011-12-01 18:43:00,2,2007.44,7,3,2,3,323
15532,2011-07-31 13:13:00,4,1580.93,130,2,3,3,233
15533,2011-09-18 13:40:00,3,807.57,81,3,2,2,322
15535,2011-06-19 16:02:00,4,536.4,172,1,3,2,132
15537,2011-06-29 13:10:00,1,110.92,162,1,1,1,111
15539,2011-12-02 13:36:00,1,538.46,6,3,1,2,312
15540,2011-11-28 13:51:00,1,213.3,10,3,1,1,311
15541,2011-08-17 14:58:00,1,85.13,113,2,1,1,211
15543,2011-02-24 15:26:00,1,127.86,287,1,1,1,111
15544,2011-08-12 09:10:00,9,3546.71,119,2,3,3,233
15545,2010-12-03 17:28:00,2,292.72,370,1,2,1,121
15547,2011-09-18 14:27:00,14,4954.84,81,3,3,3,333
15549,2011-09-23 16:22:00,3,1693.26,76,3,2,3,323
15550,2011-08-25 15:18:00,4,575.63,105,2,3,2,232
15551,2011-11-03 12:37:00,1,436.06,35,3,1,2,312
15552,2011-05-06 14:47:00,1,90.12,216,1,1,1,111
15553,2011-10-10 14:02:00,1,437.23,59,3,1,2,312
15554,2011-03-07 09:00:00,1,217.2,277,1,1,1,111
15555,2011-09-22 17:07:00,16,4805.17,77,3,3,3,333
15556,2011-11-15 16:08:00,1,279.77,23,3,1,1,311
15557,2011-11-11 12:46:00,1,473.65,27,3,1,2,312
15561,2011-07-13 11:20:00,4,800.59,149,2,3,2,232
15562,2010-12-23 09:55:00,1,134.55,351,1,1,1,111
15563,2011-05-23 11:44:00,4,1400.44,200,1,3,3,133
15565,2011-09-30 10:44:00,2,173.16,70,3,2,1,321
15567,2011-11-21 10:48:00,1,186.01,18,3,1,1,311
15568,2011-09-27 14:37:00,3,758.29,72,3,2,2,322
15569,2011-08-28 10:15:00,5,1375.71,103,2,3,3,233
15570,2011-07-21 12:29:00,12,4165.52,140,2,3,3,233
15571,2011-09-22 13:15:00,4,650.43,77,3,3,2,332
15572,2011-08-22 10:44:00,7,2552.86,109,2,3,3,233
15573,2011-09-15 12:16:00,2,607.45,85,2,2,2,222
15574,2011-06-15 12:01:00,4,702.25,177,1,3,2,132
15576,2011-11-02 12:03:00,1,940.67,37,3,1,2,312
15577,2011-07-11 17:03:00,3,258.88,150,2,2,1,221
15578,2011-06-30 13:03:00,1,127.1,161,1,1,1,111
15579,2011-10-02 12:45:00,2,348.6,67,3,2,1,321
15581,2011-08-09 13:44:00,13,3679.97,121,2,3,3,233
15582,2011-08-31 14:52:00,3,682.91,99,2,2,2,222
15584,2011-09-28 10:09:00,4,725.11,72,3,3,2,332
15585,2011-06-16 08:38:00,1,455.3,176,1,1,2,112
15587,2011-09-11 12:10:00,4,913.68,89,2,3,2,232
15589,2011-03-29 09:54:00,3,478.53,255,1,2,2,122
15592,2011-10-24 08:59:00,1,388.58,46,3,1,2,312
15593,2011-09-30 11:46:00,1,199.8,70,3,1,1,311
15594,2011-09-07 10:51:00,5,1771.78,93,2,3,3,233
15596,2011-08-31 10:55:00,5,1406.59,100,2,3,3,233
15597,2011-11-04 13:26:00,1,324.57,34,3,1,1,311
15598,2011-10-17 16:04:00,1,240.68,52,3,1,1,311
15599,2011-05-19 13:05:00,2,761.74,203,1,2,2,122
15601,2011-09-11 15:20:00,14,6776.56,88,2,3,3,233
15602,2011-09-30 09:38:00,9,1297.87,70,3,3,3,333
15603,2011-09-22 10:04:00,1,48.48,78,3,1,1,311
15604,2011-10-18 14:47:00,1,216.39,51,3,1,1,311
15605,2011-09-11 10:39:00,5,1198.23,89,2,3,3,233
15606,2011-08-12 15:00:00,9,2920.16,118,2,3,3,233
15607,2011-01-07 12:44:00,1,104.76,335,1,1,1,111
15608,2011-08-11 09:56:00,4,1093.68,120,2,3,2,232
15609,2011-06-08 13:00:00,1,298.48,183,1,1,1,111
15610,2011-10-19 10:36:00,1,112.46,51,3,1,1,311
15611,2011-09-30 13:21:00,13,1591.45,69,3,3,3,333
15612,2011-11-03 14:52:00,2,195.15,35,3,2,1,321
15615,2011-08-26 12:41:00,23,10399.74,104,2,3,3,233
15618,2011-09-08 12:57:00,4,776.85,91,2,3,2,232
15619,2011-11-29 08:14:00,1,336.4,10,3,1,1,311
15620,2011-05-03 11:22:00,3,1553.18,220,1,2,3,123
15621,2011-12-05 14:01:00,4,1293.03,3,3,3,3,333
15622,2011-09-14 10:35:00,9,3709.56,86,2,3,3,233
15623,2011-07-21 17:26:00,1,301.03,140,2,1,1,211
15624,2011-08-15 11:38:00,4,588.13,116,2,3,2,232
15625,2011-08-28 10:21:00,4,1534.26,103,2,3,3,233
15626,2011-09-26 10:03:00,2,675.8,74,3,2,2,322
15628,2011-09-02 12:52:00,9,2870.24,97,2,3,3,233
15630,2011-05-19 10:16:00,2,1186.35,204,1,2,2,122
15632,2011-08-10 10:57:00,8,3285.31,121,2,3,3,233
15634,2011-11-22 16:28:00,1,243.55,16,3,1,1,311
15636,2011-09-11 11:17:00,2,724.76,89,2,2,2,222
15637,2011-10-18 08:28:00,1,223.36,52,3,1,1,311
15639,2011-07-28 14:30:00,1,425.32,133,2,1,2,212
15640,2011-09-22 14:59:00,15,12515.66,77,3,3,3,333
15641,2011-08-26 14:04:00,4,1887.2,104,2,3,3,233
15643,2011-06-01 07:38:00,3,664.0,191,1,2,2,122
15644,2011-06-26 14:54:00,4,813.0,165,1,3,2,132
15645,2011-11-21 11:55:00,1,612.01,18,3,1,2,312
15646,2011-07-05 09:53:00,3,447.64,157,2,2,2,222
15648,2011-05-19 15:53:00,2,657.35,203,1,2,2,122
15649,2010-12-07 10:06:00,2,816.0,367,1,2,2,122
15651,2011-03-24 08:56:00,3,646.3,260,1,2,2,122
15652,2011-09-09 14:22:00,1,337.74,90,2,1,1,211
15653,2011-09-08 10:49:00,2,877.44,92,2,2,2,222
15654,2011-11-30 13:08:00,2,922.53,8,3,2,2,322
15655,2011-04-10 15:25:00,1,560.67,242,1,1,2,112
15656,2011-06-14 13:48:00,4,748.5,177,1,3,2,132
15657,2011-11-17 12:19:00,1,30.0,21,3,1,1,311
15658,2011-06-02 15:22:00,5,1024.1,189,1,3,2,132
15659,2011-10-27 09:23:00,1,306.45,43,3,1,1,311
15660,2011-09-15 13:57:00,9,1600.86,84,3,3,3,333
15661,2011-01-05 12:32:00,2,309.8,337,1,2,1,121
15663,2011-08-25 15:50:00,1,138.14,105,2,1,1,211
15664,2011-10-20 10:57:00,1,386.43,50,3,1,1,311
15665,2011-06-24 14:57:00,2,2242.01,167,1,2,3,123
15667,2011-10-31 10:56:00,1,301.32,39,3,1,1,311
15668,2011-05-06 10:39:00,1,76.32,217,1,1,1,111
15669,2011-08-28 11:19:00,4,684.34,103,2,3,2,232
15670,2011-02-16 10:50:00,1,173.05,296,1,1,1,111
15671,2011-09-06 10:53:00,7,2657.13,94,2,3,3,233
15673,2011-09-12 16:12:00,4,2881.02,87,2,3,3,233
15674,2011-09-27 15:17:00,5,2446.6,72,3,3,3,333
15675,2011-09-19 13:48:00,3,323.69,80,3,2,1,321
15676,2011-03-01 10:19:00,3,3435.76,283,1,2,3,123
15677,2011-10-21 15:36:00,1,657.23,48,3,1,2,312
15678,2011-10-18 09:25:00,1,352.7,52,3,1,1,311
15679,2011-07-08 13:31:00,4,781.28,153,2,3,2,232
15680,2010-12-08 14:43:00,3,1333.68,365,1,2,3,123
15681,2011-06-09 16:34:00,5,1426.16,182,1,3,3,133
15683,2011-08-14 12:56:00,1,193.75,116,2,1,1,211
15687,2011-06-06 09:13:00,9,2993.1,186,1,3,3,133
15689,2011-08-12 09:37:00,2,254.1,119,2,2,1,221
15690,2011-08-31 11:40:00,2,239.76,100,2,2,1,221
15691,2011-04-01 15:13:00,1,136.8,251,1,1,1,111
15692,2011-11-11 14:12:00,1,191.04,27,3,1,1,311
15694,2011-06-05 11:44:00,14,6479.4,187,1,3,3,133
15695,2011-03-18 08:32:00,2,409.98,266,1,2,2,122
15696,2011-09-21 08:55:00,8,2736.46,79,3,3,3,333
15699,2011-11-22 08:26:00,1,309.65,17,3,1,1,311
15700,2011-06-20 16:53:00,2,696.68,171,1,2,2,122
15701,2011-09-27 10:41:00,4,1542.14,73,3,3,3,333
15703,2011-03-20 10:51:00,1,211.5,264,1,1,1,111
15704,2011-07-22 13:35:00,4,2293.62,139,2,3,3,233
15705,2011-05-22 15:37:00,1,143.1,200,1,1,1,111
15706,2011-09-25 12:45:00,4,1060.56,74,3,3,2,332
15707,2011-09-14 14:19:00,4,945.58,85,2,3,2,232
15708,2011-07-24 12:20:00,7,3364.24,137,2,3,3,233
15709,2011-03-01 10:38:00,1,133.25,283,1,1,1,111
15712,2011-09-29 13:03:00,5,1072.36,70,3,3,2,332
15713,2011-07-19 13:34:00,2,356.7,142,2,2,1,221
15714,2011-09-23 11:25:00,2,330.88,77,3,2,1,321
15716,2011-07-17 11:59:00,4,1118.81,145,2,3,2,232
15717,2011-04-19 13:21:00,1,150.3,233,1,1,1,111
15719,2011-09-01 12:41:00,13,5045.61,98,2,3,3,233
15720,2011-11-15 14:48:00,1,598.73,23,3,1,2,312
15721,2011-11-28 12:14:00,1,507.08,11,3,1,2,312
15722,2011-08-23 11:30:00,5,2222.56,108,2,3,3,233
15723,2010-12-10 11:12:00,1,203.1,364,1,1,1,111
15724,2011-05-22 14:40:00,2,218.25,200,1,2,1,121
15725,2011-11-24 14:51:00,1,415.25,14,3,1,2,312
15727,2011-08-24 14:54:00,7,5178.96,106,2,3,3,233
15729,2011-05-11 12:36:00,1,85.0,211,1,1,1,111
15730,2011-09-08 14:28:00,3,1120.88,91,2,2,2,222
15732,2011-05-11 14:24:00,2,294.12,211,1,2,1,121
15733,2011-03-02 09:05:00,1,162.3,282,1,1,1,111
15734,2011-08-17 10:50:00,2,1339.45,114,2,2,3,223
15737,2011-09-21 13:24:00,8,1205.12,78,3,3,3,333
15738,2011-09-04 12:04:00,16,4812.42,96,2,3,3,233
15739,2011-10-04 13:42:00,1,449.12,65,3,1,2,312
15740,2011-10-21 14:29:00,1,154.88,48,3,1,1,311
15743,2011-08-18 12:43:00,4,784.46,112,2,3,2,232
15744,2011-09-23 09:52:00,1,34.8,77,3,1,1,311
15745,2011-09-27 10:24:00,4,1094.59,73,3,3,2,332
15746,2011-07-28 15:21:00,1,196.88,133,2,1,1,211
15747,2011-08-11 14:04:00,3,974.04,119,2,2,2,222
15748,2011-10-30 12:51:00,1,149.31,39,3,1,1,311
15749,2011-04-18 13:20:00,3,44534.3,234,1,2,3,123
15750,2011-09-28 13:00:00,8,2465.48,71,3,3,3,333
15752,2011-09-07 15:52:00,7,2637.38,92,2,3,3,233
15753,2011-02-08 12:41:00,1,79.2,303,1,1,1,111
15754,2011-09-27 10:12:00,3,458.57,73,3,2,2,322
15755,2011-09-26 15:51:00,6,2364.25,73,3,3,3,333
15756,2011-07-10 11:19:00,4,532.96,152,2,3,2,232
15757,2011-05-06 11:40:00,2,714.42,217,1,2,2,122
15758,2011-11-15 10:48:00,1,205.25,24,3,1,1,311
15759,2011-05-05 15:13:00,3,253.04,217,1,2,1,121
15762,2011-09-23 15:17:00,2,583.75,76,3,2,2,322
15763,2011-09-23 12:10:00,2,1086.92,77,3,2,2,322
15764,2011-09-12 17:58:00,6,3279.97,87,2,3,3,233
15766,2011-10-06 17:03:00,1,315.06,63,3,1,1,311
15768,2011-08-16 10:48:00,3,621.83,115,2,2,2,222
15769,2011-09-13 09:33:00,26,56252.72,87,2,3,3,233
15773,2011-12-04 12:48:00,1,635.68,4,3,1,2,312
15774,2011-10-02 12:04:00,1,270.8,68,3,1,1,311
15775,2011-04-08 12:56:00,1,104.9,244,1,1,1,111
15776,2011-07-29 13:46:00,1,241.62,132,2,1,1,211
15777,2011-04-12 16:43:00,4,1047.11,240,1,3,2,132
15780,2011-06-09 12:01:00,3,475.28,183,1,2,2,122
15781,2011-07-25 12:25:00,3,345.46,136,2,2,1,221
15782,2011-09-11 14:29:00,3,2614.74,88,2,2,3,223
15783,2011-11-29 09:50:00,1,246.3,10,3,1,1,311
15785,2011-07-05 10:08:00,5,2328.97,157,2,3,3,233
15786,2011-08-17 13:33:00,3,4932.2,113,2,2,3,223
15787,2011-11-13 14:55:00,3,948.05,25,3,2,2,322
15789,2010-12-16 14:35:00,1,351.3,357,1,1,1,111
15790,2011-11-29 14:53:00,1,220.85,9,3,1,1,311
15791,2011-05-19 15:15:00,2,1612.69,203,1,2,3,123
15793,2011-03-16 10:45:00,3,965.61,268,1,2,2,122
15795,2011-07-13 10:43:00,1,610.01,149,2,1,2,212
15796,2011-09-28 16:38:00,8,2711.56,71,3,3,3,333
15797,2011-08-18 17:04:00,4,2207.4,112,2,3,3,233
15799,2011-09-25 12:46:00,3,884.14,74,3,2,2,322
15800,2011-08-24 14:23:00,2,699.08,106,2,2,2,222
15801,2011-08-22 09:53:00,3,1063.95,109,2,2,2,222
15802,2011-07-20 11:38:00,1,451.42,142,2,1,2,212
15803,2011-10-19 14:56:00,1,415.82,50,3,1,2,312
15804,2011-09-06 15:14:00,13,4206.39,93,2,3,3,233
15805,2011-08-25 14:50:00,17,5528.48,105,2,3,3,233
15806,2011-07-05 12:15:00,3,784.58,157,2,2,2,222
15807,2011-09-23 14:43:00,3,903.9,76,3,2,2,322
15808,2011-02-06 14:33:00,4,3734.97,305,1,3,3,133
15809,2011-06-08 15:31:00,5,515.77,183,1,3,2,132
15810,2011-09-22 09:38:00,4,1391.98,78,3,3,3,333
15811,2011-08-26 09:37:00,6,2218.62,105,2,3,3,233
15812,2011-08-24 14:19:00,5,1801.14,106,2,3,3,233
15813,2011-05-16 08:13:00,2,1303.91,207,1,2,3,123
15814,2011-11-03 14:42:00,4,1945.33,35,3,3,3,333
15815,2011-07-22 12:20:00,5,2100.6,139,2,3,3,233
15819,2011-07-31 15:22:00,4,1905.45,130,2,3,3,233
15820,2011-01-24 12:00:00,1,206.98,319,1,1,1,111
15821,2011-10-09 13:28:00,2,570.96,60,3,2,2,322
15822,2011-12-06 14:50:00,2,885.47,2,3,2,2,322
15823,2010-12-02 15:08:00,1,15.0,371,1,1,1,111
15825,2011-06-20 13:27:00,1,532.94,171,1,1,2,112
15826,2011-05-13 10:44:00,3,1654.31,210,1,2,3,123
15827,2011-09-27 15:35:00,14,1836.09,72,3,3,3,333
15829,2011-09-01 16:45:00,2,636.14,98,2,2,2,222
15830,2011-11-02 10:40:00,1,576.0,37,3,1,2,312
15831,2011-08-07 13:54:00,3,801.76,123,2,2,2,222
15832,2011-03-30 15:29:00,1,836.79,253,1,1,2,112
15834,2011-09-30 14:41:00,4,2233.75,69,3,3,3,333
15835,2011-07-25 12:50:00,4,954.09,136,2,3,2,232
15836,2011-10-20 17:13:00,1,137.37,49,3,1,1,311
15837,2011-10-06 09:01:00,1,391.98,64,3,1,2,312
15838,2011-09-23 09:19:00,19,33643.08,77,3,3,3,333
15839,2011-09-20 12:12:00,3,1048.49,80,3,2,2,322
15840,2011-06-20 11:42:00,2,355.56,172,1,2,1,121
15841,2011-09-28 12:15:00,4,1224.06,72,3,3,3,333
15843,2011-02-09 10:19:00,1,118.95,303,1,1,1,111
15844,2011-10-24 15:19:00,1,130.74,45,3,1,1,311
15845,2011-09-14 09:22:00,8,3711.77,86,2,3,3,233
15847,2011-02-24 16:46:00,2,389.27,287,1,2,2,122
15850,2011-06-24 14:16:00,2,238.85,167,1,2,1,121
15852,2011-06-06 11:22:00,2,160.71,186,1,2,1,121
15853,2011-10-19 10:38:00,1,110.8,51,3,1,1,311
15854,2011-09-14 12:25:00,12,2974.65,85,2,3,3,233
15855,2011-07-26 10:20:00,5,712.24,136,2,3,2,232
15856,2011-09-05 17:44:00,27,16387.57,94,2,3,3,233
15857,2011-11-21 12:18:00,1,297.0,17,3,1,1,311
15858,2011-09-23 09:39:00,5,1438.85,77,3,3,3,333
15860,2011-09-25 12:31:00,8,977.21,74,3,3,2,332
15861,2011-07-28 11:29:00,8,3165.36,134,2,3,3,233
15862,2011-08-19 16:34:00,4,832.88,111,2,3,2,232
15863,2011-05-31 11:36:00,2,68.84,192,1,2,1,121
15864,2011-09-02 10:31:00,6,1936.32,98,2,3,3,233
15865,2011-09-12 09:38:00,3,895.13,88,2,2,2,222
15866,2011-08-30 14:09:00,1,230.53,100,2,1,1,211
15867,2011-09-30 15:04:00,15,3812.64,69,3,3,3,333
15869,2011-03-07 17:23:00,2,149.64,276,1,2,1,121
15870,2011-11-07 10:58:00,1,354.09,32,3,1,1,311
15872,2011-11-25 11:55:00,2,360.93,14,3,2,1,321
15874,2011-06-15 11:01:00,7,4405.88,177,1,3,3,133
15877,2011-12-08 11:53:00,2,493.28,1,3,2,2,322
15880,2010-12-05 13:00:00,1,343.28,368,1,1,1,111
15881,2010-12-13 10:36:00,5,501.39,361,1,3,2,132
15882,2011-05-25 11:35:00,4,516.36,198,1,3,2,132
15883,2011-12-07 17:05:00,2,396.48,1,3,2,2,322
15885,2011-09-08 10:43:00,3,379.35,92,2,2,1,221
15886,2011-10-10 14:25:00,1,181.09,59,3,1,1,311
15888,2011-09-20 12:30:00,1,168.31,79,3,1,1,311
15889,2011-07-06 11:10:00,2,446.87,156,2,2,2,222
15891,2011-04-27 12:35:00,1,524.52,225,1,1,2,112
15894,2011-03-31 13:50:00,2,263.55,252,1,2,1,121
15895,2011-07-13 10:27:00,1,179.17,149,2,1,1,211
15897,2011-05-29 13:50:00,2,222.05,193,1,2,1,121
15898,2011-04-27 10:03:00,5,1388.88,226,1,3,3,133
15899,2010-12-06 10:36:00,1,56.25,368,1,1,1,111
15900,2011-11-16 12:19:00,1,351.11,22,3,1,1,311
15901,2011-09-23 12:38:00,3,363.88,76,3,2,1,321
15903,2011-09-30 13:31:00,7,5126.76,69,3,3,3,333
15904,2011-12-01 14:50:00,1,164.68,7,3,1,1,311
15906,2011-07-18 11:37:00,7,1567.69,144,2,3,3,233
15907,2011-06-16 12:45:00,3,967.45,175,1,2,2,122
15909,2011-06-19 10:38:00,1,191.94,173,1,1,1,111
15910,2011-09-01 16:59:00,8,1232.18,98,2,3,3,233
15912,2011-06-14 14:29:00,2,264.62,177,1,2,1,121
15916,2011-09-23 15:18:00,8,1528.09,76,3,3,3,333
15917,2011-04-06 10:40:00,1,123.1,247,1,1,1,111
15918,2011-06-02 11:42:00,2,334.23,190,1,2,1,121
15919,2010-12-06 11:26:00,2,639.89,368,1,2,2,122
15920,2011-07-08 15:31:00,4,167.5,153,2,3,1,231
15921,2011-06-20 11:03:00,1,336.03,172,1,1,1,111
15922,2010-12-01 13:51:00,1,369.5,372,1,1,1,111
15923,2010-12-02 12:16:00,1,127.08,372,1,1,1,111
15925,2011-05-29 15:35:00,1,207.15,193,1,1,1,111
15930,2011-10-03 14:52:00,1,426.63,66,3,1,2,312
15932,2011-09-12 14:24:00,8,2495.87,87,2,3,3,233
15933,2011-09-29 16:42:00,3,1107.46,70,3,2,2,322
15935,2011-04-14 13:27:00,2,416.86,238,1,2,2,122
15937,2011-10-06 15:48:00,1,145.35,63,3,1,1,311
15938,2011-08-19 12:56:00,5,404.58,111,2,3,2,232
15939,2011-09-11 11:30:00,15,6115.01,89,2,3,3,233
15940,2011-02-01 16:18:00,1,35.8,310,1,1,1,111
15942,2011-07-29 09:01:00,1,337.44,133,2,1,1,211
15944,2011-03-08 10:33:00,1,325.1,276,1,1,1,111
15945,2010-12-09 13:14:00,1,181.0,364,1,1,1,111
15947,2011-09-18 10:46:00,1,1708.24,82,3,1,3,313
15948,2011-12-01 15:32:00,2,955.24,7,3,2,2,322
15949,2011-09-29 17:34:00,2,364.72,70,3,2,1,321
15950,2011-09-22 11:17:00,4,1765.51,78,3,3,3,333
15951,2011-02-27 11:57:00,2,708.22,285,1,2,2,122
15952,2011-07-03 13:33:00,4,806.57,158,1,3,2,132
15953,2011-05-12 11:44:00,8,1659.38,211,1,3,3,133
15955,2011-09-29 14:12:00,14,4416.26,70,3,3,3,333
15957,2011-11-08 12:14:00,1,428.89,31,3,1,2,312
15958,2011-09-26 13:41:00,1,104.35,73,3,1,1,311
15963,2011-11-20 11:33:00,2,470.76,19,3,2,2,322
15965,2010-12-07 13:18:00,4,845.64,366,1,3,2,132
15967,2011-11-16 15:41:00,2,418.83,22,3,2,2,322
15969,2011-06-07 12:19:00,3,666.1,184,1,2,2,122
15970,2011-02-09 12:08:00,1,314.1,303,1,1,1,111
15971,2011-09-12 10:47:00,12,4199.85,88,2,3,3,233
15973,2010-12-08 11:42:00,1,307.82,366,1,1,1,111
15974,2011-09-05 15:40:00,7,3442.15,94,2,3,3,233
15975,2011-09-16 13:33:00,1,371.01,83,3,1,1,311
15976,2011-06-27 13:00:00,2,430.94,164,1,2,2,122
15977,2011-11-22 13:29:00,2,1054.73,16,3,2,2,322
15978,2011-09-23 15:21:00,1,1098.78,76,3,1,2,312
15980,2011-09-12 09:41:00,3,2398.86,88,2,2,3,223
15981,2011-09-23 13:24:00,8,3408.48,76,3,3,3,333
15983,2010-12-09 10:45:00,4,1475.02,365,1,3,3,133
15984,2011-09-29 19:30:00,10,2837.67,70,3,3,3,333
15985,2011-08-08 16:31:00,2,1142.42,122,2,2,2,222
15986,2011-11-09 15:17:00,1,168.12,29,3,1,1,311
15987,2011-08-11 09:45:00,7,1451.28,120,2,3,3,233
15988,2011-11-20 13:23:00,1,158.03,18,3,1,1,311
15990,2011-02-25 15:35:00,2,792.11,286,1,2,2,122
15992,2011-12-06 11:00:00,1,41.99,3,3,1,1,311
15993,2011-12-01 10:45:00,7,2797.57,8,3,3,3,333
15994,2011-10-16 12:28:00,1,427.07,53,3,1,2,312
15996,2011-09-12 15:14:00,6,1060.68,87,2,3,2,232
15998,2011-09-13 15:37:00,5,3089.97,86,2,3,3,233
16000,2011-12-07 12:17:00,3,12393.7,1,3,2,3,323
16003,2011-07-28 11:20:00,5,2735.37,134,2,3,3,233
16005,2011-06-10 12:01:00,4,615.39,182,1,3,2,132
16006,2011-05-12 13:12:00,1,101.4,210,1,1,1,111
16007,2011-06-12 12:01:00,4,1701.94,180,1,3,3,133
16008,2011-09-25 14:38:00,3,478.78,74,3,2,2,322
16009,2011-07-03 11:26:00,4,992.71,159,1,3,2,132
16010,2011-04-08 10:14:00,3,407.5,245,1,2,2,122
16011,2011-09-08 15:41:00,16,3362.71,91,2,3,3,233
16012,2011-08-03 11:44:00,3,1415.29,128,2,2,3,223
16013,2011-09-30 12:40:00,47,37130.6,69,3,3,3,333
16014,2011-07-10 16:29:00,3,662.38,151,2,2,2,222
16015,2011-12-06 10:58:00,3,705.39,3,3,2,2,322
16016,2011-09-21 12:46:00,8,1508.76,78,3,3,3,333
16017,2011-10-23 12:56:00,1,211.88,46,3,1,1,311
16018,2011-06-12 13:52:00,2,408.9,179,1,2,2,122
16019,2011-07-26 14:03:00,9,3786.24,135,2,3,3,233
16020,2011-11-23 11:18:00,3,851.01,16,3,2,2,322
16022,2011-03-24 13:16:00,1,628.28,259,1,1,2,112
16023,2011-05-31 14:19:00,3,719.81,191,1,2,2,122
16024,2011-11-27 13:26:00,1,251.24,11,3,1,1,311
16025,2011-11-10 11:45:00,1,439.66,29,3,1,2,312
16026,2011-10-27 13:53:00,1,236.09,42,3,1,1,311
16027,2011-09-09 10:47:00,6,934.62,91,2,3,2,232
16029,2011-09-07 09:45:00,63,81024.84,93,2,3,3,233
16030,2011-02-03 11:28:00,1,331.24,309,1,1,1,111
16031,2011-09-08 13:07:00,2,548.94,91,2,2,2,222
16033,2011-09-18 15:41:00,20,8816.4,81,3,3,3,333
16034,2011-05-27 16:17:00,3,437.7,195,1,2,2,122
16036,2011-09-13 14:53:00,2,758.92,86,2,2,2,222
16037,2011-03-15 09:13:00,3,855.02,269,1,2,2,122
16038,2011-06-15 13:50:00,3,471.78,176,1,2,2,122
16040,2011-07-14 16:12:00,3,1313.55,147,2,2,3,223
16041,2011-07-21 16:28:00,3,3166.4,140,2,2,3,223
16042,2011-08-24 12:04:00,5,1197.27,107,2,3,2,232
16043,2011-05-12 13:43:00,4,773.99,210,1,3,2,132
16045,2011-08-12 12:41:00,4,1340.7,118,2,3,3,233
16048,2010-12-01 15:28:00,2,256.44,372,1,2,1,121
16049,2011-09-25 14:33:00,3,1111.79,74,3,2,2,322
16050,2011-06-19 11:44:00,1,137.9,173,1,1,1,111
16052,2011-10-16 15:13:00,1,362.06,53,3,1,1,311
16053,2011-08-09 14:57:00,2,1511.95,121,2,2,3,223
16054,2011-07-17 13:08:00,1,783.9,144,2,1,2,212
16055,2011-05-03 09:26:00,1,134.8,220,1,1,1,111
16056,2011-10-25 15:19:00,1,664.85,44,3,1,2,312
16057,2011-09-04 15:21:00,7,2263.12,95,2,3,3,233
16059,2011-09-29 11:35:00,6,1459.86,71,3,3,3,333
16062,2011-07-29 12:50:00,4,1153.62,132,2,3,2,232
16063,2011-03-24 14:56:00,1,335.32,259,1,1,1,111
16065,2010-12-09 13:03:00,1,372.09,364,1,1,1,111
16066,2011-08-07 14:33:00,5,1521.87,123,2,3,3,233
16070,2011-11-07 16:36:00,2,852.15,31,3,2,2,322
16071,2011-10-26 11:14:00,1,326.24,44,3,1,1,311
16072,2011-02-24 14:32:00,1,584.32,287,1,1,2,112
16073,2011-02-15 15:41:00,1,122.4,296,1,1,1,111
16076,2011-09-08 12:04:00,10,2234.73,92,2,3,3,233
16078,2011-03-01 09:47:00,1,79.2,283,1,1,1,111
16079,2011-11-23 12:48:00,3,1352.0,15,3,2,3,323
16080,2011-09-19 10:42:00,2,217.16,81,3,2,1,321
16081,2011-09-13 13:47:00,5,2806.9,86,2,3,3,233
16083,2011-08-31 10:47:00,2,1317.62,100,2,2,3,223
16084,2011-02-13 16:05:00,1,436.18,298,1,1,2,112
16085,2011-09-21 15:39:00,5,981.51,78,3,3,2,332
16086,2011-09-02 13:22:00,5,1121.39,97,2,3,2,232
16091,2011-07-08 08:45:00,2,315.06,154,2,2,1,221
16092,2011-08-17 10:46:00,3,817.86,114,2,2,2,222
16093,2011-08-25 11:09:00,1,17.0,106,2,1,1,211
16094,2011-05-04 13:57:00,4,1078.23,218,1,3,2,132
16096,2011-03-20 13:38:00,1,320.62,263,1,1,1,111
16097,2011-04-13 13:47:00,1,185.05,239,1,1,1,111
16098,2011-09-13 09:59:00,7,2005.63,87,2,3,3,233
16099,2011-07-25 10:28:00,3,731.9,137,2,2,2,222
16101,2011-09-30 10:18:00,1,1290.7,70,3,1,3,313
16102,2011-09-02 11:54:00,3,1842.14,98,2,2,3,223
16103,2011-09-21 11:55:00,6,1429.64,79,3,3,3,333
16104,2011-10-09 10:23:00,1,302.36,61,3,1,1,311
16105,2011-04-05 10:13:00,1,336.96,248,1,1,1,111
16106,2011-10-05 10:37:00,1,108.38,65,3,1,1,311
16107,2011-09-11 12:03:00,7,3204.16,89,2,3,3,233
16108,2011-09-16 11:48:00,1,842.5,84,3,1,2,312
16109,2011-05-05 09:17:00,2,611.88,218,1,2,2,122
16110,2011-03-22 13:54:00,3,1337.48,261,1,2,3,123
16112,2011-07-07 15:47:00,4,195.74,154,2,3,1,231
16113,2011-06-09 16:16:00,1,161.38,182,1,1,1,111
16114,2011-06-22 10:13:00,1,135.75,170,1,1,1,111
16115,2011-09-28 14:26:00,8,1667.97,71,3,3,3,333
16116,2011-05-12 12:01:00,1,612.78,211,1,1,2,112
16117,2011-06-03 11:42:00,1,232.21,189,1,1,1,111
16119,2011-09-28 10:15:00,2,423.36,72,3,2,2,322
16120,2011-10-11 14:22:00,4,1309.14,58,3,3,3,333
16121,2011-05-08 11:52:00,2,867.11,215,1,2,2,122
16122,2011-09-27 15:34:00,4,684.42,72,3,3,2,332
16123,2011-10-19 09:18:00,1,307.78,51,3,1,1,311
16124,2011-01-26 14:45:00,1,249.0,316,1,1,1,111
16125,2010-12-07 15:48:00,1,289.35,366,1,1,1,111
16126,2011-08-30 10:07:00,4,6287.77,101,2,3,3,233
16127,2011-10-31 13:58:00,1,656.25,38,3,1,2,312
16128,2011-09-23 14:17:00,5,1880.22,76,3,3,3,333
16131,2011-08-16 12:32:00,6,3506.54,114,2,3,3,233
16133,2011-09-30 12:30:00,33,14589.04,69,3,3,3,333
16134,2010-12-15 14:00:00,2,618.09,358,1,2,2,122
16135,2011-03-22 12:30:00,1,517.55,261,1,1,2,112
16136,2011-09-23 09:00:00,3,709.38,77,3,2,2,322
16139,2011-08-19 14:49:00,3,635.41,111,2,2,2,222
16140,2010-12-03 14:40:00,2,725.18,370,1,2,2,122
16141,2011-09-12 13:11:00,1,620.4,87,2,1,2,212
16142,2011-04-04 10:16:00,1,535.34,249,1,1,2,112
16143,2011-08-23 16:01:00,6,2424.94,107,2,3,3,233
16144,2011-04-07 10:09:00,1,175.2,246,1,1,1,111
16145,2011-09-27 10:26:00,11,3799.49,73,3,3,3,333
16146,2011-07-05 14:20:00,3,734.13,156,2,2,2,222
16147,2011-07-29 09:57:00,1,375.0,133,2,1,1,211
16148,2011-02-16 14:01:00,1,76.32,295,1,1,1,111
16149,2011-07-20 14:54:00,2,280.52,141,2,2,1,221
16150,2011-09-12 09:43:00,5,2053.02,88,2,3,3,233
16152,2011-03-16 09:47:00,1,1829.04,268,1,1,3,113
16153,2011-08-16 09:34:00,5,1824.23,115,2,3,3,233
16156,2011-09-15 14:58:00,9,3122.04,84,3,3,3,333
16157,2011-09-28 11:48:00,3,656.69,72,3,2,2,322
16159,2011-03-03 12:27:00,1,348.2,280,1,1,1,111
16160,2011-09-15 10:53:00,2,1025.44,85,2,2,2,222
16161,2011-09-22 14:53:00,19,5575.56,77,3,3,3,333
16162,2011-04-01 15:03:00,1,37.4,251,1,1,1,111
16163,2011-04-21 15:15:00,2,856.6,231,1,2,2,122
16164,2011-11-22 15:04:00,3,822.48,16,3,2,2,322
16168,2011-09-06 11:53:00,27,3787.6,94,2,3,3,233
16169,2011-09-25 11:33:00,4,1822.97,75,3,3,3,333
16170,2011-08-19 10:06:00,6,1885.05,112,2,3,3,233
16171,2011-10-11 14:51:00,1,73.2,58,3,1,1,311
16172,2011-09-05 13:22:00,5,1140.21,94,2,3,2,232
16173,2011-09-09 09:03:00,6,1418.32,91,2,3,3,233
16174,2011-08-05 13:26:00,3,1009.55,125,2,2,2,222
16175,2011-09-06 14:32:00,4,1037.59,93,2,3,2,232
16177,2011-10-20 12:57:00,1,331.95,49,3,1,1,311
16178,2011-07-24 16:05:00,1,197.9,137,2,1,1,211
16179,2011-10-10 09:41:00,1,215.83,60,3,1,1,311
16180,2011-08-04 13:15:00,8,10254.18,126,2,3,3,233
16181,2011-09-27 13:38:00,1,305.54,72,3,1,1,311
16182,2011-09-28 13:23:00,4,6617.65,71,3,3,3,333
16183,2011-10-03 14:59:00,1,338.71,66,3,1,1,311
16184,2011-08-26 09:55:00,6,1158.79,105,2,3,2,232
16185,2011-04-21 11:59:00,2,529.41,232,1,2,2,122
16186,2011-08-28 12:57:00,12,4006.94,102,2,3,3,233
16187,2011-09-25 13:16:00,15,6911.44,74,3,3,3,333
16188,2011-07-21 16:20:00,4,981.86,140,2,3,2,232
16189,2011-09-15 15:21:00,2,215.48,84,3,2,1,321
16190,2011-10-30 15:59:00,1,215.08,39,3,1,1,311
16191,2011-03-22 08:54:00,13,5180.52,262,1,3,3,133
16193,2011-04-17 11:45:00,1,314.45,236,1,1,1,111
16198,2011-09-25 14:58:00,1,400.68,74,3,1,2,312
16200,2011-06-28 15:47:00,2,1080.62,163,1,2,2,122
16201,2011-08-22 10:47:00,4,1863.47,109,2,3,3,233
16202,2010-12-14 10:43:00,1,365.27,360,1,1,1,111
16203,2011-07-15 12:45:00,4,592.9,146,2,3,2,232
16204,2011-11-16 13:40:00,1,405.71,22,3,1,2,312
16205,2011-06-13 11:33:00,4,761.38,179,1,3,2,132
16206,2011-08-07 10:45:00,4,537.06,124,2,3,2,232
16207,2011-11-14 13:51:00,1,394.38,24,3,1,2,312
16208,2011-02-23 13:37:00,2,664.26,288,1,2,2,122
16209,2011-09-12 11:58:00,5,2262.62,88,2,3,3,233
16210,2011-09-02 12:33:00,18,21086.3,97,2,3,3,233
16211,2011-09-12 12:11:00,1,547.02,88,2,1,2,212
16212,2011-03-01 12:51:00,2,690.34,282,1,2,2,122
16213,2011-09-22 10:03:00,1,159.0,78,3,1,1,311
16214,2011-06-22 11:30:00,3,1062.75,170,1,2,2,122
16215,2011-09-20 10:18:00,1,242.35,80,3,1,1,311
16216,2011-03-17 15:34:00,1,914.93,266,1,1,2,112
16217,2011-04-18 13:31:00,2,304.25,234,1,2,1,121
16218,2011-08-17 09:16:00,7,3084.68,114,2,3,3,233
16221,2011-03-09 10:51:00,3,864.86,275,1,2,2,122
16222,2011-01-25 13:38:00,1,846.72,317,1,1,2,112
16224,2011-07-21 19:17:00,4,1295.3,140,2,3,3,233
16225,2011-07-13 12:18:00,5,1096.32,148,2,3,2,232
16226,2011-05-20 14:41:00,3,255.12,202,1,2,1,121
16227,2011-04-28 13:33:00,1,314.22,224,1,1,1,111
16229,2011-09-13 17:16:00,2,1010.6,86,2,2,2,222
16230,2011-06-03 10:06:00,2,542.03,189,1,2,2,122
16232,2011-07-19 13:01:00,4,990.88,142,2,3,2,232
16233,2011-09-29 17:27:00,3,536.68,70,3,2,2,322
16235,2011-09-19 15:04:00,5,867.31,80,3,3,2,332
16236,2011-09-22 14:10:00,1,432.2,77,3,1,2,312
16239,2011-06-03 09:30:00,2,414.2,189,1,2,2,122
16240,2011-09-23 13:44:00,2,3718.8,76,3,2,3,323
16241,2011-09-04 13:38:00,13,2607.87,95,2,3,3,233
16242,2011-06-27 14:41:00,7,3603.21,164,1,3,3,133
16243,2011-11-06 12:32:00,2,409.1,32,3,2,2,322
16244,2011-05-12 10:18:00,2,1522.75,211,1,2,3,123
16245,2011-08-10 09:34:00,3,1413.66,121,2,2,3,223
16247,2011-06-22 14:23:00,1,114.56,169,1,1,1,111
16248,2011-10-09 11:32:00,1,152.94,61,3,1,1,311
16249,2011-08-19 11:47:00,5,1800.07,112,2,3,3,233
16250,2011-03-23 15:07:00,2,389.44,260,1,2,2,122
16253,2011-03-29 13:33:00,2,3683.86,254,1,2,3,123
16255,2011-09-05 10:15:00,8,2619.91,95,2,3,3,233
16256,2011-03-18 12:18:00,1,752.43,265,1,1,2,112
16257,2011-06-16 10:11:00,1,46.95,176,1,1,1,111
16258,2011-08-04 14:33:00,5,5203.51,126,2,3,3,233
16260,2011-10-20 09:40:00,1,1035.45,50,3,1,2,312
16261,2011-09-25 13:23:00,4,746.83,74,3,3,2,332
16265,2011-08-21 12:39:00,9,5447.0,109,2,3,3,233
16266,2011-09-27 12:08:00,7,861.89,73,3,3,2,332
16268,2011-09-29 18:30:00,2,667.65,70,3,2,2,322
16270,2010-12-21 14:26:00,1,1141.24,352,1,1,2,112
16271,2011-08-05 17:43:00,5,1429.24,125,2,3,3,233
16272,2011-08-15 10:54:00,1,411.7,116,2,1,2,212
16274,2010-12-01 15:35:00,1,357.95,372,1,1,1,111
16275,2011-05-27 12:41:00,1,559.87,195,1,1,2,112
16276,2011-06-16 09:34:00,1,810.6,176,1,1,2,112
16278,2011-08-31 17:12:00,1,566.38,99,2,1,2,212
16279,2011-09-13 16:26:00,3,1509.58,86,2,2,3,223
16281,2011-09-28 14:57:00,1,2062.06,71,3,1,3,313
16282,2011-01-04 11:42:00,1,168.3,339,1,1,1,111
16283,2011-08-11 12:00:00,5,1570.81,120,2,3,3,233
16284,2011-11-08 16:12:00,2,823.97,30,3,2,2,322
16287,2011-06-23 09:08:00,1,142.5,169,1,1,1,111
16292,2011-08-10 12:24:00,1,302.25,120,2,1,1,211
16293,2011-09-09 10:09:00,10,2248.99,91,2,3,3,233
16295,2011-11-30 08:17:00,4,1328.55,9,3,3,3,333
16297,2011-03-16 08:29:00,1,301.9,268,1,1,1,111
16298,2011-06-06 10:06:00,3,598.2,186,1,2,2,122
16302,2011-08-05 09:44:00,1,233.22,126,2,1,1,211
16303,2011-08-16 11:04:00,3,5360.63,115,2,2,3,223
16305,2011-07-24 12:18:00,1,361.22,137,2,1,1,211
16306,2011-05-10 12:12:00,6,632.27,213,1,3,2,132
16308,2011-08-24 10:52:00,4,2560.0,107,2,3,3,233
16309,2011-08-25 15:35:00,2,706.57,105,2,2,2,222
16311,2011-11-22 08:54:00,2,616.26,17,3,2,2,322
16313,2011-12-06 13:02:00,2,274.15,2,3,2,1,321
16315,2011-01-13 11:57:00,1,226.37,330,1,1,1,111
16316,2011-07-05 14:42:00,8,2938.91,156,2,3,3,233
16317,2011-08-12 12:46:00,3,1341.65,118,2,2,3,223
16318,2011-11-04 13:05:00,1,328.15,34,3,1,1,311
16319,2011-05-06 11:27:00,1,404.4,217,1,1,2,112
16320,2011-06-20 15:25:00,2,1038.46,171,1,2,2,122
16321,2011-09-28 14:55:00,5,373.65,71,3,3,1,331
16322,2011-12-08 15:41:00,2,326.75,0,3,2,1,321
16323,2011-05-27 14:48:00,1,207.5,195,1,1,1,111
16324,2011-08-03 12:58:00,3,428.68,127,2,2,2,222
16325,2011-07-07 13:44:00,3,594.24,154,2,2,2,222
16326,2011-09-04 12:09:00,14,3110.96,96,2,3,3,233
16327,2011-09-20 13:20:00,6,3844.22,79,3,3,3,333
16330,2011-08-19 17:10:00,3,251.91,111,2,2,1,221
16332,2011-09-28 14:43:00,7,1593.2,71,3,3,3,333
16333,2011-09-02 09:09:00,22,26626.8,98,2,3,3,233
16337,2011-11-03 10:03:00,1,151.05,36,3,1,1,311
16338,2011-07-05 13:56:00,1,214.8,156,2,1,1,211
16339,2011-02-28 13:41:00,1,109.95,283,1,1,1,111
16340,2011-08-24 14:53:00,1,549.07,106,2,1,2,212
16341,2011-09-15 12:03:00,4,1971.87,85,2,3,3,233
16342,2011-09-25 14:36:00,4,322.41,74,3,3,1,331
16343,2011-11-23 17:45:00,2,370.48,15,3,2,1,321
16344,2011-07-04 15:50:00,1,101.1,157,2,1,1,211
16345,2011-10-26 16:03:00,1,575.41,43,3,1,2,312
16347,2011-11-03 13:01:00,2,887.65,35,3,2,2,322
16348,2011-09-22 14:29:00,7,1469.45,77,3,3,3,333
16349,2011-02-22 12:40:00,1,53.5,289,1,1,1,111
16350,2011-09-15 18:49:00,4,1116.47,84,3,3,2,332
16351,2011-01-11 10:26:00,1,153.9,332,1,1,1,111
16352,2011-11-22 10:32:00,2,494.44,17,3,2,2,322
16353,2011-09-09 12:41:00,23,6675.71,90,2,3,3,233
16354,2011-09-27 16:28:00,2,395.8,72,3,2,2,322
16356,2011-05-26 11:51:00,3,211.77,197,1,2,1,121
16357,2011-06-30 16:51:00,3,658.88,161,1,2,2,122
16358,2011-09-21 13:48:00,4,2027.5,78,3,3,3,333
16359,2011-09-06 12:11:00,9,1750.92,94,2,3,3,233
16360,2011-09-20 13:11:00,6,3512.53,79,3,3,3,333
16361,2011-09-29 13:13:00,4,896.66,70,3,3,2,332
16362,2011-09-09 15:03:00,5,734.77,90,2,3,2,232
16363,2011-10-17 14:14:00,1,109.36,52,3,1,1,311
16364,2011-07-25 14:35:00,2,707.04,136,2,2,2,222
16365,2011-08-08 16:15:00,9,1540.42,122,2,3,3,233
16366,2011-11-21 08:19:00,1,327.3,18,3,1,1,311
16367,2010-12-12 12:01:00,2,804.49,362,1,2,2,122
16368,2011-12-07 13:12:00,2,497.43,1,3,2,2,322
16369,2011-09-20 11:16:00,3,1553.66,80,3,2,3,323
16370,2011-09-18 15:55:00,4,1320.56,81,3,3,3,333
16372,2011-11-06 13:08:00,2,367.93,32,3,2,1,321
16374,2011-03-22 13:46:00,2,473.03,261,1,2,2,122
16376,2011-12-01 11:38:00,2,987.01,8,3,2,2,322
16377,2011-03-17 15:41:00,1,676.2,266,1,1,2,112
16378,2011-04-06 15:07:00,3,362.95,246,1,2,1,121
16379,2011-09-22 09:33:00,4,2157.4,78,3,3,3,333
16380,2011-10-09 15:40:00,1,1780.59,60,3,1,3,313
16383,2011-09-26 12:45:00,2,668.36,73,3,2,2,322
16384,2011-09-11 11:19:00,2,584.5,89,2,2,2,222
16385,2011-07-04 13:53:00,3,555.89,157,2,2,2,222
16386,2011-03-31 12:19:00,2,317.2,252,1,2,1,121
16387,2011-01-21 11:34:00,1,94.36,322,1,1,1,111
16389,2011-09-22 15:54:00,4,1382.07,77,3,3,3,333
16392,2011-03-15 12:11:00,1,221.19,269,1,1,1,111
16393,2011-09-06 12:56:00,13,3046.21,93,2,3,3,233
16394,2011-09-28 14:21:00,5,1555.34,71,3,3,3,333
16395,2011-09-22 11:46:00,5,1486.9,78,3,3,3,333
16398,2011-07-08 15:16:00,2,1705.8,153,2,2,3,223
16399,2011-04-18 13:46:00,2,408.57,234,1,2,2,122
16400,2011-09-06 12:27:00,1,303.93,93,2,1,1,211
16401,2011-09-14 11:50:00,12,4098.32,86,2,3,3,233
16402,2011-03-20 12:25:00,2,299.6,263,1,2,1,121
16403,2011-01-31 13:39:00,1,177.5,311,1,1,1,111
16404,2011-09-30 14:55:00,1,443.05,69,3,1,2,312
16405,2011-02-02 17:08:00,2,167.25,309,1,2,1,121
16406,2011-11-21 11:57:00,1,163.07,18,3,1,1,311
16407,2011-09-26 13:21:00,10,2126.93,73,3,3,3,333
16409,2011-09-13 14:06:00,5,2028.88,86,2,3,3,233
16411,2010-12-05 13:26:00,2,214.65,368,1,2,1,121
16412,2011-10-17 12:35:00,1,151.83,52,3,1,1,311
16413,2011-10-14 12:08:00,1,262.2,56,3,1,1,311
16414,2011-03-04 13:27:00,2,126.25,279,1,2,1,121
16415,2011-10-26 13:35:00,1,210.35,43,3,1,1,311
16416,2011-11-13 12:50:00,3,1051.4,25,3,2,2,322
16418,2011-09-08 10:35:00,3,675.27,92,2,2,2,222
16419,2011-08-03 09:47:00,6,972.23,128,2,3,2,232
16422,2011-09-27 12:26:00,51,34684.4,72,3,3,3,333
16423,2011-11-15 09:21:00,1,346.12,24,3,1,1,311
16424,2011-06-01 13:40:00,1,133.56,190,1,1,1,111
16425,2011-02-10 14:30:00,1,302.7,301,1,1,1,111
16426,2011-09-08 12:19:00,10,1908.25,91,2,3,3,233
16427,2011-03-21 17:10:00,2,241.06,262,1,2,1,121
16429,2011-08-25 13:54:00,1,284.55,105,2,1,1,211
16430,2011-10-13 14:47:00,1,300.85,56,3,1,1,311
16431,2011-05-10 14:09:00,3,642.81,212,1,2,2,122
16432,2011-10-06 13:59:00,1,287.4,63,3,1,1,311
16433,2011-11-11 14:09:00,1,184.26,27,3,1,1,311
16434,2011-09-04 12:54:00,7,1522.25,95,2,3,3,233
16438,2011-09-18 13:31:00,5,798.35,81,3,3,2,332
16440,2011-05-09 12:25:00,5,3640.67,213,1,3,3,133
16441,2011-02-21 17:35:00,2,381.2,290,1,2,1,121
16442,2011-04-26 11:51:00,3,616.79,227,1,2,2,122
16444,2011-09-05 14:27:00,4,654.67,94,2,3,2,232
16445,2011-11-06 12:32:00,1,230.51,32,3,1,1,311
16446,2011-05-18 09:52:00,2,168472.5,205,1,2,3,123
16447,2011-07-27 12:45:00,1,259.01,134,2,1,1,211
16448,2011-05-25 16:28:00,1,188.89,197,1,1,1,111
16449,2011-05-26 10:25:00,2,707.69,197,1,2,2,122
16450,2011-07-13 11:47:00,1,311.92,149,2,1,1,211
16451,2011-09-13 09:17:00,1,266.97,87,2,1,1,211
16454,2011-10-06 16:57:00,2,6.9,63,3,2,1,321
16455,2011-09-06 10:46:00,7,1841.18,94,2,3,3,233
16456,2011-09-01 13:50:00,5,2158.37,98,2,3,3,233
16457,2011-05-05 13:19:00,1,208.36,217,1,1,1,111
16458,2011-09-28 14:38:00,18,3482.74,71,3,3,3,333
16460,2011-09-28 12:22:00,3,814.72,71,3,2,2,322
16461,2011-06-15 12:07:00,1,151.42,177,1,1,1,111
16462,2011-09-27 10:24:00,3,136.0,73,3,2,1,321
16463,2011-05-19 14:45:00,4,1422.4,203,1,3,3,133
16464,2011-09-20 13:42:00,3,1314.68,79,3,2,3,323
16466,2011-08-28 13:08:00,7,1603.46,102,2,3,3,233
16468,2011-09-26 14:13:00,1,74.9,73,3,1,1,311
16469,2011-09-13 15:57:00,4,650.43,86,2,3,2,232
16470,2011-08-16 11:40:00,4,762.39,115,2,3,2,232
16471,2011-03-10 09:41:00,1,223.95,274,1,1,1,111
16473,2011-06-28 09:10:00,3,316.11,164,1,2,1,121
16474,2011-09-11 16:09:00,7,1871.5,88,2,3,3,233
16475,2011-09-12 14:37:00,4,544.3,87,2,3,2,232
16477,2011-07-31 12:47:00,7,2494.46,130,2,3,3,233
16478,2011-11-14 15:51:00,3,331.0,24,3,2,1,321
16479,2011-11-29 13:40:00,2,300.83,9,3,2,1,321
16480,2011-09-25 11:40:00,1,769.29,75,3,1,2,312
16482,2011-11-24 12:33:00,1,220.62,14,3,1,1,311
16483,2011-05-31 13:08:00,1,139.35,191,1,1,1,111
16484,2011-06-02 10:39:00,2,404.3,190,1,2,2,122
16485,2011-09-23 15:50:00,1,363.65,76,3,1,1,311
16488,2011-08-17 09:05:00,3,498.8,114,2,2,2,222
16491,2011-10-24 10:18:00,1,731.5,46,3,1,2,312
16493,2011-09-21 11:10:00,4,1351.63,79,3,3,3,333
16494,2011-02-16 12:49:00,1,826.53,295,1,1,2,112
16495,2011-03-08 16:39:00,3,684.41,275,1,2,2,122
16496,2011-05-16 10:48:00,3,1599.52,207,1,2,3,123
16497,2011-05-20 13:58:00,6,2965.69,202,1,3,3,133
16498,2011-07-01 15:07:00,2,100.97,160,1,2,1,121
16499,2010-12-14 13:31:00,2,365.45,359,1,2,1,121
16500,2011-12-05 12:04:00,6,400.86,4,3,3,2,332
16503,2011-08-25 11:46:00,4,1431.93,106,2,3,3,233
16504,2011-11-14 15:18:00,1,484.38,24,3,1,2,312
16505,2011-11-08 12:14:00,1,777.6,31,3,1,2,312
16506,2011-11-20 12:17:00,2,90.3,18,3,2,1,321
16509,2011-02-16 09:25:00,1,363.7,296,1,1,1,111
16510,2010-12-02 13:39:00,1,248.1,371,1,1,1,111
16511,2011-07-18 10:49:00,3,950.26,144,2,2,2,222
16513,2011-12-05 10:18:00,4,874.59,4,3,3,2,332
16515,2011-09-09 11:15:00,5,1627.13,91,2,3,3,233
16516,2011-11-09 14:59:00,1,101.7,29,3,1,1,311
16517,2011-03-07 13:50:00,1,162.7,276,1,1,1,111
16518,2011-02-28 16:36:00,2,484.32,283,1,2,2,122
16519,2010-12-09 14:08:00,2,215.08,364,1,2,1,121
16520,2011-06-06 13:24:00,3,1046.57,185,1,2,2,122
16523,2011-09-05 09:16:00,21,9418.47,95,2,3,3,233
16525,2011-09-21 10:39:00,26,13027.45,79,3,3,3,333
16526,2011-06-21 12:02:00,1,290.36,171,1,1,1,111
16527,2011-09-19 16:21:00,1,228.06,80,3,1,1,311
16528,2011-12-06 12:45:00,1,244.41,2,3,1,1,311
16529,2011-06-02 17:23:00,1,455.25,189,1,1,2,112
16531,2011-09-26 15:23:00,7,1244.59,73,3,3,3,333
16532,2011-07-27 10:41:00,3,6748.8,135,2,2,3,223
16533,2011-11-20 13:08:00,3,1095.56,18,3,2,2,322
16535,2011-12-04 15:18:00,1,593.75,4,3,1,2,312
16536,2011-08-21 15:54:00,1,548.97,109,2,1,2,212
16539,2011-05-04 09:52:00,4,1388.81,219,1,3,3,133
16542,2011-10-17 10:47:00,1,119.62,53,3,1,1,311
16545,2011-06-28 10:37:00,1,339.3,164,1,1,1,111
16546,2011-02-22 11:20:00,2,787.15,290,1,2,2,122
16549,2011-09-11 13:58:00,10,4154.64,88,2,3,3,233
16550,2011-08-23 11:12:00,5,2298.97,108,2,3,3,233
16551,2011-09-05 09:38:00,3,922.12,95,2,2,2,222
16552,2011-04-11 10:04:00,2,379.73,242,1,2,1,121
16553,2011-06-29 15:42:00,12,5719.82,162,1,3,3,133
16554,2011-05-01 14:17:00,3,837.1,221,1,2,2,122
16555,2011-08-22 12:32:00,2,285.89,108,2,2,1,221
16556,2011-08-26 11:58:00,7,3313.79,105,2,3,3,233
16557,2011-07-25 13:28:00,2,281.85,136,2,2,1,221
16558,2011-09-08 14:21:00,20,8338.49,91,2,3,3,233
16560,2010-12-16 14:36:00,2,841.41,357,1,2,2,122
16561,2011-12-04 11:50:00,2,511.12,5,3,2,2,322
16563,2011-10-17 11:51:00,1,1077.74,53,3,1,2,312
16565,2010-12-10 15:21:00,1,173.7,363,1,1,1,111
16566,2011-06-22 14:24:00,5,614.66,169,1,3,2,132
16567,2011-05-29 13:57:00,2,865.6,193,1,2,2,122
16569,2011-12-06 15:32:00,1,124.2,2,3,1,1,311
16570,2011-08-04 14:06:00,10,3738.4,126,2,3,3,233
16571,2011-06-16 13:14:00,3,1421.69,175,1,2,3,123
16572,2011-08-04 16:34:00,3,1009.6,126,2,2,2,222
16573,2011-09-16 09:13:00,2,663.61,84,3,2,2,322
16574,2011-09-29 13:39:00,1,451.44,70,3,1,2,312
16581,2011-06-10 10:05:00,1,105.84,182,1,1,1,111
16582,2011-08-18 17:02:00,1,313.62,112,2,1,1,211
16583,2010-12-01 12:03:00,1,233.45,373,1,1,1,111
16584,2011-09-20 13:45:00,2,936.08,79,3,2,2,322
16586,2011-04-05 09:32:00,1,463.95,248,1,1,2,112
16587,2011-04-21 15:51:00,1,225.15,231,1,1,1,111
16589,2011-09-29 14:50:00,3,459.24,70,3,2,2,322
16591,2011-10-02 10:43:00,1,213.5,68,3,1,1,311
16592,2011-07-26 11:39:00,16,4113.68,136,2,3,3,233
16593,2011-06-03 12:17:00,3,330.03,188,1,2,1,121
16594,2011-09-25 14:08:00,1,181.09,74,3,1,1,311
16595,2011-10-09 13:15:00,1,360.16,60,3,1,1,311
16596,2010-12-08 16:18:00,2,250.15,365,1,2,1,121
16597,2011-12-05 15:44:00,1,90.04,3,3,1,1,311
16598,2011-02-27 11:42:00,1,145.05,285,1,1,1,111
16600,2011-09-26 14:25:00,6,813.52,73,3,3,2,332
16601,2011-10-30 11:09:00,1,244.8,40,3,1,1,311
16602,2011-11-03 15:54:00,1,528.08,35,3,1,2,312
16603,2011-09-09 13:02:00,2,482.47,90,2,2,2,222
16607,2011-09-27 12:57:00,14,3347.71,72,3,3,3,333
16609,2011-09-13 09:43:00,7,5493.46,87,2,3,3,233
16610,2011-05-04 13:13:00,1,75.66,218,1,1,1,111
16611,2011-06-06 15:46:00,1,129.49,185,1,1,1,111
16612,2011-08-12 14:32:00,4,1187.66,118,2,3,2,232
16613,2011-09-30 15:52:00,1,618.59,69,3,1,2,312
16614,2011-06-10 11:36:00,1,506.19,182,1,1,2,112
16616,2011-07-05 13:38:00,2,500.42,156,2,2,2,222
16617,2011-04-18 10:35:00,1,151.85,235,1,1,1,111
16618,2011-05-13 10:37:00,5,2647.59,210,1,3,3,133
16619,2011-03-21 08:18:00,1,226.21,263,1,1,1,111
16620,2011-03-24 10:37:00,2,178.96,260,1,2,1,121
16621,2011-07-15 11:45:00,4,813.48,147,2,3,2,232
16623,2011-04-08 10:09:00,1,129.45,245,1,1,1,111
16624,2011-09-20 12:39:00,2,810.57,79,3,2,2,322
16625,2011-03-10 12:50:00,1,333.08,273,1,1,1,111
16626,2011-09-27 09:05:00,17,4413.1,73,3,3,3,333
16627,2011-09-21 14:38:00,1,322.8,78,3,1,1,311
16628,2011-08-25 12:11:00,5,2188.05,106,2,3,3,233
16629,2011-09-04 16:12:00,2,417.73,95,2,2,2,222
16633,2011-09-22 15:39:00,6,2883.1,77,3,3,3,333
16634,2011-05-01 12:09:00,2,217.9,222,1,2,1,121
16637,2011-08-08 12:00:00,4,1154.47,123,2,3,2,232
16638,2011-09-01 17:14:00,10,1680.72,98,2,3,3,233
16639,2011-05-17 10:10:00,3,1257.51,206,1,2,3,123
16641,2011-08-26 12:49:00,1,231.1,104,2,1,1,211
16642,2011-05-16 12:35:00,2,688.33,206,1,2,2,122
16643,2011-04-08 08:24:00,1,487.51,245,1,1,2,112
16644,2011-06-15 12:39:00,2,833.78,176,1,2,2,122
16647,2011-06-23 11:47:00,2,214.06,169,1,2,1,121
16648,2011-10-28 08:58:00,1,290.66,42,3,1,1,311
16650,2011-09-29 09:51:00,1,518.42,71,3,1,2,312
16652,2011-08-22 11:00:00,7,6773.97,109,2,3,3,233
16653,2011-09-29 13:38:00,2,1212.66,70,3,2,3,323
16654,2011-07-21 15:23:00,4,601.27,140,2,3,2,232
16655,2011-09-25 14:37:00,6,3794.52,74,3,3,3,333
16656,2011-09-05 09:20:00,15,8625.8,95,2,3,3,233
16657,2011-07-14 11:45:00,4,933.62,148,2,3,2,232
16658,2010-12-06 13:47:00,1,123.24,367,1,1,1,111
16659,2011-06-03 15:03:00,1,39.12,188,1,1,1,111
16660,2011-05-13 10:44:00,4,1267.65,210,1,3,3,133
16665,2010-12-12 14:03:00,1,135.4,361,1,1,1,111
16666,2011-11-20 14:01:00,1,118.98,18,3,1,1,311
16667,2011-02-28 12:57:00,2,570.13,283,1,2,2,122
16668,2011-08-15 12:22:00,6,306.72,115,2,3,1,231
16669,2011-09-22 14:18:00,3,1374.87,77,3,2,3,323
16670,2011-08-25 17:22:00,11,4095.9,105,2,3,3,233
16671,2011-06-28 11:20:00,3,1692.27,164,1,2,3,123
16672,2011-09-28 11:49:00,20,8134.94,72,3,3,3,333
16674,2011-09-02 13:59:00,2,319.61,97,2,2,1,221
16676,2011-05-10 15:10:00,4,1592.12,212,1,3,3,133
16678,2011-09-02 10:24:00,12,3109.99,98,2,3,3,233
16679,2010-12-08 13:51:00,1,129.75,365,1,1,1,111
16680,2011-10-27 17:35:00,1,183.7,42,3,1,1,311
16681,2011-09-28 11:11:00,6,1770.34,72,3,3,3,333
16682,2011-09-08 15:16:00,5,1028.0,91,2,3,2,232
16684,2011-07-29 15:12:00,28,66653.56,132,2,3,3,233
16685,2011-10-09 13:58:00,2,324.24,60,3,2,1,321
16686,2011-09-02 17:38:00,7,3062.83,97,2,3,3,233
16688,2011-12-08 15:24:00,4,1260.86,0,3,3,3,333
16689,2011-09-25 11:39:00,2,422.6,75,3,2,2,322
16690,2011-09-28 15:02:00,2,225.58,71,3,2,1,321
16692,2011-03-28 14:46:00,2,1276.0,255,1,2,3,123
16693,2011-03-13 11:06:00,2,482.01,271,1,2,2,122
16696,2011-07-27 14:23:00,4,657.9,134,2,3,2,232
16697,2011-04-12 17:12:00,1,112.75,240,1,1,1,111
16698,2011-04-27 10:52:00,2,1998.0,226,1,2,3,123
16700,2011-09-20 09:31:00,13,5076.55,80,3,3,3,333
16701,2011-08-02 12:11:00,13,5398.3,129,2,3,3,233
16705,2011-09-26 13:17:00,20,14034.99,73,3,3,3,333
16706,2011-09-02 13:41:00,3,531.35,97,2,2,2,222
16708,2011-10-25 12:20:00,1,656.63,44,3,1,2,312
16709,2011-09-16 10:56:00,5,3029.87,84,3,3,3,333
16710,2011-09-26 16:15:00,10,2483.04,73,3,3,3,333
16711,2011-07-22 14:23:00,5,1651.03,139,2,3,3,233
16712,2011-09-05 16:27:00,11,3645.43,94,2,3,3,233
16713,2011-09-27 13:49:00,15,6923.13,72,3,3,3,333
16714,2011-05-05 11:09:00,3,1161.53,218,1,2,2,122
16715,2011-09-22 18:15:00,1,301.72,77,3,1,1,311
16716,2011-03-18 10:03:00,2,901.2,266,1,2,2,122
16717,2011-09-05 10:27:00,6,3858.38,95,2,3,3,233
16718,2010-12-05 13:03:00,1,623.75,368,1,1,2,112
16719,2011-09-26 10:39:00,7,1790.42,74,3,3,3,333
16720,2011-11-13 16:22:00,1,155.24,25,3,1,1,311
16721,2011-03-22 16:08:00,1,292.47,261,1,1,1,111
16722,2011-09-01 11:38:00,13,4730.81,99,2,3,3,233
16723,2011-09-09 13:01:00,2,589.15,90,2,2,2,222
16725,2011-02-04 14:08:00,7,781.02,307,1,3,2,132
16726,2011-05-27 13:00:00,5,1382.02,195,1,3,3,133
16727,2010-12-10 13:48:00,1,272.82,363,1,1,1,111
16728,2011-06-26 11:59:00,4,1054.67,166,1,3,2,132
16729,2011-09-30 12:35:00,21,7239.92,69,3,3,3,333
16730,2011-04-19 12:41:00,3,743.11,233,1,2,2,122
16732,2011-11-08 09:54:00,1,603.75,31,3,1,2,312
16734,2011-08-17 15:02:00,3,650.51,113,2,2,2,222
16735,2011-09-22 11:49:00,5,2300.56,78,3,3,3,333
16737,2011-10-17 13:03:00,1,417.6,52,3,1,2,312
16738,2011-02-15 09:46:00,1,3.75,297,1,1,1,111
16739,2011-06-16 09:17:00,1,323.0,176,1,1,1,111
16742,2011-10-24 12:02:00,1,464.9,46,3,1,2,312
16743,2011-08-18 18:15:00,7,2238.09,112,2,3,3,233
16744,2011-09-04 12:10:00,7,1304.76,96,2,3,3,233
16745,2011-09-02 13:10:00,17,7194.3,97,2,3,3,233
16746,2011-09-25 14:52:00,18,6697.66,74,3,3,3,333
16747,2011-11-02 11:37:00,2,836.06,37,3,2,2,322
16748,2011-05-06 11:26:00,5,1515.9,217,1,3,3,133
16750,2011-09-27 14:31:00,5,623.93,72,3,3,2,332
16751,2011-11-09 10:48:00,1,1764.72,30,3,1,3,313
16752,2010-12-02 12:18:00,1,207.5,371,1,1,1,111
16753,2011-10-12 13:14:00,1,223.92,57,3,1,1,311
16754,2010-12-02 17:38:00,1,2002.4,371,1,1,3,113
16755,2011-08-17 13:21:00,3,1496.83,113,2,2,3,223
16756,2011-05-09 09:33:00,1,239.4,214,1,1,1,111
16757,2011-01-25 11:59:00,1,106.83,318,1,1,1,111
16758,2011-10-05 14:47:00,1,369.34,64,3,1,1,311
16759,2011-12-02 12:42:00,3,789.79,6,3,2,2,322
16761,2011-09-04 11:15:00,1,316.62,96,2,1,1,211
16762,2011-07-18 12:52:00,3,1501.38,143,2,2,3,223
16763,2011-05-25 11:52:00,1,611.85,198,1,1,2,112
16764,2011-09-28 12:36:00,13,2799.25,71,3,3,3,333
16765,2011-02-18 15:41:00,1,34.0,293,1,1,1,111
16766,2011-03-11 15:22:00,2,1145.6,272,1,2,2,122
16767,2011-09-07 09:15:00,11,5580.6,93,2,3,3,233
16768,2011-08-28 10:43:00,3,478.09,103,2,2,2,222
16769,2011-03-24 13:41:00,1,380.39,259,1,1,1,111
16770,2011-04-17 12:49:00,5,770.1,235,1,3,2,132
16771,2011-09-25 14:52:00,5,2246.81,74,3,3,3,333
16773,2011-10-13 14:37:00,1,171.59,56,3,1,1,311
16774,2011-08-15 12:57:00,4,661.52,115,2,3,2,232
16775,2011-09-28 16:35:00,11,1695.66,71,3,3,3,333
16776,2011-10-10 13:04:00,1,388.28,59,3,1,1,311
16777,2011-09-20 13:41:00,2,226.35,79,3,2,1,321
16778,2011-09-26 13:48:00,2,245.94,73,3,2,1,321
16779,2011-09-29 16:53:00,22,10629.72,70,3,3,3,333
16780,2011-08-31 16:09:00,2,425.19,99,2,2,2,222
16781,2010-12-02 14:26:00,1,311.25,371,1,1,1,111
16782,2011-09-23 09:26:00,13,2279.9,77,3,3,3,333
16784,2011-11-20 12:20:00,1,107.6,18,3,1,1,311
16788,2011-08-08 14:53:00,2,597.48,122,2,2,2,222
16789,2011-12-01 15:12:00,1,80.8,7,3,1,1,311
16790,2011-12-06 11:53:00,6,1545.62,3,3,3,3,333
16791,2011-08-09 13:22:00,7,1721.78,121,2,3,3,233
16792,2011-03-02 14:41:00,2,110.38,281,1,2,1,121
16793,2011-10-13 15:08:00,1,243.84,56,3,1,1,311
16794,2011-09-11 15:50:00,10,1222.71,88,2,3,3,233
16795,2010-12-09 14:08:00,1,414.88,364,1,1,2,112
16796,2011-09-11 14:01:00,1,305.62,88,2,1,1,211
16800,2011-11-28 14:06:00,1,1201.49,10,3,1,3,313
16801,2011-06-29 15:33:00,4,1619.73,162,1,3,3,133
16803,2011-10-05 14:28:00,1,332.3,64,3,1,1,311
16804,2011-03-14 15:48:00,3,536.99,269,1,2,2,122
16805,2011-06-19 11:23:00,2,460.59,173,1,2,2,122
16806,2011-08-28 15:27:00,4,801.49,102,2,3,2,232
16807,2011-07-20 12:00:00,3,1121.59,142,2,2,2,222
16808,2011-09-01 19:34:00,2,288.42,98,2,2,1,221
16809,2011-07-26 14:24:00,5,914.69,135,2,3,2,232
16810,2011-05-31 15:32:00,1,309.54,191,1,1,1,111
16811,2011-12-05 11:39:00,2,547.07,4,3,2,2,322
16812,2010-12-14 12:35:00,1,479.35,359,1,1,2,112
16813,2011-09-04 11:12:00,10,1692.98,96,2,3,3,233
16814,2011-09-13 10:17:00,21,6509.1,87,2,3,3,233
16816,2011-08-28 14:16:00,4,417.06,102,2,3,2,232
16817,2011-06-07 10:05:00,9,1604.75,185,1,3,3,133
16818,2011-09-07 14:40:00,11,3349.57,92,2,3,3,233
16820,2011-09-05 12:06:00,1,497.61,95,2,1,2,212
16823,2011-04-26 15:00:00,1,358.38,226,1,1,1,111
16824,2011-06-28 13:36:00,2,460.64,163,1,2,2,122
16825,2011-06-07 09:44:00,2,775.18,185,1,2,2,122
16826,2011-10-19 14:05:00,1,341.7,50,3,1,1,311
16828,2011-09-07 15:10:00,2,128.5,92,2,2,1,221
16829,2011-07-06 10:48:00,1,197.22,156,2,1,1,211
16830,2011-11-01 11:35:00,1,325.91,38,3,1,1,311
16832,2011-06-08 15:36:00,3,199.15,183,1,2,1,121
16833,2011-03-25 08:53:00,4,1106.53,259,1,3,2,132
16834,2011-04-26 09:37:00,1,413.46,227,1,1,2,112
16835,2011-08-03 13:50:00,2,180.85,127,2,2,1,221
16836,2011-08-15 12:38:00,2,251.87,115,2,2,1,221
16837,2011-07-05 10:06:00,11,3170.98,157,2,3,3,233
16838,2011-05-26 13:13:00,2,588.85,196,1,2,2,122
16839,2011-09-26 15:13:00,34,16594.35,73,3,3,3,333
16841,2011-07-25 13:06:00,6,1869.82,136,2,3,3,233
16842,2011-08-31 10:42:00,3,1264.19,100,2,2,3,223
16843,2011-09-07 10:56:00,16,10196.57,93,2,3,3,233
16846,2011-10-20 13:55:00,1,214.32,49,3,1,1,311
16847,2011-10-27 13:29:00,1,193.44,42,3,1,1,311
16848,2011-10-18 08:42:00,1,281.42,52,3,1,1,311
16849,2011-06-06 09:16:00,1,124.57,186,1,1,1,111
16850,2011-01-10 11:09:00,1,332.41,333,1,1,1,111
16851,2011-12-05 13:32:00,3,342.45,3,3,2,1,321
16852,2011-06-16 15:49:00,2,144.91,175,1,2,1,121
16855,2011-11-16 12:03:00,2,328.4,23,3,2,1,321
16856,2011-11-25 08:59:00,1,35.4,14,3,1,1,311
16858,2010-12-06 09:52:00,1,375.69,368,1,1,1,111
16859,2011-07-18 12:19:00,2,747.81,143,2,2,2,222
16861,2011-07-04 15:38:00,2,173.76,157,2,2,1,221
16863,2010-12-08 08:58:00,2,502.8,366,1,2,2,122
16866,2011-07-22 10:06:00,3,207.74,140,2,2,1,221
16869,2011-06-27 12:16:00,4,825.42,165,1,3,2,132
16871,2011-09-11 15:59:00,6,2812.34,88,2,3,3,233
16872,2011-09-23 16:05:00,3,680.02,76,3,2,2,322
16873,2011-08-04 15:33:00,6,7123.62,126,2,3,3,233
16875,2011-07-18 11:41:00,5,2095.53,144,2,3,3,233
16877,2011-07-10 16:18:00,6,853.72,151,2,3,2,232
16878,2011-09-16 17:39:00,1,13.3,83,3,1,1,311
16880,2011-09-01 11:22:00,7,1519.08,99,2,3,3,233
16881,2011-10-04 10:33:00,1,432.0,66,3,1,2,312
16882,2011-04-14 14:36:00,3,705.12,238,1,2,2,122
16883,2011-06-05 12:51:00,2,276.73,186,1,2,1,121
16884,2011-11-02 11:52:00,2,429.84,37,3,2,2,322
16885,2010-12-17 17:23:00,3,471.51,356,1,2,2,122
16887,2011-11-04 14:07:00,1,194.88,34,3,1,1,311
16889,2011-05-29 11:05:00,3,1578.67,194,1,2,3,123
16891,2011-09-05 11:31:00,5,809.7,95,2,3,2,232
16892,2011-06-09 11:35:00,5,525.54,183,1,3,2,132
16893,2010-12-08 12:06:00,1,145.93,366,1,1,1,111
16895,2011-10-06 12:15:00,1,219.14,64,3,1,1,311
16897,2011-02-13 15:02:00,2,289.78,298,1,2,1,121
16898,2011-06-15 13:35:00,3,508.81,176,1,2,2,122
16899,2011-09-11 10:35:00,6,1281.56,89,2,3,3,233
16900,2011-11-23 10:32:00,3,887.11,16,3,2,2,322
16902,2011-08-15 14:17:00,1,1706.88,115,2,1,3,213
16903,2011-11-10 15:32:00,1,373.24,28,3,1,1,311
16904,2011-09-06 12:25:00,16,3754.27,93,2,3,3,233
16905,2011-04-17 11:30:00,7,3102.43,236,1,3,3,133
16906,2011-09-19 11:49:00,4,579.77,81,3,3,2,332
16907,2011-07-14 17:44:00,5,981.65,147,2,3,2,232
16909,2011-09-28 16:45:00,1,379.14,71,3,1,1,311
16910,2011-09-09 14:14:00,8,1510.06,90,2,3,3,233
16912,2011-07-28 14:35:00,11,2575.38,133,2,3,3,233
16913,2011-02-22 12:56:00,1,113.44,289,1,1,1,111
16914,2011-11-03 15:27:00,1,208.46,35,3,1,1,311
16915,2011-08-04 13:03:00,6,621.68,126,2,3,2,232
16916,2010-12-02 13:14:00,2,576.26,371,1,2,2,122
16917,2011-03-08 11:55:00,1,391.52,276,1,1,2,112
16918,2011-09-05 13:50:00,6,1068.82,94,2,3,2,232
16919,2011-07-06 13:35:00,11,2596.45,155,2,3,3,233
16921,2011-10-09 16:22:00,1,169.79,60,3,1,1,311
16923,2011-09-01 14:29:00,19,7247.61,98,2,3,3,233
16924,2011-09-16 12:54:00,3,846.75,83,3,2,2,322
16926,2010-12-03 13:42:00,1,230.25,370,1,1,1,111
16927,2011-08-16 11:10:00,3,543.05,115,2,2,2,222
16928,2011-09-06 13:29:00,17,2847.6,93,2,3,3,233
16929,2011-09-29 09:16:00,7,1295.39,71,3,3,3,333
16930,2011-11-13 16:13:00,3,380.55,25,3,2,1,321
16931,2011-09-25 13:08:00,21,4604.22,74,3,3,3,333
16932,2011-10-17 14:12:00,1,161.94,52,3,1,1,311
16933,2011-04-14 13:33:00,2,563.23,238,1,2,2,122
16934,2011-10-16 12:40:00,2,950.93,53,3,2,2,322
16936,2011-11-14 11:04:00,1,262.68,25,3,1,1,311
16938,2011-06-13 11:24:00,4,2736.38,179,1,3,3,133
16940,2011-06-23 13:13:00,3,3049.88,168,1,2,3,123
16942,2011-07-06 17:31:00,9,1920.59,155,2,3,3,233
16943,2011-05-12 11:57:00,3,816.73,211,1,2,2,122
16945,2011-09-02 09:48:00,19,4345.5,98,2,3,3,233
16947,2011-04-18 09:38:00,1,406.48,235,1,1,2,112
16948,2011-07-24 12:46:00,3,435.02,137,2,2,2,222
16949,2011-06-07 10:34:00,6,1286.27,185,1,3,3,133
16950,2011-08-07 13:30:00,3,1178.56,123,2,2,2,222
16951,2011-07-28 12:05:00,3,1277.75,134,2,2,3,223
16952,2011-08-22 13:03:00,2,167.61,108,2,2,1,221
16953,2011-11-09 15:54:00,1,20.8,29,3,1,1,311
16954,2011-08-07 10:55:00,9,2085.08,124,2,3,3,233
16955,2011-06-08 10:36:00,4,518.67,184,1,3,2,132
16956,2011-11-22 08:56:00,1,308.74,17,3,1,1,311
16957,2011-04-14 13:56:00,2,416.64,238,1,2,2,122
16959,2011-09-13 15:03:00,1,117.35,86,2,1,1,211
16960,2011-04-01 11:54:00,3,507.05,252,1,2,2,122
16961,2011-08-15 13:46:00,1,234.17,115,2,1,1,211
16963,2011-06-05 13:48:00,1,110.55,186,1,1,1,111
16965,2011-04-27 12:08:00,1,201.19,226,1,1,1,111
16966,2011-06-22 15:06:00,7,2154.97,169,1,3,3,133
16967,2011-06-03 14:24:00,1,319.02,188,1,1,1,111
16968,2011-08-24 10:51:00,2,439.43,107,2,2,2,222
16969,2011-07-28 13:54:00,3,650.41,133,2,2,2,222
16971,2011-11-01 15:06:00,1,357.21,37,3,1,1,311
16976,2011-03-17 16:33:00,1,251.52,266,1,1,1,111
16978,2011-09-23 12:50:00,1,344.33,76,3,1,1,311
16979,2011-07-15 08:59:00,6,1852.0,147,2,3,3,233
16980,2011-03-29 16:36:00,2,1078.96,254,1,2,2,122
16982,2011-10-10 12:28:00,1,384.06,59,3,1,1,311
16983,2011-09-04 11:00:00,7,1931.25,96,2,3,3,233
16984,2011-09-12 13:43:00,2,4481.35,87,2,2,3,223
16985,2011-09-12 13:38:00,10,5464.12,87,2,3,3,233
16986,2011-11-09 15:52:00,2,1873.2,29,3,2,3,323
16987,2011-06-22 16:44:00,7,1625.05,169,1,3,3,133
16988,2011-12-04 16:02:00,1,126.12,4,3,1,1,311
16989,2011-09-21 14:17:00,6,1133.25,78,3,3,2,332
16990,2011-05-05 08:30:00,1,179.0,218,1,1,1,111
16992,2011-09-02 08:50:00,5,1614.31,98,2,3,3,233
16996,2011-08-10 14:34:00,6,1456.96,120,2,3,3,233
16997,2011-02-03 15:17:00,3,702.0,308,1,2,2,122
16998,2011-07-13 09:44:00,4,295.0,149,2,3,1,231
16999,2011-09-26 15:43:00,2,484.82,73,3,2,2,322
17001,2011-09-09 12:24:00,11,3989.57,90,2,3,3,233
17002,2011-09-15 12:40:00,3,1493.73,84,3,2,3,323
17004,2011-09-08 12:16:00,2,1412.94,92,2,2,3,223
17006,2011-09-25 12:15:00,4,781.78,75,3,3,2,332
17007,2011-07-07 18:14:00,6,889.93,154,2,3,2,232
17010,2011-11-21 14:49:00,1,195.36,17,3,1,1,311
17011,2011-11-09 13:30:00,1,270.9,29,3,1,1,311
17014,2011-12-01 14:09:00,3,586.33,7,3,2,2,322
17015,2011-09-29 17:36:00,3,1842.56,70,3,2,3,323
17017,2011-09-28 09:40:00,20,8694.26,72,3,3,3,333
17018,2011-10-30 11:42:00,2,920.1,40,3,2,2,322
17019,2011-03-23 11:16:00,4,1272.61,261,1,3,3,133
17022,2011-11-08 17:09:00,1,71.0,30,3,1,1,311
17024,2011-09-01 15:21:00,3,95.85,98,2,2,1,221
17025,2010-12-01 15:46:00,3,357.77,372,1,2,1,121
17026,2011-06-07 14:28:00,2,154.83,184,1,2,1,121
17027,2011-09-22 12:24:00,6,890.29,77,3,3,2,332
17029,2011-08-21 11:06:00,2,716.0,110,2,2,2,222
17030,2011-10-07 08:49:00,1,146.87,63,3,1,1,311
17031,2011-07-08 09:38:00,2,380.35,154,2,2,1,221
17033,2011-09-14 14:34:00,3,1030.14,85,2,2,2,222
17034,2011-09-21 08:27:00,3,745.52,79,3,2,2,322
17035,2011-04-08 11:23:00,2,433.53,245,1,2,2,122
17037,2011-09-13 12:49:00,1,1267.32,86,2,1,3,213
17038,2011-11-09 13:50:00,1,112.4,29,3,1,1,311
17040,2011-07-25 10:19:00,1,449.73,137,2,1,2,212
17041,2011-08-23 09:53:00,3,1081.57,108,2,2,2,222
17042,2011-08-10 13:19:00,5,1044.38,120,2,3,2,232
17043,2011-06-14 13:52:00,4,1735.18,177,1,3,3,133
17044,2011-11-14 14:28:00,1,948.48,24,3,1,2,312
17045,2011-08-18 17:09:00,3,339.44,112,2,2,1,221
17046,2011-07-05 14:24:00,1,642.02,156,2,1,2,212
17047,2011-09-15 13:27:00,3,1100.9,84,3,2,2,322
17048,2011-08-14 11:49:00,3,925.35,117,2,2,2,222
17049,2011-09-16 13:03:00,9,5659.98,83,3,3,3,333
17050,2011-09-04 13:48:00,6,3228.84,95,2,3,3,233
17051,2011-05-29 14:13:00,1,247.14,193,1,1,1,111
17052,2011-11-11 14:50:00,1,413.75,27,3,1,2,312
17053,2011-08-01 10:23:00,1,498.48,130,2,1,2,212
17054,2011-07-25 09:58:00,5,1356.33,137,2,3,3,233
17058,2011-09-19 10:13:00,3,1179.89,81,3,2,2,322
17059,2011-08-21 15:17:00,5,3095.04,109,2,3,3,233
17060,2011-03-18 13:27:00,1,234.24,265,1,1,1,111
17061,2011-09-27 11:24:00,11,5232.23,73,3,3,3,333
17062,2010-12-09 12:37:00,4,538.37,364,1,3,2,132
17063,2011-06-29 13:59:00,7,1461.14,162,1,3,3,133
17064,2011-06-10 10:26:00,3,859.35,182,1,2,2,122
17068,2011-09-06 12:10:00,21,4552.14,94,2,3,3,233
17069,2011-09-23 08:25:00,9,2709.7,77,3,3,3,333
17070,2011-08-17 17:01:00,1,312.14,113,2,1,1,211
17071,2011-09-12 15:31:00,9,2429.03,87,2,3,3,233
17073,2011-09-18 16:04:00,4,1446.09,81,3,3,3,333
17075,2011-03-31 13:47:00,4,834.12,252,1,3,2,132
17076,2011-03-11 08:59:00,3,841.08,273,1,2,2,122
17078,2011-11-03 19:17:00,2,378.2,35,3,2,1,321
17079,2011-09-22 15:34:00,1,118.8,77,3,1,1,311
17080,2011-03-15 12:05:00,2,287.62,269,1,2,1,121
17081,2011-11-14 12:56:00,2,290.16,24,3,2,1,321
17082,2011-11-06 15:17:00,2,2003.85,32,3,2,3,323
17083,2011-08-22 15:43:00,3,1405.78,108,2,2,3,223
17084,2011-11-04 14:54:00,2,2949.75,34,3,2,3,323
17085,2011-08-08 14:15:00,5,1566.65,122,2,3,3,233
17086,2011-12-02 13:54:00,6,2050.08,6,3,3,3,333
17088,2011-09-28 10:39:00,4,1991.01,72,3,3,3,333
17090,2011-09-02 15:05:00,7,2043.95,97,2,3,3,233
17091,2011-09-02 14:56:00,9,3827.76,97,2,3,3,233
17092,2011-09-13 12:09:00,4,1777.78,87,2,3,3,233
17094,2011-01-21 13:09:00,1,302.0,321,1,1,1,111
17095,2011-02-13 13:52:00,3,1324.16,298,1,2,3,123
17096,2011-07-19 17:02:00,4,1022.13,142,2,3,2,232
17097,2011-08-31 15:35:00,8,954.42,99,2,3,2,232
17100,2011-11-21 16:36:00,2,971.74,17,3,2,2,322
17101,2011-06-14 14:49:00,4,1621.73,177,1,3,3,133
17102,2011-03-23 10:08:00,1,25.5,261,1,1,1,111
17105,2011-07-03 15:53:00,2,665.78,158,1,2,2,122
17107,2011-09-25 14:37:00,6,10815.43,74,3,3,3,333
17109,2011-04-21 15:51:00,6,885.04,231,1,3,2,132
17110,2011-06-27 12:58:00,1,163.3,164,1,1,1,111
17111,2011-10-23 15:59:00,1,248.61,46,3,1,1,311
17114,2011-07-24 11:58:00,8,808.62,138,2,3,2,232
17115,2011-06-10 08:54:00,3,837.5,182,1,2,2,122
17117,2011-02-24 13:54:00,1,116.2,287,1,1,1,111
17118,2011-01-26 12:19:00,1,157.02,316,1,1,1,111
17119,2011-12-06 14:40:00,2,606.91,2,3,2,2,322
17120,2011-04-20 15:21:00,1,307.46,232,1,1,1,111
17122,2011-08-12 14:33:00,1,138.32,118,2,1,1,211
17123,2011-07-01 10:47:00,1,345.3,161,1,1,1,111
17124,2011-06-07 14:02:00,1,298.89,184,1,1,1,111
17125,2011-10-20 14:41:00,1,259.35,49,3,1,1,311
17126,2011-07-10 13:52:00,5,1004.75,151,2,3,2,232
17128,2011-01-09 12:02:00,1,157.09,334,1,1,1,111
17131,2011-09-25 12:42:00,5,2463.17,74,3,3,3,333
17133,2011-09-13 13:15:00,7,4892.24,86,2,3,3,233
17134,2011-08-25 09:53:00,2,425.0,106,2,2,2,222
17135,2011-02-23 10:27:00,7,1139.73,289,1,3,2,132
17138,2011-03-09 11:54:00,1,380.5,275,1,1,1,111
17139,2011-09-12 13:16:00,12,10668.47,87,2,3,3,233
17140,2011-04-06 13:33:00,1,465.32,246,1,1,2,112
17142,2011-04-14 18:22:00,1,579.0,238,1,1,2,112
17144,2011-09-16 12:50:00,2,984.57,83,3,2,2,322
17146,2011-08-26 12:44:00,3,749.78,104,2,2,2,222
17147,2011-09-20 08:23:00,4,1714.59,80,3,3,3,333
17148,2011-10-19 09:59:00,1,124.88,51,3,1,1,311
17152,2011-05-29 12:19:00,3,1689.5,193,1,2,3,123
17153,2011-11-15 13:42:00,1,213.78,23,3,1,1,311
17154,2011-09-25 13:42:00,1,329.34,74,3,1,1,311
17155,2011-06-15 10:22:00,2,251.7,177,1,2,1,121
17157,2011-06-16 15:08:00,2,319.0,175,1,2,1,121
17158,2011-04-21 10:12:00,3,1266.97,232,1,2,3,123
17159,2011-09-25 15:56:00,3,1538.88,74,3,2,3,323
17160,2011-08-22 13:32:00,6,3518.03,108,2,3,3,233
17162,2011-07-31 16:04:00,10,1715.46,130,2,3,3,233
17163,2011-09-22 15:54:00,2,293.1,77,3,2,1,321
17164,2011-09-21 11:48:00,7,2467.35,79,3,3,3,333
17165,2011-02-28 16:39:00,1,158.68,283,1,1,1,111
17166,2011-05-20 08:18:00,2,206.34,203,1,2,1,121
17169,2011-06-09 13:16:00,2,835.78,182,1,2,2,122
17171,2011-02-23 16:37:00,1,224.91,288,1,1,1,111
17172,2011-09-22 09:36:00,1,317.76,78,3,1,1,311
17173,2011-08-15 10:28:00,8,3766.6,116,2,3,3,233
17174,2011-05-06 11:47:00,1,59.9,217,1,1,1,111
17175,2011-07-21 18:08:00,4,1443.69,140,2,3,3,233
17176,2011-05-22 12:41:00,1,306.13,200,1,1,1,111
17179,2011-06-14 16:48:00,3,711.79,177,1,2,2,122
17180,2011-04-12 16:20:00,4,796.03,240,1,3,2,132
17181,2010-12-01 12:38:00,2,239.92,372,1,2,1,121
17183,2011-08-26 15:25:00,6,3347.31,104,2,3,3,233
17186,2011-10-24 10:20:00,2,144.0,46,3,2,1,321
17187,2011-04-27 12:39:00,1,203.95,225,1,1,1,111
17188,2011-06-28 14:51:00,7,2474.23,163,1,3,3,133
17189,2011-08-25 19:39:00,2,384.4,105,2,2,1,221
17190,2011-05-16 15:29:00,2,444.74,206,1,2,2,122
17191,2011-09-06 12:15:00,7,2095.13,94,2,3,3,233
17193,2011-09-14 10:40:00,7,1699.3,86,2,3,3,233
17194,2011-03-11 12:05:00,2,262.62,273,1,2,1,121
17197,2011-11-10 10:32:00,1,1013.01,29,3,1,2,312
17198,2010-12-09 13:34:00,3,692.22,364,1,2,2,122
17201,2011-10-17 11:55:00,1,342.63,53,3,1,1,311
17203,2011-11-04 12:27:00,6,3563.85,34,3,3,3,333
17204,2011-06-17 14:46:00,4,1564.56,174,1,3,3,133
17205,2011-10-17 12:46:00,1,384.08,52,3,1,1,311
17206,2011-10-17 13:25:00,1,204.24,52,3,1,1,311
17211,2011-06-12 13:21:00,8,2317.22,179,1,3,3,133
17212,2011-03-31 19:42:00,1,226.85,252,1,1,1,111
17213,2011-07-21 15:47:00,7,2781.23,140,2,3,3,233
17214,2011-09-15 11:25:00,6,1069.12,85,2,3,2,232
17217,2011-04-19 17:19:00,1,113.5,233,1,1,1,111
17218,2011-09-29 16:48:00,10,1960.72,70,3,3,3,333
17219,2011-11-08 11:25:00,1,114.23,31,3,1,1,311
17220,2011-09-29 14:46:00,14,3198.25,70,3,3,3,333
17221,2011-12-02 13:35:00,2,335.13,6,3,2,1,321
17222,2011-10-05 13:58:00,1,354.15,64,3,1,1,311
17223,2011-02-02 15:57:00,2,426.79,309,1,2,2,122
17226,2011-02-04 11:52:00,1,393.49,308,1,1,2,112
17227,2011-09-30 15:14:00,6,939.32,69,3,3,2,332
17228,2011-09-13 11:34:00,8,1906.09,87,2,3,3,233
17229,2011-09-04 13:56:00,2,318.76,95,2,2,1,221
17230,2011-03-20 16:12:00,8,3638.41,263,1,3,3,133
17231,2011-08-05 16:19:00,10,3174.32,125,2,3,3,233
17232,2011-12-07 12:21:00,2,421.52,1,3,2,2,322
17233,2011-11-04 14:06:00,1,190.88,34,3,1,1,311
17234,2011-06-10 11:20:00,1,149.89,182,1,1,1,111
17235,2010-12-02 13:38:00,2,550.06,371,1,2,2,122
17236,2011-06-13 15:47:00,6,916.13,178,1,3,2,132
17237,2011-11-28 15:02:00,2,314.69,10,3,2,1,321
17238,2011-09-16 13:53:00,17,3744.65,83,3,3,3,333
17239,2011-01-31 09:41:00,1,382.5,312,1,1,1,111
17242,2011-08-23 14:55:00,2,1135.04,107,2,2,2,222
17243,2011-09-08 12:44:00,26,8676.85,91,2,3,3,233
17244,2011-10-17 15:19:00,1,954.9,52,3,1,2,312
17245,2011-05-19 10:43:00,1,171.45,204,1,1,1,111
17247,2011-11-24 15:21:00,1,282.19,14,3,1,1,311
17248,2011-08-11 13:34:00,1,318.65,119,2,1,1,211
17250,2011-03-23 16:45:00,2,384.52,260,1,2,1,121
17251,2010-12-12 11:06:00,1,283.28,362,1,1,1,111
17252,2011-08-15 09:45:00,2,353.86,116,2,2,1,221
17253,2011-11-21 12:59:00,1,178.26,17,3,1,1,311
17254,2011-12-05 12:46:00,2,272.44,3,3,2,1,321
17255,2011-02-13 15:18:00,2,298.41,298,1,2,1,121
17256,2011-08-24 13:30:00,2,240.0,106,2,2,1,221
17259,2011-07-14 15:01:00,2,603.37,147,2,2,2,222
17262,2011-04-26 15:58:00,5,1253.36,226,1,3,3,133
17263,2011-05-15 14:32:00,1,63.44,207,1,1,1,111
17265,2011-07-24 10:49:00,2,562.9,138,2,2,2,222
17266,2011-07-15 11:57:00,3,310.64,147,2,2,1,221
17267,2011-08-04 17:22:00,2,317.62,126,2,2,1,221
17268,2011-08-24 10:06:00,4,763.64,107,2,3,2,232
17272,2011-05-24 13:46:00,4,2148.63,198,1,3,3,133
17274,2011-11-04 13:16:00,1,111.98,34,3,1,1,311
17277,2011-04-26 12:47:00,2,1065.35,226,1,2,2,122
17278,2011-04-12 13:10:00,1,246.04,240,1,1,1,111
17279,2011-10-13 11:58:00,1,187.83,57,3,1,1,311
17282,2011-08-01 14:29:00,3,1703.41,129,2,2,3,223
17284,2011-08-11 12:00:00,6,1652.58,120,2,3,3,233
17286,2011-11-18 12:47:00,1,153.92,20,3,1,1,311
17287,2011-09-26 12:53:00,7,1064.11,73,3,3,2,332
17288,2011-05-16 14:32:00,7,1419.73,206,1,3,3,133
17289,2011-06-12 13:51:00,3,944.41,179,1,2,2,122
17290,2011-12-06 12:38:00,2,525.24,2,3,2,2,322
17291,2011-02-04 13:04:00,1,550.8,307,1,1,2,112
17293,2011-09-15 16:36:00,9,1875.11,84,2,3,3,233
17295,2011-11-11 10:49:00,3,556.95,28,3,2,2,322
17297,2011-11-22 14:43:00,1,131.78,16,3,1,1,311
17298,2011-08-07 12:21:00,2,498.42,123,2,2,2,222
17299,2011-09-11 13:22:00,4,669.11,88,2,3,2,232
17301,2011-11-18 13:43:00,1,197.63,20,3,1,1,311
17302,2011-08-09 09:04:00,5,1135.63,122,2,3,2,232
17303,2010-12-13 13:32:00,1,250.04,360,1,1,1,111
17306,2011-09-29 14:50:00,19,8631.31,70,3,3,3,333
17309,2011-09-05 15:20:00,1,82.75,94,2,1,1,211
17311,2011-09-22 14:11:00,2,1384.85,77,3,2,3,323
17312,2011-07-07 20:07:00,3,644.3,154,2,2,2,222
17313,2011-11-08 15:45:00,1,2328.84,30,3,1,3,313
17314,2011-07-14 11:28:00,8,2527.92,148,2,3,3,233
17315,2011-09-25 14:53:00,38,6292.26,74,3,3,3,333
17317,2011-09-11 12:45:00,3,2600.34,88,2,2,3,223
17320,2011-08-31 13:31:00,3,1200.62,99,2,2,3,223
17321,2011-12-01 13:41:00,2,700.86,7,3,2,2,322
17323,2011-08-07 12:05:00,7,921.07,124,2,3,2,232
17324,2010-12-08 12:45:00,4,990.23,365,1,2,2,122
17325,2011-03-04 13:09:00,1,96.8,279,1,1,1,111
17329,2011-11-25 14:24:00,2,523.11,13,3,2,2,322
17330,2011-11-17 08:56:00,2,363.9,22,3,2,1,321
17331,2011-08-08 11:55:00,1,175.2,123,2,1,1,211
17333,2011-09-15 10:11:00,1,494.25,85,2,1,2,212
17334,2011-02-04 09:03:00,2,307.02,308,1,2,1,121
17337,2011-07-11 14:55:00,4,2027.87,150,2,2,3,223
17338,2011-08-17 14:22:00,8,6643.93,113,2,3,3,233
17339,2011-09-06 13:29:00,2,243.36,93,2,2,1,221
17340,2011-09-20 13:53:00,11,12353.29,79,3,3,3,333
17341,2011-07-06 12:33:00,3,781.36,155,2,2,2,222
17343,2010-12-19 15:07:00,1,193.64,354,1,1,1,111
17344,2011-10-24 12:56:00,1,160.57,45,3,1,1,311
17345,2011-09-07 14:09:00,4,537.74,92,2,2,2,222
17346,2011-08-28 15:01:00,15,2676.56,102,2,3,3,233
17347,2011-09-14 13:12:00,1,228.96,85,2,1,1,211
17348,2011-09-29 11:39:00,5,1159.52,71,3,3,2,332
17349,2011-06-13 14:29:00,1,110.75,178,1,1,1,111
17350,2011-12-01 15:47:00,4,1286.07,7,3,2,3,323
17351,2011-06-23 19:29:00,3,587.15,168,1,2,2,122
17353,2011-08-02 17:19:00,2,1740.0,128,2,2,3,223
17354,2011-10-20 10:34:00,1,1393.06,50,3,1,3,313
17356,2011-02-01 11:07:00,1,178.22,311,1,1,1,111
17357,2011-11-15 16:30:00,2,388.14,23,3,2,1,321
17358,2011-02-09 16:57:00,2,365.85,302,1,2,1,121
17359,2011-11-28 14:37:00,1,127.86,10,3,1,1,311
17360,2011-06-08 17:09:00,3,585.79,183,1,2,2,122
17361,2011-06-06 14:02:00,3,488.2,185,1,2,2,122
17362,2011-04-14 14:43:00,2,312.23,238,1,2,1,121
17364,2011-07-25 12:58:00,11,4481.18,136,2,3,3,233
17365,2011-09-13 12:18:00,8,4801.56,86,2,3,3,233
17367,2011-04-15 14:21:00,1,168.4,237,1,1,1,111
17368,2011-09-07 14:47:00,8,1912.67,92,2,3,3,233
17370,2011-09-08 14:19:00,4,446.18,91,2,2,2,222
17371,2010-12-13 15:20:00,3,423.89,360,1,2,2,122
17372,2011-06-09 13:50:00,8,1342.68,182,1,3,3,133
17373,2011-09-29 14:40:00,4,646.92,70,3,2,2,322
17374,2011-05-05 09:05:00,2,495.77,218,1,2,2,122
17375,2011-05-24 15:45:00,3,400.1,198,1,2,2,122
17376,2011-09-30 12:36:00,2,203.2,69,3,2,1,321
17377,2011-09-26 10:22:00,20,4100.92,74,3,3,3,333
17379,2011-11-28 13:56:00,1,404.66,10,3,1,2,312
17381,2011-09-01 15:52:00,29,20275.61,98,2,3,3,233
17382,2011-10-05 13:05:00,1,65.4,64,3,1,1,311
17383,2011-12-05 17:36:00,1,199.29,3,3,1,1,311
17384,2011-05-04 16:07:00,2,336.4,218,1,2,1,121
17385,2011-11-25 11:02:00,1,261.11,14,3,1,1,311
17386,2011-09-01 13:47:00,6,2686.42,98,2,3,3,233
17387,2011-11-06 11:25:00,2,784.11,33,3,2,2,322
17388,2011-09-23 10:31:00,4,1259.56,77,3,2,3,323
17389,2011-09-05 10:00:00,34,31833.68,95,2,3,3,233
17391,2011-06-29 09:58:00,2,508.8,163,1,2,2,122
17392,2011-02-06 12:48:00,2,457.91,305,1,2,2,122
17394,2011-05-04 13:22:00,1,203.87,218,1,1,1,111
17396,2011-07-14 10:24:00,8,7330.8,148,2,3,3,233
17397,2011-11-17 14:08:00,2,696.41,21,3,2,2,322
17398,2011-08-17 09:48:00,3,653.38,114,2,2,2,222
17400,2011-08-05 15:38:00,5,2129.96,125,2,3,3,233
17402,2011-09-15 15:20:00,13,2633.85,84,2,3,3,233
17403,2011-11-03 15:18:00,1,281.62,35,3,1,1,311
17404,2011-09-13 11:12:00,15,31906.82,87,2,3,3,233
17405,2011-09-28 10:27:00,3,1031.41,72,3,2,2,322
17406,2010-12-08 10:35:00,3,2200.42,366,1,2,3,123
17408,2011-06-29 12:53:00,1,32.65,162,1,1,1,111
17409,2011-06-08 10:36:00,2,771.85,184,1,2,2,122
17410,2011-09-04 16:08:00,5,1214.72,95,2,3,3,233
17411,2011-09-25 10:48:00,3,778.94,75,3,2,2,322
17412,2011-05-27 14:55:00,7,1258.06,195,1,3,3,133
17414,2011-06-08 11:43:00,2,778.0,184,1,2,2,122
17415,2011-09-21 12:50:00,1,507.84,78,3,1,2,312
17416,2011-09-23 10:25:00,7,6893.42,77,3,3,3,333
17418,2011-10-28 13:00:00,2,463.46,41,3,2,2,322
17419,2011-07-19 12:39:00,12,4226.57,142,2,3,3,233
17420,2011-06-21 15:07:00,3,598.83,170,1,2,2,122
17422,2011-09-07 15:00:00,6,1979.37,92,2,3,3,233
17423,2011-05-06 09:14:00,2,698.41,217,1,2,2,122
17425,2011-11-20 15:30:00,2,759.17,18,3,2,2,322
17426,2011-09-09 15:51:00,6,5037.26,90,2,3,3,233
17427,2011-09-29 11:29:00,1,100.8,71,3,1,1,311
17428,2011-09-15 15:21:00,28,17256.85,84,2,3,3,233
17429,2011-08-03 13:22:00,3,524.92,127,2,2,2,222
17430,2010-12-09 13:05:00,2,265.76,364,1,2,1,121
17431,2011-01-30 14:36:00,1,403.3,312,1,1,2,112
17432,2011-11-21 17:33:00,2,365.76,17,3,2,1,321
17433,2011-09-12 14:24:00,1,303.16,87,2,1,1,211
17434,2011-09-15 13:54:00,7,2373.82,84,2,3,3,233
17436,2011-04-27 11:33:00,2,216.3,226,1,2,1,121
17438,2011-03-31 10:26:00,1,388.45,253,1,1,1,111
17440,2011-07-06 11:54:00,3,186.42,156,2,2,1,221
17442,2011-09-07 12:19:00,6,2248.56,92,2,3,3,233
17443,2011-05-04 10:47:00,1,534.24,219,1,1,2,112
17444,2011-07-15 12:05:00,3,2940.04,147,2,2,3,223
17446,2011-06-16 10:42:00,2,120.9,176,1,2,1,121
17447,2011-09-29 10:10:00,2,541.53,71,3,2,2,322
17449,2011-09-06 08:34:00,7,2520.86,94,2,3,3,233
17450,2011-09-05 13:52:00,46,194550.79,94,2,3,3,233
17451,2011-09-19 09:30:00,7,1721.4,81,3,3,3,333
17453,2011-11-22 09:42:00,2,486.72,17,3,2,2,322
17454,2011-05-31 13:58:00,4,517.53,191,1,2,2,122
17455,2011-05-20 12:31:00,1,131.7,202,1,1,1,111
17456,2010-12-09 15:23:00,1,249.86,364,1,1,1,111
17457,2011-08-05 12:48:00,5,1737.7,125,2,3,3,233
17458,2011-11-24 13:01:00,1,316.5,14,3,1,1,311
17459,2011-10-27 13:25:00,2,657.3,42,3,2,2,322
17460,2011-09-06 15:04:00,6,622.43,93,2,3,2,232
17461,2011-11-17 10:21:00,3,757.46,22,3,2,2,322
17462,2011-02-28 17:01:00,2,675.69,283,1,2,2,122
17463,2011-06-16 15:10:00,5,1896.41,175,1,3,3,133
17464,2011-07-04 13:19:00,1,289.96,157,2,1,1,211
17466,2011-09-22 09:16:00,2,763.28,78,3,2,2,322
17468,2011-11-29 15:33:00,2,137.0,9,3,2,1,321
17469,2011-09-28 10:42:00,5,1870.97,72,3,3,3,333
17470,2011-08-04 13:15:00,5,1125.07,126,2,3,2,232
17472,2011-06-01 14:57:00,3,710.29,190,1,2,2,122
17475,2011-09-21 14:55:00,1,194.37,78,3,1,1,311
17480,2011-09-23 11:39:00,1,511.82,77,3,1,2,312
17481,2011-09-07 09:57:00,4,1255.59,93,2,2,3,223
17483,2011-07-28 17:33:00,3,414.04,133,2,2,2,222
17486,2011-03-23 14:00:00,1,396.87,260,1,1,2,112
17489,2011-05-11 11:34:00,2,376.64,212,1,2,1,121
17490,2011-09-27 11:52:00,7,2092.32,73,3,3,3,333
17491,2011-09-05 11:51:00,10,3558.87,95,2,3,3,233
17492,2011-04-05 15:21:00,1,374.57,247,1,1,1,111
17495,2011-12-02 12:08:00,2,497.56,7,3,2,2,322
17496,2010-12-16 08:39:00,1,271.05,358,1,1,1,111
17498,2011-09-25 12:25:00,1,272.22,74,3,1,1,311
17499,2011-02-23 09:14:00,1,622.88,289,1,1,2,112
17500,2011-11-22 14:25:00,3,1138.0,16,3,2,2,322
17501,2011-05-03 09:47:00,2,288.6,220,1,2,1,121
17502,2011-11-30 13:13:00,4,689.1,8,3,2,2,322
17503,2011-12-07 09:18:00,2,558.96,2,3,2,2,322
17504,2011-05-06 10:34:00,9,2997.03,217,1,3,3,133
17505,2011-07-01 12:50:00,2,1145.84,160,1,2,2,122
17506,2011-09-25 11:39:00,1,302.2,75,3,1,1,311
17507,2011-03-23 11:48:00,2,605.58,261,1,2,2,122
17508,2011-03-04 08:10:00,1,387.31,280,1,1,1,111
17509,2011-10-07 15:26:00,8,6115.14,62,3,3,3,333
17510,2011-11-15 10:00:00,1,308.48,24,3,1,1,311
17511,2011-09-07 11:41:00,31,91062.38,93,2,3,3,233
17512,2011-08-10 14:55:00,10,2924.99,120,2,3,3,233
17513,2011-09-28 16:42:00,1,513.2,71,3,1,2,312
17514,2011-08-03 15:45:00,1,208.65,127,2,1,1,211
17515,2011-05-17 14:03:00,4,639.02,205,1,2,2,122
17516,2011-08-12 14:50:00,5,768.08,118,2,3,2,232
17517,2011-02-04 11:48:00,1,153.94,308,1,1,1,111
17519,2011-07-29 12:09:00,6,1844.02,133,2,3,3,233
17520,2011-10-17 12:04:00,1,546.81,53,3,1,2,312
17521,2011-05-24 15:14:00,3,723.21,198,1,2,2,122
17522,2011-07-24 12:29:00,5,1070.71,137,2,3,2,232
17523,2011-11-28 13:20:00,4,652.74,10,3,2,2,322
17524,2010-12-13 14:32:00,1,145.0,360,1,1,1,111
17525,2010-12-15 12:05:00,1,422.7,359,1,1,2,112
17526,2011-02-22 09:10:00,4,1195.9,290,1,2,2,122
17527,2011-09-20 09:06:00,4,939.37,80,3,2,2,322
17528,2011-09-29 13:45:00,8,3628.5,70,3,3,3,333
17530,2011-09-15 17:00:00,10,2385.0,84,2,3,3,233
17531,2011-06-02 19:17:00,1,296.7,189,1,1,1,111
17534,2011-10-17 12:47:00,1,223.36,52,3,1,1,311
17535,2011-03-04 15:20:00,1,164.4,279,1,1,1,111
17536,2011-06-15 13:23:00,1,76.5,176,1,1,1,111
17537,2011-02-09 13:37:00,2,897.62,302,1,2,2,122
17538,2011-11-14 12:12:00,1,98.42,25,3,1,1,311
17540,2011-11-15 11:56:00,2,578.9,24,3,2,2,322
17542,2011-03-15 11:45:00,1,170.75,269,1,1,1,111
17545,2011-10-27 14:04:00,3,645.96,42,3,2,2,322
17548,2011-04-20 12:01:00,1,103.3,233,1,1,1,111
17549,2011-11-16 09:59:00,2,148.86,23,3,2,1,321
17550,2011-05-26 14:09:00,3,267.16,196,1,2,1,121
17551,2010-12-15 14:12:00,1,306.84,358,1,1,1,111
17552,2011-09-29 18:51:00,4,930.41,70,3,2,2,322
17553,2011-08-02 10:00:00,1,1487.6,129,2,1,3,213
17554,2011-08-09 10:16:00,5,1952.45,122,2,3,3,233
17555,2011-11-20 12:22:00,2,483.26,18,3,2,2,322
17556,2011-05-18 10:48:00,1,157.9,205,1,1,1,111
17557,2011-09-19 14:23:00,3,541.46,80,3,2,2,322
17560,2011-09-06 09:18:00,5,854.95,94,2,3,2,232
17561,2011-11-20 12:53:00,1,167.62,18,3,1,1,311
17562,2011-09-13 14:42:00,7,1122.38,86,2,3,2,232
17564,2011-09-20 14:00:00,3,454.01,79,3,2,2,322
17566,2011-12-01 19:54:00,2,901.21,7,3,2,2,322
17567,2011-09-08 10:00:00,8,4331.48,92,2,3,3,233
17569,2011-01-11 14:15:00,1,344.14,331,1,1,1,111
17571,2011-07-17 12:26:00,4,1498.51,144,2,2,3,223
17572,2011-09-29 17:53:00,4,226.75,70,3,2,1,321
17573,2011-09-07 10:36:00,3,380.6,93,2,2,1,221
17574,2011-04-11 09:47:00,1,185.65,242,1,1,1,111
17576,2011-09-27 17:03:00,19,3622.68,72,3,3,3,333
17578,2011-05-05 18:38:00,1,143.46,217,1,1,1,111
17579,2011-07-25 09:50:00,3,448.9,137,2,2,2,222
17580,2011-04-01 12:41:00,3,215.72,251,1,2,1,121
17581,2011-09-22 11:41:00,25,11045.04,78,3,3,3,333
17582,2011-04-17 13:18:00,1,175.27,235,1,1,1,111
17584,2011-08-04 14:12:00,2,1242.3,126,2,2,3,223
17585,2011-08-22 13:30:00,4,1133.07,108,2,2,2,222
17588,2011-08-31 13:37:00,3,1240.2,99,2,2,3,223
17589,2011-07-11 17:07:00,4,2404.17,150,2,2,3,223
17590,2011-12-07 12:55:00,3,1479.22,1,3,2,3,323
17591,2011-09-27 13:42:00,7,2225.97,72,3,3,3,333
17593,2011-09-09 09:52:00,5,3927.34,91,2,3,3,233
17594,2011-09-15 16:34:00,2,993.18,84,2,2,2,222
17595,2011-11-27 16:08:00,2,388.79,11,3,2,2,322
17596,2011-07-26 13:46:00,7,2827.93,135,2,3,3,233
17597,2011-05-10 11:54:00,1,2044.37,213,1,1,3,113
17600,2011-11-22 09:43:00,1,161.67,17,3,1,1,311
17601,2011-04-14 18:02:00,1,116.01,238,1,1,1,111
17602,2011-09-15 14:07:00,6,5102.97,84,2,3,3,233
17603,2011-09-22 14:18:00,1,394.72,77,3,1,2,312
17604,2011-05-06 13:43:00,2,309.36,216,1,2,1,121
17608,2011-11-06 13:06:00,2,193.42,32,3,2,1,321
17609,2011-09-27 17:47:00,5,1112.22,72,3,3,2,332
17611,2011-09-28 12:20:00,15,3984.22,71,3,3,3,333
17612,2011-09-05 14:07:00,6,2048.45,94,2,3,3,233
17613,2011-09-19 13:20:00,14,4559.15,80,3,3,3,333
17614,2011-10-13 16:01:00,1,390.07,56,3,1,2,312
17615,2011-08-01 14:06:00,3,329.6,129,2,2,1,221
17616,2011-06-19 10:11:00,3,571.2,173,1,2,2,122
17618,2011-04-05 13:07:00,3,971.58,247,1,2,2,122
17619,2011-01-31 14:18:00,1,218.52,311,1,1,1,111
17620,2011-10-11 12:08:00,1,81.44,59,3,1,1,311
17621,2010-12-20 13:31:00,3,1379.9,353,1,2,3,123
17623,2011-11-07 11:32:00,1,527.05,32,3,1,2,312
17624,2011-05-05 17:59:00,2,843.48,217,1,2,2,122
17625,2011-07-22 13:53:00,4,2047.0,139,2,2,3,223
17628,2011-09-19 15:21:00,1,75.75,80,3,1,1,311
17629,2011-08-11 14:16:00,8,1814.12,119,2,3,3,233
17630,2011-06-23 11:58:00,2,503.6,169,1,2,2,122
17631,2011-07-25 13:37:00,3,528.33,136,2,2,2,222
17633,2011-09-29 11:33:00,4,1324.84,71,3,2,3,323
17634,2011-09-08 12:55:00,9,2361.97,91,2,3,3,233
17636,2011-11-20 14:40:00,1,285.56,18,3,1,1,311
17637,2011-08-16 13:25:00,2,547.06,114,2,2,2,222
17639,2011-03-08 15:22:00,1,108.5,275,1,1,1,111
17640,2011-09-14 09:13:00,1,621.66,86,2,1,2,212
17642,2011-08-12 09:11:00,2,712.29,119,2,2,2,222
17643,2010-12-01 14:38:00,1,101.55,372,1,1,1,111
17644,2011-09-22 12:54:00,11,2895.64,77,3,3,3,333
17646,2011-05-04 13:17:00,3,1008.39,218,1,2,2,122
17647,2011-10-05 15:38:00,1,133.06,64,3,1,1,311
17648,2011-05-31 11:22:00,4,1797.5,192,1,2,3,123
17649,2011-07-24 15:53:00,1,868.49,137,2,1,2,212
17650,2011-11-18 14:52:00,1,166.08,20,3,1,1,311
17651,2011-09-21 09:45:00,10,3945.0,79,3,3,3,333
17652,2011-09-16 14:39:00,12,4867.72,83,3,3,3,333
17653,2011-09-01 12:17:00,4,1207.56,98,2,2,3,223
17654,2011-03-07 13:17:00,1,117.55,276,1,1,1,111
17655,2011-08-15 11:59:00,7,2638.94,116,2,3,3,233
17656,2011-09-27 13:04:00,5,1674.69,72,3,3,3,333
17658,2011-05-12 15:23:00,2,595.42,210,1,2,2,122
17659,2011-08-31 15:13:00,12,2999.46,99,2,3,3,233
17660,2011-07-21 13:37:00,1,196.0,140,2,1,1,211
17663,2011-09-16 13:37:00,7,1802.91,83,3,3,3,333
17664,2011-05-11 14:17:00,2,604.64,211,1,2,2,122
17666,2011-12-06 09:06:00,2,728.16,3,3,2,2,322
17667,2011-07-01 09:47:00,5,2055.51,161,1,3,3,133
17668,2011-12-08 13:25:00,2,347.75,0,3,2,1,321
17669,2011-09-15 13:43:00,7,3406.72,84,2,3,3,233
17670,2011-04-26 09:12:00,1,205.7,227,1,1,1,111
17671,2011-07-05 12:03:00,4,1572.71,157,2,2,3,223
17672,2011-02-03 13:29:00,2,3178.17,308,1,2,3,123
17673,2011-06-06 14:12:00,6,1629.12,185,1,3,3,133
17674,2011-09-26 13:35:00,2,551.04,73,3,2,2,322
17675,2011-09-30 12:45:00,31,20374.28,69,3,3,3,333
17676,2011-08-05 14:36:00,6,1387.68,125,2,3,3,233
17677,2011-09-18 12:42:00,30,16363.23,81,3,3,3,333
17678,2011-03-21 11:52:00,1,298.11,263,1,1,1,111
17679,2011-09-15 10:35:00,2,1992.11,85,2,2,3,223
17680,2011-11-16 12:42:00,1,184.4,22,3,1,1,311
17682,2011-08-16 15:22:00,6,2474.33,114,2,3,3,233
17684,2011-10-27 11:10:00,1,239.41,43,3,1,1,311
17685,2011-09-12 12:27:00,7,3191.53,87,2,3,3,233
17686,2011-09-20 11:39:00,7,5739.46,80,3,3,3,333
17690,2011-08-30 09:36:00,15,4757.95,101,2,3,3,233
17691,2010-12-06 11:10:00,2,290.4,368,1,2,1,121
17692,2011-08-04 14:01:00,4,740.94,126,2,2,2,222
17693,2011-07-25 15:48:00,1,200.47,136,2,1,1,211
17694,2011-07-21 12:00:00,1,283.12,141,2,1,1,211
17695,2011-07-31 10:40:00,2,765.34,131,2,2,2,222
17696,2011-08-23 13:59:00,8,2285.71,107,2,3,3,233
17697,2011-04-17 15:40:00,1,338.95,235,1,1,1,111
17698,2011-03-24 11:34:00,1,154.95,260,1,1,1,111
17700,2011-09-06 09:34:00,4,2534.64,94,2,2,3,223
17701,2011-04-01 12:25:00,1,417.95,251,1,1,2,112
17702,2011-08-23 09:38:00,4,1824.37,108,2,2,3,223
17703,2011-08-22 15:05:00,3,798.74,108,2,2,2,222
17704,2011-06-24 09:40:00,2,885.19,168,1,2,2,122
17705,2011-09-26 11:38:00,9,1823.52,74,3,3,3,333
17706,2011-08-31 13:23:00,17,10504.49,99,2,3,3,233
17707,2011-06-07 15:03:00,2,152.4,184,1,2,1,121
17708,2011-06-05 10:12:00,2,267.08,187,1,2,1,121
17709,2011-06-23 11:55:00,1,137.45,169,1,1,1,111
17711,2011-02-23 11:32:00,2,385.1,289,1,2,1,121
17712,2011-10-26 12:28:00,1,522.91,43,3,1,2,312
17714,2011-01-23 10:32:00,1,153.0,320,1,1,1,111
17715,2011-05-23 12:32:00,1,326.4,199,1,1,1,111
17716,2011-09-06 12:02:00,11,5655.99,94,2,3,3,233
17718,2011-04-21 13:39:00,1,139.35,231,1,1,1,111
17719,2011-09-25 12:22:00,15,5396.04,74,3,3,3,333
17720,2011-08-18 16:32:00,4,1195.94,112,2,2,2,222
17722,2011-09-04 15:22:00,4,2424.04,95,2,2,3,223
17723,2011-08-04 18:37:00,6,3276.4,126,2,3,3,233
17724,2011-09-29 15:26:00,3,1033.0,70,3,2,2,322
17725,2011-09-30 09:45:00,11,3439.08,70,3,3,3,333
17727,2011-11-24 17:06:00,1,1060.25,14,3,1,2,312
17728,2011-09-14 11:39:00,3,2876.01,86,2,2,3,223
17730,2011-09-22 10:26:00,13,5298.48,78,3,3,3,333
17731,2011-09-21 15:02:00,4,1240.11,78,3,2,3,323
17732,2010-12-02 09:29:00,1,303.97,372,1,1,1,111
17733,2011-03-23 09:54:00,2,692.19,261,1,2,2,122
17734,2011-07-26 09:20:00,3,700.63,136,2,2,2,222
17735,2011-09-07 10:38:00,19,13110.02,93,2,3,3,233
17736,2011-08-18 14:33:00,3,377.44,112,2,2,1,221
17737,2011-11-30 15:16:00,2,168.24,8,3,2,1,321
17738,2011-07-14 09:23:00,4,1879.05,148,2,2,3,223
17739,2011-09-29 09:03:00,7,2791.35,71,3,3,3,333
17742,2011-08-18 15:28:00,2,355.11,112,2,2,1,221
17744,2011-04-03 12:46:00,6,2322.4,249,1,3,3,133
17746,2011-04-13 14:31:00,1,110.25,239,1,1,1,111
17747,2011-08-19 08:13:00,1,71.4,112,2,1,1,211
17749,2011-06-14 15:45:00,2,674.52,177,1,2,2,122
17750,2011-09-18 15:15:00,9,1797.57,81,3,3,3,333
17752,2010-12-15 16:19:00,1,80.64,358,1,1,1,111
17754,2011-07-20 15:56:00,5,1772.26,141,2,3,3,233
17757,2011-09-30 13:54:00,30,5605.29,69,3,3,3,333
17758,2011-09-21 15:12:00,8,3456.7,78,3,3,3,333
17759,2011-06-23 13:41:00,3,834.99,168,1,2,2,122
17760,2010-12-01 15:08:00,2,287.59,372,1,2,1,121
17761,2011-11-07 10:23:00,1,712.78,32,3,1,2,312
17763,2011-03-21 14:25:00,1,15.0,262,1,1,1,111
17764,2011-05-12 16:11:00,2,818.82,210,1,2,2,122
17765,2011-07-04 12:41:00,3,371.88,157,2,2,1,221
17767,2011-11-24 14:42:00,1,271.2,14,3,1,1,311
17768,2011-06-26 13:46:00,3,2273.18,165,1,2,3,123
17769,2011-07-24 11:06:00,10,3997.98,138,2,3,3,233
17770,2011-05-25 12:34:00,5,1143.27,197,1,3,2,132
17771,2011-10-14 11:43:00,2,245.81,56,3,2,1,321
17772,2011-11-29 11:05:00,2,182.77,10,3,2,1,321
17774,2011-09-04 12:49:00,4,1225.41,95,2,2,3,223
17775,2011-03-30 10:50:00,1,56.4,254,1,1,1,111
17777,2011-08-31 14:35:00,3,665.86,99,2,2,2,222
17779,2011-09-13 11:24:00,3,658.57,87,2,2,2,222
17781,2011-07-03 16:00:00,2,188.02,158,1,2,1,121
17783,2011-09-28 16:07:00,2,283.47,71,3,2,1,321
17785,2011-10-17 13:43:00,1,131.94,52,3,1,1,311
17786,2011-09-15 12:51:00,2,278.74,84,2,2,1,221
17787,2011-07-10 11:24:00,4,1865.19,152,2,2,3,223
17788,2011-09-27 10:09:00,2,1117.9,73,3,2,2,322
17789,2011-03-03 13:14:00,1,225.9,280,1,1,1,111
17790,2011-08-11 14:54:00,14,1965.55,119,2,3,3,233
17791,2011-11-10 12:09:00,1,106.1,29,3,1,1,311
17793,2011-11-14 14:24:00,1,323.04,24,3,1,1,311
17795,2011-06-13 12:36:00,2,350.39,178,1,2,1,121
17796,2010-12-05 12:23:00,4,697.9,368,1,2,2,122
17797,2011-06-10 11:29:00,3,780.43,182,1,2,2,122
17799,2011-09-01 14:42:00,10,3055.93,98,2,3,3,233
17800,2011-09-09 13:19:00,9,1199.01,90,2,3,3,233
17802,2011-09-18 14:56:00,3,1285.04,81,3,2,3,323
17805,2011-09-27 11:49:00,1,512.31,73,3,1,2,312
17806,2011-11-28 14:12:00,1,546.04,10,3,1,2,312
17809,2011-08-02 15:40:00,12,5411.91,128,2,3,3,233
17811,2011-09-08 13:53:00,39,7837.73,91,2,3,3,233
17812,2010-12-06 15:27:00,4,732.16,367,1,2,2,122
17813,2011-09-29 15:57:00,5,1770.88,70,3,3,3,333
17816,2011-03-15 14:20:00,4,36.56,268,1,2,1,121
17817,2011-03-07 17:42:00,3,387.68,276,1,2,1,121
17819,2011-09-29 10:52:00,7,3704.87,71,3,3,3,333
17824,2011-10-19 14:14:00,1,298.4,50,3,1,1,311
17827,2011-04-11 16:56:00,5,1995.46,241,1,3,3,133
17828,2011-08-22 09:03:00,4,1820.09,109,2,2,3,223
17829,2011-02-14 12:46:00,1,889.24,297,1,1,2,112
17830,2011-03-23 11:44:00,3,398.7,261,1,2,2,122
17831,2011-11-06 15:09:00,1,35.4,32,3,1,1,311
17832,2011-10-21 11:43:00,1,155.37,49,3,1,1,311
17835,2011-12-07 11:48:00,3,350.64,2,3,2,1,321
17836,2011-10-23 16:13:00,1,110.21,46,3,1,1,311
17837,2011-09-25 14:08:00,8,1593.38,74,3,3,3,333
17838,2011-09-11 14:34:00,5,2779.3,88,2,3,3,233
17839,2011-10-28 17:27:00,1,338.8,41,3,1,1,311
17841,2011-09-09 10:12:00,124,40991.57,91,2,3,3,233
17843,2011-02-09 15:33:00,1,205.48,302,1,1,1,111
17844,2011-08-25 11:27:00,1,51.56,106,2,1,1,211
17846,2011-09-15 15:20:00,1,2033.1,84,2,1,3,213
17848,2011-09-19 16:49:00,9,901.2,80,3,3,2,332
17849,2011-05-05 13:46:00,4,605.8,217,1,2,2,122
17850,2010-12-02 09:44:00,34,5391.21,372,1,3,3,133
17852,2011-11-28 12:36:00,2,114.34,10,3,2,1,321
17854,2011-06-07 16:21:00,2,311.26,184,1,2,1,121
17855,2010-12-02 09:44:00,1,208.97,372,1,1,1,111
17856,2011-04-20 13:13:00,4,1418.03,232,1,2,3,123
17857,2011-09-28 09:02:00,23,26879.04,72,3,3,3,333
17858,2011-09-18 14:08:00,12,5155.66,81,3,3,3,333
17859,2011-02-08 10:32:00,1,148.21,304,1,1,1,111
17860,2010-12-06 12:41:00,1,252.8,367,1,1,1,111
17861,2011-07-06 13:25:00,8,2100.8,155,2,3,3,233
17862,2011-01-20 12:23:00,1,330.9,322,1,1,1,111
17863,2011-09-20 10:38:00,6,3160.0,80,3,3,3,333
17864,2011-09-11 13:39:00,3,597.5,88,2,2,2,222
17865,2011-09-21 13:58:00,20,10526.32,78,3,3,3,333
17866,2011-07-20 11:07:00,1,329.65,142,2,1,1,211
17867,2011-07-19 12:42:00,6,1197.1,142,2,3,2,232
17869,2011-08-24 16:16:00,5,428.18,106,2,3,2,232
17870,2011-09-09 10:37:00,12,1894.35,91,2,3,3,233
17871,2011-05-19 11:32:00,1,155.9,204,1,1,1,111
17873,2011-09-20 16:41:00,5,1859.16,79,3,3,3,333
17874,2011-06-07 12:54:00,6,683.46,184,1,3,2,132
17877,2011-06-22 13:00:00,1,237.61,169,1,1,1,111
17878,2011-10-27 11:24:00,1,379.45,43,3,1,1,311
17879,2011-06-19 12:36:00,1,178.52,172,1,1,1,111
17880,2010-12-10 10:21:00,1,458.92,364,1,1,2,112
17881,2011-02-08 17:16:00,1,133.35,303,1,1,1,111
17883,2011-09-14 13:37:00,4,671.77,85,2,2,2,222
17884,2011-02-01 11:08:00,4,717.45,311,1,2,2,122
17885,2011-11-27 14:40:00,1,190.19,11,3,1,1,311
17886,2011-05-13 10:22:00,3,899.61,210,1,2,2,122
17887,2011-08-02 17:29:00,1,111.35,128,2,1,1,211
17888,2011-09-21 16:43:00,8,726.05,78,3,3,2,332
17889,2011-05-11 16:26:00,2,203.87,211,1,2,1,121
17890,2010-12-13 15:12:00,2,602.09,360,1,2,2,122
17891,2011-06-30 20:08:00,1,203.86,161,1,1,1,111
17892,2011-07-07 12:56:00,3,244.1,154,2,2,1,221
17893,2011-04-28 13:50:00,1,112.25,224,1,1,1,111
17894,2011-09-04 14:36:00,8,1119.81,95,2,3,2,232
17895,2011-10-26 17:00:00,1,98.0,43,3,1,1,311
17896,2011-11-16 13:59:00,1,256.32,22,3,1,1,311
17897,2011-06-20 11:23:00,3,566.6,172,1,2,2,122
17898,2011-09-15 14:56:00,2,152.06,84,2,2,1,221
17899,2011-07-03 14:58:00,1,155.8,158,1,1,1,111
17900,2011-06-02 14:38:00,2,112.2,189,1,2,1,121
17901,2011-11-10 17:29:00,1,110.38,28,3,1,1,311
17904,2011-11-18 12:57:00,1,191.67,20,3,1,1,311
17905,2011-09-29 17:33:00,4,800.24,70,3,2,2,322
17906,2011-04-06 17:25:00,1,72.9,246,1,1,1,111
17908,2010-12-01 11:45:00,1,243.28,373,1,1,1,111
17911,2011-11-30 14:52:00,1,366.23,8,3,1,1,311
17912,2011-02-02 14:25:00,5,311.01,309,1,3,1,131
17913,2010-12-19 11:35:00,2,411.6,355,1,2,2,122
17914,2011-12-06 11:58:00,1,336.43,3,3,1,1,311
17917,2011-03-28 16:37:00,3,341.28,255,1,2,1,121
17919,2011-09-12 13:41:00,1,1304.04,87,2,1,3,213
17920,2011-09-22 12:13:00,17,4204.1,78,3,3,3,333
17921,2011-07-14 18:56:00,4,826.52,147,2,2,2,222
17923,2011-03-02 15:15:00,1,207.5,281,1,1,1,111
17924,2011-02-11 11:38:00,7,2962.5,301,1,3,3,133
17925,2010-12-02 10:10:00,1,244.08,372,1,1,1,111
17926,2011-07-29 14:39:00,2,397.29,132,2,2,2,222
17928,2011-04-07 18:03:00,2,212.54,245,1,2,1,121
17929,2011-08-19 08:57:00,4,843.0,112,2,2,2,222
17930,2011-09-29 12:11:00,5,1740.48,71,3,3,3,333
17931,2011-07-28 18:33:00,2,408.36,133,2,2,2,222
17932,2011-06-19 10:39:00,3,1331.57,173,1,2,3,123
17934,2011-10-19 11:16:00,2,704.25,51,3,2,2,322
17935,2011-07-24 13:18:00,2,145.79,137,2,2,1,221
17936,2011-12-04 13:32:00,1,389.84,4,3,1,2,312
17937,2011-08-17 12:10:00,7,4301.22,114,2,3,3,233
17939,2011-07-03 12:27:00,1,99.14,158,1,1,1,111
17940,2011-08-03 11:24:00,10,4106.44,128,2,3,3,233
17941,2011-08-01 08:30:00,1,304.56,130,2,1,1,211
17942,2011-12-02 10:45:00,1,77.5,7,3,1,1,311
17946,2011-04-20 17:00:00,2,149.58,232,1,2,1,121
17947,2011-11-02 13:05:00,1,176.68,36,3,1,1,311
17948,2011-07-15 12:58:00,1,358.56,146,2,1,1,211
17949,2011-09-07 14:30:00,45,58510.48,92,2,3,3,233
17950,2011-09-28 15:18:00,3,482.2,71,3,2,2,322
17951,2010-12-16 12:55:00,3,1008.54,357,1,2,2,122
17954,2011-08-08 13:46:00,12,2332.72,122,2,3,3,233
17955,2011-05-05 12:40:00,4,557.3,217,1,2,2,122
17956,2011-04-04 13:47:00,1,12.75,248,1,1,1,111
17957,2011-10-04 14:58:00,1,111.68,65,3,1,1,311
17958,2011-08-15 12:19:00,1,508.46,115,2,1,2,212
17960,2011-06-21 14:15:00,1,73.78,170,1,1,1,111
17961,2011-09-30 12:12:00,39,1296.44,70,3,3,3,333
17962,2011-07-20 14:16:00,1,102.83,141,2,1,1,211
17964,2010-12-02 13:32:00,2,471.7,371,1,2,2,122
17965,2011-09-09 10:54:00,14,2622.57,91,2,3,3,233
17966,2011-07-11 15:28:00,5,1098.43,150,2,3,2,232
17967,2010-12-03 11:19:00,1,123.07,371,1,1,1,111
17968,2010-12-01 12:23:00,1,277.35,372,1,1,1,111
17969,2011-06-26 13:00:00,2,228.2,165,1,2,1,121
17970,2011-05-12 20:03:00,1,582.59,210,1,1,2,112
17972,2011-04-12 12:16:00,1,136.04,241,1,1,1,111
17973,2011-10-19 10:34:00,1,337.04,51,3,1,1,311
17974,2011-05-04 11:50:00,3,740.79,219,1,2,2,122
17975,2011-08-17 10:59:00,13,4488.81,114,2,3,3,233
17976,2010-12-02 13:49:00,1,353.19,371,1,1,1,111
17977,2011-11-10 13:28:00,1,288.14,28,3,1,1,311
17978,2010-12-09 14:05:00,1,300.92,364,1,1,1,111
17979,2011-06-24 10:44:00,4,757.71,168,1,2,2,122
17980,2011-06-27 12:01:00,3,811.45,165,1,2,2,122
17984,2011-07-17 15:59:00,1,152.68,144,2,1,1,211
17985,2011-11-17 14:24:00,1,634.95,21,3,1,2,312
17986,2011-10-14 14:22:00,1,20.8,55,3,1,1,311
17987,2011-06-07 14:22:00,1,198.57,184,1,1,1,111
17988,2011-08-14 15:56:00,7,201.12,116,2,3,1,231
17990,2011-04-17 11:44:00,3,630.84,236,1,2,2,122
17991,2011-04-28 15:58:00,2,93.35,224,1,2,1,121
17994,2011-08-10 11:41:00,4,678.49,121,2,2,2,222
17995,2011-03-03 12:30:00,1,76.1,280,1,1,1,111
17997,2011-09-08 15:16:00,8,1970.67,91,2,3,3,233
17999,2010-12-08 15:17:00,2,382.06,365,1,2,1,121
18001,2011-09-14 11:21:00,2,417.23,86,2,2,2,222
18004,2010-12-12 13:47:00,1,169.47,361,1,1,1,111
18005,2011-12-06 11:51:00,2,249.72,3,3,2,1,321
18006,2011-11-16 16:52:00,1,444.68,22,3,1,2,312
18008,2011-09-30 15:17:00,9,2116.19,69,3,3,3,333
18009,2011-04-18 13:36:00,1,257.34,234,1,1,1,111
18010,2011-03-28 12:27:00,1,174.8,255,1,1,1,111
18011,2010-12-01 17:35:00,1,102.79,372,1,1,1,111
18013,2011-07-07 14:11:00,2,187.29,154,2,2,1,221
18014,2011-11-11 15:28:00,1,166.42,27,3,1,1,311
18015,2011-12-05 14:49:00,1,120.03,3,3,1,1,311
18016,2011-09-26 14:06:00,5,1483.56,73,3,3,3,333
18017,2011-09-19 16:15:00,3,523.0,80,3,2,2,322
18018,2011-08-23 17:37:00,2,122.14,107,2,2,1,221
18019,2011-10-19 12:10:00,1,38.45,51,3,1,1,311
18022,2011-11-04 12:45:00,1,668.11,34,3,1,2,312
18024,2011-07-10 12:40:00,2,389.78,151,2,2,2,222
18027,2011-09-02 10:38:00,1,115.31,98,2,1,1,211
18030,2011-12-05 16:37:00,2,230.65,3,3,2,1,321
18032,2011-01-09 15:32:00,1,73.5,333,1,1,1,111
18033,2011-10-05 17:28:00,1,97.97,64,3,1,1,311
18034,2011-11-18 12:22:00,2,422.88,20,3,2,2,322
18035,2011-11-04 12:39:00,3,730.4,34,3,2,2,322
18036,2011-08-26 12:55:00,3,405.62,104,2,2,2,222
18037,2011-07-08 13:39:00,6,70.02,153,2,3,1,231
18040,2011-04-08 08:27:00,2,357.2,245,1,2,1,121
18041,2011-09-30 10:08:00,21,4183.39,70,3,3,3,333
18042,2011-10-17 11:49:00,1,165.05,53,3,1,1,311
18043,2011-05-17 12:40:00,3,559.51,205,1,2,2,122
18044,2011-09-13 11:52:00,10,2088.6,87,2,3,3,233
18045,2011-10-25 13:07:00,1,189.4,44,3,1,1,311
18048,2011-05-20 14:58:00,2,172.29,202,1,2,1,121
18050,2010-12-15 14:25:00,1,74.4,358,1,1,1,111
18053,2011-09-30 09:05:00,1,300.02,70,3,1,1,311
18055,2011-09-16 14:04:00,10,6784.19,83,3,3,3,333
18056,2011-02-24 14:27:00,1,363.65,287,1,1,1,111
18058,2011-11-30 08:38:00,1,170.16,9,3,1,1,311
18059,2011-11-16 16:49:00,3,306.46,22,3,2,1,321
18061,2011-08-24 08:49:00,10,2119.41,107,2,3,3,233
18062,2011-06-19 14:47:00,3,720.52,172,1,2,2,122
18064,2011-07-29 16:39:00,2,814.0,132,2,2,2,222
18065,2011-09-14 11:36:00,14,2392.83,86,2,3,3,233
18066,2011-09-25 15:30:00,1,318.0,74,3,1,1,311
18067,2011-10-30 15:58:00,1,396.33,39,3,1,2,312
18068,2011-02-23 14:50:00,1,101.7,288,1,1,1,111
18069,2011-09-12 16:14:00,5,2036.67,87,2,3,3,233
18071,2011-03-27 11:59:00,2,453.0,257,1,2,2,122
18072,2011-06-07 10:44:00,1,247.44,185,1,1,1,111
18073,2011-08-03 14:33:00,12,3877.52,127,2,3,3,233
18074,2010-12-01 09:53:00,1,489.6,373,1,1,2,112
18075,2011-08-25 15:10:00,10,2611.75,105,2,3,3,233
18077,2011-08-28 12:29:00,11,2633.01,102,2,3,3,233
18078,2011-05-06 14:32:00,2,336.13,216,1,2,1,121
18079,2011-08-05 11:00:00,4,3651.97,126,2,2,3,223
18080,2011-04-11 10:10:00,2,1231.5,242,1,2,3,123
18081,2011-08-19 12:23:00,3,343.45,111,2,2,1,221
18082,2011-11-14 12:45:00,1,703.37,24,3,1,2,312
18084,2011-11-23 13:57:00,1,90.48,15,3,1,1,311
18085,2010-12-01 12:08:00,2,689.95,373,1,2,2,122
18086,2011-03-10 13:34:00,1,101.34,273,1,1,1,111
18087,2011-09-02 15:12:00,2,4055.72,97,2,2,3,223
18088,2011-10-09 13:41:00,1,167.67,60,3,1,1,311
18092,2011-09-14 09:11:00,11,9068.26,86,2,3,3,233
18093,2011-09-07 15:43:00,4,2106.52,92,2,2,3,223
18094,2011-09-19 09:28:00,7,3017.3,81,3,3,3,333
18095,2011-01-31 12:50:00,2,580.05,311,1,2,2,122
18096,2011-11-28 12:44:00,3,911.15,10,3,2,2,322
18097,2011-08-05 10:32:00,6,2697.8,126,2,3,3,233
18099,2011-08-04 15:52:00,1,168.31,126,2,1,1,211
18101,2011-07-19 13:05:00,2,223.65,142,2,2,1,221
18102,2011-09-28 16:17:00,60,259657.3,71,3,3,3,333
18104,2011-11-02 14:07:00,1,754.64,36,3,1,2,312
18105,2011-11-02 12:04:00,1,113.48,37,3,1,1,311
18106,2011-01-14 12:23:00,1,430.7,328,1,1,2,112
18108,2011-03-30 13:56:00,1,271.0,253,1,1,1,111
18109,2011-09-09 13:58:00,26,8052.97,90,2,3,3,233
18110,2011-11-20 12:34:00,1,236.3,18,3,1,1,311
18112,2011-06-26 13:56:00,2,352.69,165,1,2,1,121
18113,2010-12-06 12:31:00,1,76.32,367,1,1,1,111
18114,2011-02-22 13:20:00,1,220.1,289,1,1,1,111
18116,2011-04-03 14:24:00,8,1418.03,249,1,3,3,133
18117,2011-11-14 12:47:00,1,320.72,24,3,1,1,311
18118,2011-09-09 12:22:00,26,5653.82,90,2,3,3,233
18119,2010-12-07 11:59:00,1,181.12,367,1,1,1,111
18120,2011-05-09 13:45:00,1,111.15,213,1,1,1,111
18121,2011-07-08 12:14:00,2,673.1,154,2,2,2,222
18122,2011-09-16 12:34:00,6,1826.21,83,3,3,3,333
18123,2011-11-08 13:31:00,2,589.44,30,3,2,2,322
18125,2011-05-22 11:51:00,4,1142.99,201,1,2,2,122
18126,2011-10-10 12:19:00,1,206.83,59,3,1,1,311
18127,2011-07-29 10:06:00,3,348.73,133,2,2,1,221
18129,2011-04-10 14:16:00,1,112.55,242,1,1,1,111
18130,2011-11-24 14:40:00,3,1059.39,14,3,2,2,322
18133,2011-05-11 14:14:00,1,931.5,211,1,1,2,112
18135,2011-09-20 14:08:00,5,681.91,79,3,3,2,332
18136,2011-05-12 11:59:00,3,784.33,211,1,2,2,122
18138,2011-02-17 14:51:00,1,152.65,294,1,1,1,111
18139,2011-11-22 09:17:00,6,8438.34,17,3,3,3,333
18142,2011-07-05 13:19:00,2,1019.52,156,2,2,2,222
18143,2011-08-15 12:07:00,2,1000.16,116,2,2,2,222
18144,2011-09-22 17:08:00,12,2888.75,77,3,3,3,333
18145,2011-09-13 12:13:00,4,2861.55,87,2,2,3,223
18146,2011-07-22 12:08:00,2,160.35,140,2,2,1,221
18147,2011-08-23 12:22:00,2,179.34,107,2,2,1,221
18149,2011-05-08 12:48:00,3,612.08,214,1,2,2,122
18150,2011-07-22 15:43:00,3,566.58,139,2,2,2,222
18151,2011-07-28 11:35:00,2,653.35,134,2,2,2,222
18154,2011-12-06 16:41:00,2,399.19,2,3,2,2,322
18155,2011-09-25 13:32:00,3,371.62,74,3,2,1,321
18156,2010-12-05 12:29:00,2,734.94,368,1,2,2,122
18158,2011-09-12 09:03:00,2,453.4,88,2,2,2,222
18159,2011-02-11 14:26:00,1,530.15,300,1,1,2,112
18160,2011-05-23 13:41:00,2,638.06,199,1,2,2,122
18161,2011-07-22 13:31:00,5,1618.69,139,2,3,3,233
18164,2011-11-02 12:56:00,1,399.65,36,3,1,2,312
18165,2011-06-15 13:23:00,1,302.46,176,1,1,1,111
18167,2011-08-26 11:40:00,3,1384.86,105,2,2,3,223
18168,2011-06-16 19:21:00,6,1169.94,175,1,3,2,132
18169,2011-10-10 12:18:00,1,202.65,59,3,1,1,311
18170,2011-08-19 16:04:00,3,980.31,111,2,2,2,222
18171,2011-09-01 16:30:00,5,1231.31,98,2,3,3,233
18172,2011-09-22 16:48:00,20,7561.68,77,3,3,3,333
18173,2011-09-14 11:26:00,4,2106.84,86,2,2,3,223
18174,2011-12-02 16:56:00,1,104.0,6,3,1,1,311
18176,2010-12-16 15:45:00,1,476.35,357,1,1,2,112
18177,2011-07-05 10:23:00,6,1341.42,157,1,3,3,133
18178,2011-08-03 09:30:00,4,1590.81,128,2,2,3,223
18179,2011-04-01 13:21:00,6,1793.17,251,1,3,3,133
18180,2011-09-20 10:21:00,6,1843.75,80,3,3,3,333
18181,2011-11-15 15:08:00,1,382.8,23,3,1,1,311
18183,2011-04-26 15:26:00,2,632.07,226,1,2,2,122
18184,2011-11-24 15:28:00,1,49.8,14,3,1,1,311
18185,2011-04-04 13:42:00,1,304.25,248,1,1,1,111
18188,2011-09-23 12:58:00,3,2001.04,76,3,2,3,323
18189,2011-09-23 12:40:00,2,1090.24,76,3,2,2,322
18190,2011-05-31 14:48:00,2,284.46,191,1,2,1,121
18191,2011-03-23 12:08:00,1,207.8,261,1,1,1,111
18192,2011-09-29 09:53:00,1,957.97,71,3,1,2,312
18193,2011-06-27 13:58:00,1,243.76,164,1,1,1,111
18194,2011-09-18 13:29:00,1,973.84,81,3,1,2,312
18196,2011-09-05 16:22:00,2,689.13,94,2,2,2,222
18198,2011-09-29 12:43:00,17,5425.56,70,3,3,3,333
18200,2011-08-25 18:45:00,1,163.8,105,2,1,1,211
18202,2011-05-24 12:12:00,3,1396.99,199,1,2,3,123
18203,2011-07-05 13:07:00,1,160.42,156,2,1,1,211
18204,2011-09-29 16:44:00,3,1993.7,70,3,2,3,323
18205,2011-09-26 12:02:00,2,517.36,74,3,2,2,322
18209,2011-11-11 12:07:00,1,139.1,28,3,1,1,311
18210,2011-03-17 16:58:00,6,2621.38,266,1,3,3,133
18211,2011-09-15 08:27:00,5,600.07,85,2,3,2,232
18212,2011-01-17 16:14:00,1,248.42,325,1,1,1,111
18213,2011-04-17 10:21:00,1,232.48,236,1,1,1,111
18215,2011-09-11 16:05:00,1,299.34,88,2,1,1,211
18216,2011-11-08 16:55:00,1,481.75,30,3,1,2,312
18217,2011-09-30 10:44:00,2,621.75,70,3,2,2,322
18218,2011-05-12 12:53:00,2,662.08,210,1,2,2,122
18219,2011-07-13 13:33:00,10,2069.77,148,2,3,3,233
18220,2011-04-27 09:03:00,1,305.28,226,1,1,1,111
18221,2011-08-16 10:50:00,5,1041.61,115,2,3,2,232
18222,2011-09-08 10:45:00,1,443.0,92,2,1,2,212
18223,2011-09-04 11:49:00,14,6484.54,96,2,3,3,233
18224,2011-03-21 10:30:00,1,158.95,263,1,1,1,111
18225,2011-09-16 15:23:00,12,5509.12,83,3,3,3,333
18226,2011-09-19 09:14:00,11,5228.05,81,3,3,3,333
18227,2011-05-06 12:23:00,1,93.75,216,1,1,1,111
18228,2011-09-21 10:48:00,2,779.9,79,3,2,2,322
18229,2011-09-07 10:51:00,20,7276.9,93,2,3,3,233
18230,2011-09-06 13:20:00,7,2810.2,93,2,3,3,233
18231,2011-05-31 14:18:00,5,2083.27,191,1,3,3,133
18232,2011-09-19 11:49:00,4,592.97,81,3,2,2,322
18233,2011-01-18 08:44:00,1,440.0,325,1,1,2,112
18235,2011-09-29 08:27:00,3,1796.48,71,3,2,3,323
18236,2011-09-21 09:22:00,6,882.24,79,3,3,2,332
18237,2011-09-09 12:36:00,5,987.1,90,2,3,2,232
18239,2011-05-05 12:38:00,5,1561.61,217,1,3,3,133
18240,2011-10-24 13:06:00,1,422.58,45,3,1,2,312
18241,2011-09-26 12:54:00,17,2073.09,73,3,3,3,333
18242,2011-09-28 13:43:00,4,2232.49,71,3,2,3,323
18245,2011-07-13 14:29:00,7,2567.06,148,2,3,3,233
18246,2011-04-20 13:55:00,2,596.1,232,1,2,2,122
18248,2011-08-09 10:19:00,2,804.02,122,2,2,2,222
18249,2011-11-22 15:07:00,1,95.34,16,3,1,1,311
18250,2011-02-02 13:16:00,1,349.27,309,1,1,1,111
18251,2011-09-13 15:03:00,1,4314.72,86,2,1,3,213
18252,2011-06-21 11:47:00,2,526.67,171,1,2,2,122
18255,2011-09-11 13:16:00,1,103.3,88,2,1,1,211
18257,2011-08-17 14:47:00,8,2337.63,113,2,3,3,233
18259,2011-09-15 14:37:00,3,2338.6,84,2,2,3,223
18260,2011-06-20 12:37:00,6,2643.2,171,1,3,3,133
18261,2011-09-05 09:34:00,2,324.24,95,2,2,1,221
18262,2011-07-22 16:04:00,1,149.48,139,2,1,1,211
18263,2011-07-07 10:04:00,3,1213.16,155,2,2,3,223
18265,2011-09-28 14:10:00,2,801.51,71,3,2,2,322
18268,2011-07-28 19:13:00,1,25.5,133,2,1,1,211
18269,2010-12-08 13:53:00,1,168.6,365,1,1,1,111
18270,2011-03-18 12:41:00,2,283.15,265,1,2,1,121
18272,2011-08-18 12:06:00,6,3078.58,113,2,3,3,233
18273,2011-09-05 11:27:00,3,204.0,95,2,2,1,221
18274,2011-11-09 17:03:00,1,175.92,29,3,1,1,311
18276,2011-10-27 10:54:00,1,335.86,43,3,1,1,311
18277,2011-10-12 15:22:00,1,110.38,57,3,1,1,311
18278,2011-09-27 11:58:00,1,173.9,73,3,1,1,311
18280,2011-03-07 09:52:00,1,180.6,277,1,1,1,111
18281,2011-06-12 10:53:00,1,80.82,180,1,1,1,111
18282,2011-08-05 13:35:00,2,178.05,125,2,2,1,221
18283,2011-09-05 12:35:00,16,2094.88,94,2,3,3,233
18287,2011-05-22 10:39:00,3,1837.28,201,1,2,3,123
