"customer_id","last_purchase","frequency","monetary"
"12346","1/18/11 10:01","1","77183.6"
"12347","8/2/11 8:48","7","4310"
"12348","9/25/11 13:13","4","1797.24"
"12349","11/21/11 9:51","1","1757.55"
"12350","2/2/11 16:01","1","334.4"
"12352","9/28/11 14:58","8","2506.04"
"12353","5/19/11 17:47","1","89"
"12354","4/21/11 13:11","1","1079.4"
"12355","5/9/11 13:49","1","459.4"
"12356","4/8/11 12:33","3","2811.43"
"12357","11/6/11 16:07","1","6207.67"
"12358","7/12/11 10:04","2","1168.06"
"12359","6/3/11 12:26","4","6372.58"
"12360","8/19/11 10:10","3","2662.06"
"12361","2/25/11 13:51","1","189.9"
"12362","9/28/11 12:04","10","5226.23"
"12363","8/22/11 10:18","2","552"
"12364","9/22/11 16:07","4","1313.1"
"12365","2/21/11 14:04","2","641.38"
"12367","12/5/11 16:48","1","168.9"
"12370","3/10/11 12:48","4","3545.69"
"12371","10/26/11 10:16","2","1887.96"
"12372","9/29/11 12:12","3","1298.04"
"12373","2/1/11 13:10","1","364.6"
"12374","11/14/11 15:37","1","742.93"
"12375","9/2/11 14:23","2","457.5"
"12377","12/20/10 9:37","2","1628.12"
"12378","8/2/11 10:34","1","4008.62"
"12379","9/19/11 10:09","2","852.24"
"12380","9/22/11 17:31","4","2724.81"
"12381","8/12/11 9:57","5","1845.31"
"12383","6/8/11 8:02","5","1850.56"
"12384","8/10/11 11:23","2","585.27"
"12386","12/8/10 9:53","2","401.9"
"12388","9/25/11 11:30","6","2780.66"
"12390","9/21/11 9:33","1","549.84"
"12391","11/18/11 12:07","1","460.89"
"12393","9/28/11 15:41","4","1582.6"
"12394","5/6/11 14:01","2","1272.48"
"12395","8/19/11 15:18","12","3018.63"
"12397","7/27/11 14:21","2","2409.9"
"12398","10/25/11 10:27","1","1635.66"
"12399","8/12/11 13:15","4","1108.65"
"12401","2/9/11 13:50","1","84.3"
"12402","1/20/11 13:49","1","225.6"
"12403","10/21/11 10:51","1","427.7"
"12405","7/14/11 8:52","1","1710.39"
"12406","6/9/11 10:23","2","3415.3"
"12407","7/6/11 9:49","5","1708.12"
"12408","9/2/11 10:27","5","2888.55"
"12409","9/22/11 10:38","3","11072.67"
"12410","2/4/11 10:39","2","693.33"
"12412","9/26/11 10:16","3","1226.88"
"12413","4/17/11 15:33","3","758.1"
"12414","5/6/11 14:51","3","562.41"
"12415","9/1/11 13:51","21","124914.53"
"12417","8/4/11 18:51","9","3649.1"
"12418","8/19/11 11:08","1","668.58"
"12420","10/7/11 8:55","1","600.39"
"12421","8/17/11 10:56","4","807.04"
"12422","9/5/11 9:48","3","803.56"
"12423","8/31/11 8:55","8","1859.31"
"12424","6/30/11 12:06","2","1760.96"
"12425","9/22/11 17:31","1","777.2"
"12426","5/29/11 12:26","1","582.73"
"12427","12/3/10 10:44","3","825.8"
"12428","8/11/11 12:58","9","7956.46"
"12429","6/20/11 12:14","4","3750.4"
"12430","10/27/11 15:09","1","256.4"
"12431","8/12/11 14:19","15","6487.45"
"12432","6/22/11 13:12","5","5059.32"
"12433","9/9/11 13:44","7","13375.87"
"12434","9/16/11 12:38","2","806.14"
"12435","9/21/11 9:06","2","7829.89"
"12436","9/1/11 12:09","1","509.01"
"12437","9/22/11 16:58","18","4951.41"
"12438","7/22/11 13:29","2","2906.85"
"12441","12/8/10 10:45","1","173.55"
"12442","12/6/11 14:22","1","172.06"
"12444","9/15/11 9:43","5","5005.46"
"12445","11/17/11 18:43","1","133.4"
"12446","10/13/11 12:50","1","1002.31"
"12447","4/10/11 13:25","1","476.49"
"12448","10/26/11 13:46","1","449.45"
"12449","9/9/11 9:13","4","4067.29"
"12450","7/6/11 14:41","2","197.88"
"12451","5/5/11 17:34","5","9035.52"
"12452","11/23/11 8:05","2","430.57"
"12453","7/28/11 14:08","1","707.09"
"12454","10/14/11 17:13","1","3528.34"
"12455","9/27/11 15:31","6","2466.86"
"12456","7/31/11 15:25","3","3181.04"
"12457","9/19/11 9:04","7","2363.23"
"12458","9/29/11 15:25","2","947.4"
"12461","9/6/11 16:57","2","826.88"
"12462","2/9/11 14:44","2","1189.59"
"12463","6/17/11 14:28","4","1344.78"
"12464","8/25/11 13:33","8","1212.05"
"12465","6/23/11 13:37","2","742.19"
"12468","6/5/11 11:36","2","729.54"
"12471","9/22/11 17:25","30","19824.05"
"12472","7/24/11 11:55","7","6572.11"
"12473","8/17/11 12:04","5","3938.55"
"12474","9/2/11 10:53","18","7375.79"
"12475","10/17/11 10:10","1","723.38"
"12476","9/16/11 10:56","11","6816.42"
"12477","8/31/11 9:11","6","13219.74"
"12478","12/6/11 9:56","1","680.99"
"12479","11/28/11 13:26","1","527.2"
"12480","7/19/11 14:04","4","3281.63"
"12481","6/13/11 10:52","10","5596.32"
"12483","9/2/11 11:42","8","2484.98"
"12484","8/31/11 9:44","6","4541.72"
"12488","9/25/11 10:34","3","1298.66"
"12489","1/7/11 13:13","1","334.93"
"12490","9/7/11 13:22","10","5417.93"
"12491","11/1/11 12:18","1","460.4"
"12492","8/26/11 14:51","2","263.21"
"12493","6/27/11 10:17","2","433.74"
"12494","7/1/11 12:17","7","1246.1"
"12497","9/19/11 12:29","1","1043.1"
"12498","11/18/11 12:53","3","403.7"
"12500","8/25/11 12:50","11","4257.82"
"12501","1/7/11 12:28","1","2169.39"
"12502","9/5/11 11:52","5","3723.87"
"12504","11/9/11 14:56","2","482.05"
"12506","4/21/11 8:54","1","73.5"
"12507","7/7/11 10:20","3","1304.81"
"12508","11/13/11 15:37","2","398.27"
"12509","2/28/11 14:45","1","176.5"
"12510","7/20/11 10:15","2","982.57"
"12512","10/4/11 14:55","2","138.03"
"12513","8/19/11 10:51","1","612.29"
"12514","3/17/11 16:38","1","1017.68"
"12515","12/21/10 15:43","1","383.7"
"12516","9/23/11 9:13","2","1312.06"
"12517","9/27/11 11:50","5","2502.84"
"12518","9/23/11 15:45","5","2056.89"
"12519","10/7/11 9:26","1","340.84"
"12520","9/21/11 15:23","5","2634.26"
"12521","7/20/11 10:51","1","599.68"
"12522","10/31/11 15:30","2","192.72"
"12523","9/21/11 14:43","11","1789.77"
"12524","6/30/11 15:30","8","4485.72"
"12526","9/6/11 14:19","3","1316.66"
"12527","9/19/11 11:55","3","348.71"
"12528","8/17/11 12:30","6","1933.48"
"12530","8/8/11 10:59","4","1662.28"
"12531","11/25/11 11:12","1","125.22"
"12532","11/9/11 13:47","1","349.83"
"12534","8/1/11 10:26","1","1089.18"
"12535","9/9/11 8:48","2","716.35"
"12536","10/27/11 14:20","3","12601.83"
"12538","11/10/11 17:16","1","363.95"
"12539","3/22/11 16:00","4","5568.35"
"12540","9/8/11 13:38","17","13400.24"
"12541","6/19/11 15:59","3","981.18"
"12544","11/3/11 16:15","1","372.7"
"12545","9/25/11 13:39","2","1000.39"
"12546","9/23/11 9:44","2","1161.5"
"12547","5/26/11 12:38","2","207.8"
"12548","6/26/11 15:35","1","95.2"
"12550","9/21/11 14:35","1","964.83"
"12551","12/17/10 11:23","1","168"
"12552","11/1/11 10:02","2","437.82"
"12553","8/21/11 14:42","10","3692.28"
"12556","7/11/11 13:35","2","603.71"
"12557","7/4/11 13:19","5","11990.96"
"12558","12/2/11 10:41","1","269.96"
"12559","2/2/11 9:49","2","561.71"
"12560","8/19/11 15:22","3","2134.01"
"12561","2/10/11 11:39","1","238.85"
"12562","9/19/11 9:15","7","3781.74"
"12564","3/23/11 14:55","1","456.9"
"12565","2/24/11 10:34","1","145.92"
"12566","9/14/11 14:30","1","351.65"
"12567","9/4/11 14:22","10","9401.28"
"12569","9/8/11 15:22","32","4124.69"
"12571","8/10/11 12:35","2","519.61"
"12572","12/1/11 9:20","2","1020.42"
"12573","4/26/11 15:52","1","160.54"
"12574","1/28/11 9:20","1","218.45"
"12576","9/5/11 10:06","5","1315.83"
"12577","12/15/10 16:21","3","657.8"
"12578","11/18/11 13:30","2","2794.51"
"12579","9/22/11 17:15","1","440.42"
"12580","4/7/11 10:24","1","415.7"
"12581","10/31/11 8:56","1","197.71"
"12582","4/15/11 8:45","2","511.36"
"12583","9/30/11 12:58","15","7281.38"
"12584","9/20/11 13:21","9","2338.15"
"12585","4/19/11 13:39","2","2040.1"
"12586","11/22/11 16:24","1","196.94"
"12587","12/2/11 12:47","1","144"
"12588","10/31/11 15:01","1","214.9"
"12589","7/18/11 12:05","2","646.68"
"12590","5/12/11 14:52","2","9864.26"
"12591","1/26/11 14:35","1","452.85"
"12592","9/8/11 15:04","2","437.6"
"12593","8/23/11 12:43","3","418.1"
"12594","8/10/11 14:26","10","3338.22"
"12596","4/11/11 13:22","2","618.27"
"12597","6/9/11 16:04","4","3811.22"
"12598","9/29/11 16:52","8","3023.08"
"12599","8/5/11 12:38","7","1032.58"
"12600","9/16/11 14:20","10","2599.04"
"12601","6/3/11 10:17","5","577.06"
"12602","10/12/11 11:22","1","153.12"
"12603","11/18/11 10:42","1","739.2"
"12604","9/21/11 14:08","2","254.18"
"12607","10/10/11 16:06","1","1579.51"
"12609","9/22/11 16:34","3","1126.85"
"12610","8/5/11 13:52","5","2099.54"
"12611","10/18/11 13:12","1","1193.32"
"12612","9/26/11 15:35","1","704.04"
"12613","5/26/11 9:18","5","3344.38"
"12614","3/7/11 10:22","1","315.6"
"12615","9/29/11 10:23","4","2291.19"
"12616","9/5/11 15:17","2","713.3"
"12617","11/10/11 14:39","1","355.53"
"12618","11/18/11 11:10","1","177.31"
"12619","9/23/11 9:00","9","3641.24"
"12620","9/20/11 10:06","3","1339.41"
"12621","9/19/11 14:56","20","13689.67"
"12622","4/21/11 16:39","1","180.1"
"12623","3/8/11 13:50","1","305.1"
"12624","8/25/11 15:04","2","641.13"
"12625","5/12/11 9:54","2","2683.82"
"12626","8/4/11 14:20","9","6620.48"
"12627","9/4/11 14:09","7","4478.53"
"12628","12/5/11 13:15","3","786.46"
"12630","11/30/11 10:48","2","1270.88"
"12631","10/13/11 13:53","1","640.5"
"12633","8/2/11 9:35","4","2163.98"
"12635","9/11/11 11:04","2","1689.18"
"12637","9/9/11 11:48","8","6021.9"
"12638","11/6/11 13:11","1","671.69"
"12639","4/15/11 12:48","1","486.1"
"12640","9/19/11 12:01","3","1174.58"
"12641","8/16/11 13:26","1","185.9"
"12642","8/24/11 9:23","3","1013.26"
"12643","8/3/11 12:56","6","3344.64"
"12644","8/2/11 10:33","1","477.91"
"12645","8/22/11 12:40","4","1775.18"
"12646","12/5/11 10:14","2","1346.97"
"12647","9/22/11 17:14","12","3722.82"
"12648","7/8/11 11:55","1","318.05"
"12649","8/24/11 14:41","3","623.51"
"12650","12/6/11 16:34","1","314.44"
"12651","1/9/11 12:46","1","114"
"12652","1/12/11 15:00","1","919.98"
"12653","7/14/11 10:41","2","2209.85"
"12654","5/26/11 10:43","5","601.98"
"12656","9/28/11 11:38","5","4051.17"
"12657","9/22/11 11:40","4","1643.18"
"12658","11/21/11 10:22","1","686.05"
"12659","11/10/11 11:53","1","91.68"
"12660","11/28/11 13:26","1","245.1"
"12662","8/24/11 13:42","11","3849.78"
"12664","9/13/11 15:35","9","4881.88"
"12665","1/19/11 8:34","1","63"
"12667","10/12/11 17:00","1","620.13"
"12668","3/25/11 14:53","4","3807.15"
"12669","7/12/11 9:54","3","2744.03"
"12670","9/2/11 9:51","5","2996.05"
"12672","1/14/11 9:20","1","225.9"
"12673","12/4/11 13:55","2","610.52"
"12674","9/9/11 10:51","4","1970.6"
"12676","9/30/11 9:25","6","1331.39"
"12678","9/22/11 10:52","12","17628.46"
"12679","9/13/11 10:34","4","1113.02"
"12680","9/27/11 12:53","4","880.81"
"12681","9/23/11 12:09","22","13787.54"
"12682","9/19/11 12:19","31","12288.22"
"12683","9/8/11 10:35","15","8476.57"
"12684","6/22/11 11:20","7","2283.63"
"12685","9/8/11 10:32","6","2863.08"
"12686","12/3/10 9:51","1","89.14"
"12688","8/18/11 8:49","1","4873.81"
"12689","8/4/11 10:04","2","1247.61"
"12690","5/18/11 9:09","1","389.01"
"12691","7/17/11 14:56","6","1035.8"
"12693","8/4/11 17:51","4","855.91"
"12694","9/30/11 13:06","2","869.67"
"12695","8/24/11 12:58","4","582.1"
"12697","7/31/11 14:17","3","957.59"
"12700","7/6/11 13:14","4","4939.99"
"12701","9/21/11 10:47","2","797.71"
"12702","11/20/11 10:36","1","219"
"12703","9/29/11 17:52","1","283.55"
"12704","9/22/11 18:14","8","2340.84"
"12705","9/23/11 12:55","9","6868.29"
"12707","2/21/11 8:38","1","603.42"
"12708","9/28/11 13:30","10","2712.91"
"12709","9/4/11 14:06","15","9736.52"
"12710","9/4/11 12:00","3","1149.02"
"12712","8/25/11 9:18","13","4396.13"
"12713","12/9/11 12:16","1","848.55"
"12714","8/25/11 9:55","5","4708.86"
"12715","8/25/11 15:22","1","353.86"
"12716","7/29/11 13:28","2","1053.49"
"12717","7/11/11 14:47","2","1030.98"
"12718","9/29/11 16:38","1","238.25"
"12719","12/4/11 13:45","2","644.95"
"12720","9/6/11 13:47","25","5781.73"
"12721","9/21/11 12:26","6","2656.13"
"12722","9/15/11 14:50","4","997.63"
"12723","12/6/11 10:19","5","725.07"
"12724","9/19/11 12:36","4","1031.41"
"12725","12/3/10 15:45","1","427.8"
"12726","9/14/11 14:19","7","2609.1"
"12727","9/5/11 13:38","7","3980.7"
"12728","9/29/11 15:31","4","836.33"
"12729","8/18/11 11:40","1","453.01"
"12731","9/30/11 12:06","12","18895.91"
"12732","6/13/11 11:33","1","236.26"
"12733","4/19/11 16:19","1","383.95"
"12734","12/22/10 12:47","1","110.4"
"12735","1/6/11 14:26","2","779.57"
"12736","1/11/11 7:57","1","234"
"12738","12/2/10 18:27","1","155.35"
"12739","9/22/11 13:00","2","1013.04"
"12740","10/7/11 10:44","1","427.6"
"12743","7/28/11 16:21","2","546.43"
"12744","7/18/11 11:55","7","21279.29"
"12747","8/22/11 10:38","11","4196.01"
"12748","9/9/11 13:20","210","33719.73"
"12749","8/1/11 12:50","5","4090.88"
"12750","8/3/11 9:13","1","275.88"
"12752","9/19/11 13:32","1","4366.78"
"12753","7/27/11 9:32","6","21429.39"
"12754","4/18/11 9:00","3","3010.74"
"12755","3/4/11 12:42","2","3811.95"
"12756","9/14/11 9:31","1","112.08"
"12757","7/20/11 12:05","13","7857.1"
"12758","8/15/11 10:22","2","2791.59"
"12759","6/21/11 9:26","3","1531.44"
"12762","12/2/11 10:23","2","1898.52"
"12763","7/24/11 14:12","2","494.08"
"12764","1/27/11 10:19","1","1693.88"
"12766","7/13/11 13:37","7","6989.63"
"12769","4/15/11 10:25","1","1143.6"
"12770","5/13/11 9:33","1","1351.45"
"12772","10/11/11 9:19","1","892.47"
"12775","6/3/11 7:48","5","1386.04"
"12778","6/9/11 15:29","6","822.23"
"12779","6/3/11 10:37","8","3981.36"
"12781","2/28/11 8:43","2","826.74"
"12782","7/13/11 10:30","5","2330.92"
"12783","9/25/11 15:35","6","2225.91"
"12784","11/30/11 15:38","2","574.42"
"12785","12/10/10 13:48","1","311.95"
"12787","9/9/11 12:24","3","463.66"
"12789","10/5/11 13:34","1","91.85"
"12790","5/31/11 14:14","1","324.92"
"12791","12/1/10 11:27","1","192.6"
"12792","3/28/11 11:36","1","400.54"
"12793","12/3/10 15:14","2","545.48"
"12794","9/2/11 12:01","2","860.41"
"12795","11/21/11 10:27","1","430.48"
"12797","12/9/10 10:55","1","254.03"
"12798","6/22/11 10:11","3","6977.04"
"12802","6/6/11 9:36","1","427.58"
"12808","6/8/11 12:21","3","483.65"
"12809","6/15/11 10:51","1","489.31"
"12811","3/24/11 9:42","3","514.85"
"12812","10/26/11 9:54","1","229.64"
"12814","8/30/11 12:11","1","125.92"
"12815","7/15/11 10:21","2","1063.46"
"12816","9/5/11 12:41","2","572.2"
"12817","3/3/11 16:28","1","166.04"
"12818","3/23/11 12:06","1","1542.08"
"12820","9/26/11 11:49","4","942.34"
"12821","5/9/11 15:51","1","92.72"
"12822","9/30/11 10:04","2","948.88"
"12823","9/26/11 7:35","5","1759.5"
"12824","10/11/11 12:49","1","397.12"
"12826","9/29/11 10:55","7","1474.72"
"12827","12/4/11 12:17","3","430.15"
"12828","9/1/11 17:14","6","1018.71"
"12829","12/14/10 14:54","2","293"
"12830","9/9/11 15:02","6","6814.64"
"12831","3/22/11 13:02","1","215.05"
"12832","9/2/11 13:48","2","383.03"
"12833","7/17/11 13:46","1","417.38"
"12834","3/2/11 9:49","1","312.38"
"12836","7/25/11 15:22","4","2612.86"
"12837","6/19/11 16:07","1","134.1"
"12838","12/1/10 11:57","2","683.13"
"12839","9/8/11 13:17","14","5591.42"
"12840","7/19/11 9:29","4","2726.77"
"12841","9/11/11 12:13","25","4022.35"
"12842","9/30/11 15:33","2","1118.99"
"12843","7/3/11 12:21","8","1702.26"
"12844","8/1/11 13:11","2","325.96"
"12845","3/17/11 13:34","4","354.09"
"12847","11/17/11 13:16","1","871.54"
"12849","3/16/11 12:26","2","1050.89"
"12851","9/4/11 12:41","1","135.18"
"12852","2/18/11 8:47","1","311.55"
"12853","7/28/11 11:29","6","1957.1"
"12854","9/22/11 12:15","3","1324.5"
"12855","12/2/10 9:37","1","38.1"
"12856","12/2/11 10:52","6","2179.93"
"12857","5/13/11 10:20","2","1106.4"
"12863","10/18/11 14:15","1","521.2"
"12864","7/24/11 13:03","1","147.12"
"12865","8/8/11 10:11","2","1568.23"
"12866","3/1/11 14:11","1","559.12"
"12867","9/4/11 13:35","7","4036.82"
"12868","6/7/11 10:42","6","1607.06"
"12871","9/16/11 15:07","2","380.64"
"12872","12/9/10 14:44","2","599.97"
"12873","3/2/11 14:58","1","374"
"12875","7/19/11 15:30","2","343.23"
"12876","5/27/11 13:34","2","2218.02"
"12877","9/22/11 13:05","12","1535.77"
"12878","4/17/11 13:07","2","854.99"
"12879","9/9/11 12:11","3","573.22"
"12881","3/9/11 11:44","1","298"
"12882","11/6/11 11:22","2","1463.04"
"12883","9/11/11 15:18","4","703.47"
"12884","9/12/11 13:10","1","309.05"
"12885","8/8/11 11:45","3","1175.22"
"12886","5/4/11 11:21","2","1378.4"
"12888","5/9/11 16:02","2","354.12"
"12890","11/15/11 17:26","1","380.47"
"12891","6/7/11 12:31","3","331"
"12893","11/9/11 12:34","1","188.14"
"12895","9/14/11 8:35","2","372.8"
"12897","5/19/11 12:13","2","216.5"
"12901","9/19/11 13:39","28","17654.54"
"12902","3/20/11 12:06","1","138.68"
"12904","6/20/11 13:18","2","509.58"
"12906","9/22/11 15:03","5","2919.81"
"12908","6/16/11 15:39","2","750"
"12909","9/13/11 12:22","5","2178.67"
"12910","9/22/11 12:55","8","3075.04"
"12912","12/7/11 8:55","5","1662.3"
"12913","3/2/11 10:49","5","2483.63"
"12915","7/14/11 11:34","2","363.65"
"12916","7/24/11 10:35","4","3006.15"
"12917","8/3/11 16:42","1","594"
"12919","8/15/11 11:39","6","1335.19"
"12920","11/22/11 15:05","1","164.23"
"12921","9/2/11 13:01","37","16587.09"
"12922","7/1/11 15:35","1","405.38"
"12923","10/6/11 16:20","1","176.97"
"12924","9/12/11 13:55","4","933.7"
"12925","9/26/11 11:05","2","694.05"
"12928","7/15/11 8:09","5","2062.7"
"12929","2/1/11 12:08","1","117.85"
"12930","9/22/11 15:18","2","415.8"
"12931","8/4/11 18:07","15","42055.96"
"12933","6/21/11 16:13","3","607.53"
"12935","8/22/11 12:22","7","2160.7"
"12936","9/22/11 13:51","4","1063.9"
"12937","9/29/11 14:38","4","1504.27"
"12938","11/14/11 11:21","1","114.14"
"12939","9/21/11 13:35","8","11581.8"
"12940","9/13/11 10:16","2","913.54"
"12942","7/31/11 14:39","3","683.9"
"12944","12/20/10 10:41","2","604.51"
"12945","2/24/11 14:15","1","462.95"
"12947","7/19/11 10:06","6","1603.99"
"12948","8/26/11 14:45","7","2064.95"
"12949","8/17/11 15:11","8","4167.22"
"12950","12/7/11 13:17","3","1843"
"12951","6/19/11 10:35","6","1064.07"
"12952","9/22/11 16:37","4","1387.79"
"12953","11/30/11 9:24","1","329.85"
"12955","9/8/11 12:48","11","4757.16"
"12956","2/6/11 16:08","1","108.07"
"12957","9/29/11 12:01","8","4017.54"
"12962","8/18/11 13:38","2","266.39"
"12963","9/16/11 9:03","8","1856.63"
"12965","9/11/11 15:31","1","771.91"
"12966","11/30/11 12:38","1","160.18"
"12967","12/3/10 9:49","2","1660.9"
"12968","8/19/11 15:44","1","135.95"
"12970","12/2/11 14:30","4","452.24"
"12971","9/8/11 14:02","86","11189.91"
"12974","5/26/11 9:33","1","144.8"
"12976","5/12/11 9:55","1","738.6"
"12977","7/6/11 16:40","1","39.24"
"12980","7/5/11 9:34","9","7374.9"
"12981","7/29/11 14:14","2","372.22"
"12982","4/11/11 11:51","1","390.54"
"12984","11/21/11 12:37","1","97.5"
"12985","12/9/11 10:46","2","1239.38"
"12987","9/27/11 12:03","2","558.7"
"12988","2/20/11 14:31","1","535.32"
"12989","9/12/11 15:43","15","6924.11"
"12990","6/7/11 14:27","3","409.5"
"12991","8/19/11 14:39","2","503.76"
"12993","8/11/11 12:01","4","414.76"
"12994","8/11/11 17:02","3","974.42"
"12995","9/15/11 15:44","1","211.32"
"12997","9/12/11 8:24","4","1226.89"
"12999","5/27/11 13:24","3","455.88"
"13000","8/25/11 10:43","3","534.85"
"13001","7/4/11 16:08","13","9818.82"
"13002","1/25/11 15:18","1","120.95"
"13003","8/26/11 10:50","3","149.05"
"13004","9/23/11 8:30","18","5655.91"
"13005","6/19/11 10:53","2","513.7"
"13006","10/14/11 13:49","1","81.57"
"13008","1/20/11 14:24","1","229.47"
"13011","12/2/10 17:22","1","50.55"
"13012","9/22/11 16:53","8","1661.84"
"13013","9/8/11 11:46","13","4810.94"
"13014","9/26/11 10:35","10","3466.28"
"13015","5/26/11 16:25","5","3346.28"
"13016","9/27/11 14:08","3","789.89"
"13017","12/2/11 15:53","1","204"
"13018","9/8/11 12:01","28","7277.7"
"13021","9/30/11 15:03","9","2616.38"
"13023","8/2/11 9:34","2","689.9"
"13026","9/8/11 10:01","5","975.36"
"13027","8/18/11 9:39","6","6912"
"13028","11/17/11 11:10","2","661.32"
"13029","7/24/11 11:37","3","1247.5"
"13030","12/6/10 14:31","2","799.48"
"13032","9/13/11 16:40","2","1010.18"
"13033","12/17/10 14:23","1","190.55"
"13034","12/5/10 14:52","2","642.77"
"13035","9/27/11 8:57","2","921.88"
"13037","7/24/11 15:46","3","881.07"
"13038","9/20/11 14:37","3","908.46"
"13040","12/1/11 10:38","2","676.99"
"13043","3/11/11 14:52","1","516.42"
"13044","2/21/11 15:20","1","560.47"
"13045","9/1/11 15:04","1","305.28"
"13046","3/18/11 15:43","2","629.31"
"13047","8/4/11 17:58","10","3237.54"
"13048","8/18/11 11:23","4","1835.91"
"13049","10/6/11 15:31","2","656.68"
"13050","8/25/11 14:21","17","5836.86"
"13052","5/11/11 14:12","1","348.15"
"13055","9/22/11 14:26","3","1214.41"
"13058","7/11/11 12:01","3","271.4"
"13059","4/4/11 10:40","1","183.4"
"13060","3/31/11 11:37","1","307.53"
"13061","9/28/11 16:04","1","248.61"
"13062","6/1/11 15:12","1","346.98"
"13064","9/12/11 13:56","4","1119.49"
"13065","12/1/10 16:52","1","205.86"
"13066","11/7/11 17:06","2","470.8"
"13067","9/18/11 13:38","1","115.46"
"13068","11/29/11 15:00","2","344"
"13069","9/1/11 11:48","24","4436.12"
"13070","5/31/11 13:45","1","228.8"
"13072","3/18/11 8:12","1","177.15"
"13075","8/2/11 10:19","1","919.61"
"13077","2/22/11 16:19","4","729.27"
"13078","9/18/11 12:15","26","12627.94"
"13079","9/9/11 15:25","5","220.1"
"13080","6/13/11 14:59","1","58.08"
"13081","7/19/11 11:47","11","28337.38"
"13082","8/5/11 16:16","9","3613.63"
"13083","9/25/11 10:46","2","303.75"
"13085","7/5/11 12:11","2","416.08"
"13089","9/30/11 10:19","97","58825.83"
"13090","7/26/11 14:51","14","8910.82"
"13091","11/11/11 15:54","1","345.82"
"13092","9/30/11 11:18","5","477.83"
"13093","3/9/11 12:14","8","7832.47"
"13094","9/20/11 14:57","12","1927.32"
"13095","9/30/11 12:03","1","74.4"
"13097","9/23/11 12:58","10","6010.42"
"13098","9/6/11 15:34","28","28882.44"
"13099","9/1/11 17:40","1","207.36"
"13101","4/19/11 14:37","1","101.19"
"13102","9/19/11 14:43","24","6424.09"
"13103","10/31/11 9:38","1","243.94"
"13104","9/15/11 11:20","6","1098.48"
"13106","7/29/11 15:12","1","76.5"
"13107","9/15/11 9:41","4","1531.62"
"13108","12/2/10 10:35","1","350.06"
"13109","7/5/11 14:56","2","786.54"
"13110","7/25/11 16:20","7","1488.67"
"13113","8/9/11 12:00","24","12245.96"
"13115","6/8/11 16:15","4","2294.78"
"13116","7/24/11 14:33","1","501.14"
"13117","8/10/11 10:09","8","984.91"
"13118","5/15/11 13:22","5","1197.81"
"13120","4/15/11 10:19","1","30.6"
"13121","3/15/11 16:47","1","283.73"
"13122","9/6/11 15:53","2","922.39"
"13124","9/11/11 12:45","3","3866.33"
"13126","9/28/11 10:29","8","2099.64"
"13127","9/23/11 10:26","1","259.17"
"13130","9/6/11 15:30","1","64"
"13131","9/29/11 17:16","3","1073.3"
"13132","3/23/11 12:44","1","77.3"
"13133","3/11/11 10:31","2","109.8"
"13134","9/15/11 10:35","4","1793.58"
"13135","5/27/11 10:52","1","3096"
"13136","9/13/11 11:39","5","2607.61"
"13137","9/8/11 12:42","8","3650.41"
"13138","9/20/11 15:31","6","962.39"
"13139","9/28/11 13:13","7","5064.94"
"13140","8/23/11 15:33","3","423.72"
"13141","9/16/11 9:54","5","2388.75"
"13142","11/20/11 16:07","1","307.09"
"13144","1/11/11 11:15","1","110.95"
"13145","9/9/11 10:10","4","618.52"
"13146","11/13/11 15:29","1","228.91"
"13147","9/1/11 12:28","4","712.8"
"13148","7/3/11 12:36","12","3707.12"
"13149","8/25/11 13:40","4","1676.06"
"13151","2/17/11 12:29","1","1257.87"
"13153","12/4/11 12:14","1","486.22"
"13155","9/21/11 10:27","4","971.76"
"13157","7/21/11 14:34","4","1741.22"
"13158","9/6/11 11:58","4","1201.06"
"13159","8/25/11 15:12","4","1437.85"
"13160","11/17/11 13:07","1","91.8"
"13161","1/30/11 14:03","1","112.75"
"13162","8/9/11 15:59","4","1688.29"
"13165","12/23/10 14:06","2","1021.48"
"13166","3/1/11 15:16","1","417.2"
"13167","8/1/11 12:12","4","791.33"
"13168","5/24/11 13:56","4","1319.19"
"13169","4/1/11 14:24","2","712.88"
"13170","11/13/11 12:19","1","116.01"
"13171","2/13/11 14:16","3","468.41"
"13173","12/7/10 14:30","2","353.65"
"13174","12/5/10 16:24","3","2817.03"
"13176","10/24/11 15:43","1","492.84"
"13177","10/6/11 9:56","1","282.45"
"13178","9/27/11 13:21","11","5725.47"
"13182","10/25/11 13:46","1","121.18"
"13183","9/14/11 10:42","9","3957.78"
"13184","8/1/11 11:12","10","1701.29"
"13185","3/17/11 11:56","1","71.4"
"13186","9/7/11 11:46","3","1575.89"
"13187","1/6/11 18:57","1","236.02"
"13188","11/28/11 15:28","1","114.6"
"13189","8/16/11 13:12","2","260.68"
"13192","9/5/11 14:13","2","911.94"
"13193","10/9/11 14:30","1","117.88"
"13194","7/27/11 9:01","1","60.7"
"13196","9/16/11 12:48","4","1797.78"
"13198","8/11/11 12:48","6","3401.24"
"13199","9/8/11 14:53","38","9817.12"
"13200","9/26/11 14:00","4","870.09"
"13203","8/11/11 10:29","4","869.46"
"13207","7/12/11 11:35","2","250.26"
"13208","7/7/11 14:18","6","1223.9"
"13209","8/3/11 12:10","8","5891.61"
"13210","9/7/11 8:18","1","353.48"
"13211","9/5/11 17:36","3","1197.42"
"13212","11/20/11 12:40","3","788.08"
"13213","8/3/11 13:06","5","1520.58"
"13216","3/17/11 12:18","1","333.74"
"13217","8/9/11 15:32","3","533.98"
"13218","8/4/11 16:59","1","62.64"
"13220","9/22/11 13:38","4","819.29"
"13221","4/13/11 16:58","2","847.41"
"13223","5/23/11 13:03","2","163.2"
"13224","7/11/11 14:10","2","2155.95"
"13225","7/19/11 16:36","7","6463.84"
"13226","3/11/11 14:35","1","108.21"
"13227","5/22/11 11:47","1","257.7"
"13228","9/19/11 14:28","1","358"
"13229","4/28/11 12:07","1","160.95"
"13230","7/24/11 16:18","14","2806.97"
"13232","9/2/11 13:18","7","1357.6"
"13233","9/26/11 13:25","2","605.12"
"13235","5/11/11 17:13","1","1031.07"
"13236","8/25/11 8:58","2","744.85"
"13238","6/29/11 12:12","4","700.73"
"13239","3/23/11 10:25","1","329.56"
"13240","9/4/11 14:08","4","663.65"
"13242","8/19/11 12:53","3","270.4"
"13243","5/20/11 13:14","1","600.07"
"13244","9/8/11 11:46","1","121.74"
"13245","10/20/11 11:40","1","430.5"
"13246","6/16/11 12:51","6","1987.3"
"13247","9/18/11 11:31","4","501.12"
"13248","8/7/11 12:40","2","465.68"
"13249","9/8/11 13:26","3","711.41"
"13253","7/6/11 10:09","2","1030.4"
"13255","12/1/10 11:58","2","399.51"
"13256","11/25/11 15:57","1","0"
"13258","5/18/11 13:11","3","698.58"
"13259","10/9/11 10:48","1","292.32"
"13260","10/9/11 13:21","1","557.62"
"13261","3/16/11 12:22","2","944.1"
"13262","3/21/11 15:06","1","200.29"
"13263","9/30/11 10:45","35","7454.07"
"13265","9/12/11 9:36","5","2107.66"
"13266","9/25/11 11:28","12","3834.26"
"13267","9/8/11 15:36","19","4521.49"
"13268","9/16/11 11:27","11","3214.69"
"13269","9/12/11 12:45","15","5346.23"
"13270","12/8/10 14:53","1","590"
"13271","11/2/11 14:31","1","217.38"
"13272","9/11/11 12:06","2","276.56"
"13273","8/18/11 14:02","1","138.98"
"13276","9/1/11 10:03","2","590.93"
"13277","8/15/11 14:50","4","258.4"
"13278","10/30/11 11:49","1","542.73"
"13279","9/22/11 17:24","1","137.75"
"13280","8/9/11 13:14","3","814.86"
"13282","6/30/11 13:17","3","1132.14"
"13283","6/7/11 12:39","2","93.66"
"13284","1/13/11 9:23","1","201.19"
"13285","7/1/11 14:53","4","2709.12"
"13291","7/7/11 10:36","1","361.11"
"13292","2/28/11 15:00","2","578.94"
"13294","6/3/11 8:54","2","873.74"
"13295","12/15/10 11:21","1","201.2"
"13296","7/25/11 13:46","1","87.4"
"13297","12/2/11 9:32","4","2089.85"
"13298","12/8/11 13:11","1","360"
"13299","3/16/11 12:55","1","142.5"
"13300","6/23/11 13:09","1","371.89"
"13301","8/28/11 11:25","4","618.09"
"13302","7/7/11 17:56","1","63.75"
"13304","12/23/10 14:35","1","300.42"
"13305","9/8/11 10:02","10","2000.86"
"13307","8/11/11 17:14","1","15"
"13308","5/20/11 13:13","3","1385.51"
"13309","9/12/11 14:15","5","1456.79"
"13310","5/17/11 13:26","3","1132.03"
"13311","7/12/11 14:26","2","598.57"
"13313","7/21/11 18:19","5","1555.32"
"13314","9/27/11 10:20","3","775.94"
"13316","9/21/11 12:14","4","5977.73"
"13317","5/25/11 10:35","6","2273.68"
"13318","12/8/11 18:51","3","640.76"
"13319","9/9/11 10:24","26","10845.55"
"13320","9/22/11 18:07","4","1548.7"
"13321","9/28/11 15:24","2","567.36"
"13322","11/22/11 14:21","1","199.48"
"13323","9/16/11 13:23","5","787.85"
"13324","9/11/11 12:34","10","7121.95"
"13325","9/19/11 10:36","1","675.3"
"13327","8/19/11 11:55","8","3627.77"
"13328","1/27/11 15:22","1","1308.48"
"13329","12/8/10 10:11","2","789"
"13330","9/8/11 12:27","3","1140.93"
"13332","11/25/11 13:30","1","350.9"
"13334","9/18/11 15:21","3","3536.82"
"13336","9/23/11 14:05","1","795.12"
"13338","7/5/11 9:06","1","487.02"
"13339","5/23/11 8:31","1","860.12"
"13340","8/26/11 9:55","7","10736.48"
"13341","3/24/11 9:50","1","775.85"
"13343","6/15/11 12:24","1","353.43"
"13344","3/7/11 10:28","3","2543.72"
"13345","2/25/11 9:01","1","389.5"
"13347","9/30/11 13:28","1","341.36"
"13348","10/6/11 17:28","1","233.76"
"13349","11/29/11 8:07","1","247.32"
"13350","9/21/11 13:33","2","979.12"
"13351","10/4/11 12:55","1","373.94"
"13352","10/10/11 13:55","1","397.98"
"13354","9/29/11 13:17","1","743.53"
"13355","8/9/11 14:48","1","674.7"
"13356","9/20/11 14:33","1","768.24"
"13357","3/27/11 13:56","1","609.95"
"13358","3/16/11 11:52","1","439.03"
"13359","10/7/11 9:30","1","439.56"
"13362","4/8/11 8:21","4","3090.74"
"13363","11/22/11 12:40","2","992.5"
"13364","9/29/11 18:13","1","134.96"
"13365","5/6/11 12:00","2","2225.37"
"13366","10/20/11 13:37","1","56.16"
"13368","3/28/11 9:59","2","623.4"
"13369","12/9/10 11:30","1","308.28"
"13370","12/3/10 10:26","1","754.87"
"13372","9/11/11 12:46","1","378.64"
"13373","7/4/11 12:19","3","3312.25"
"13375","9/12/11 10:19","1","778.65"
"13376","9/1/11 16:16","3","1019.76"
"13379","7/26/11 12:26","3","572.56"
"13381","9/11/11 15:35","6","3639.31"
"13382","3/4/11 10:03","1","222.99"
"13384","9/27/11 11:35","7","4151.93"
"13385","1/14/11 9:52","1","534.57"
"13388","7/31/11 12:52","2","677.1"
"13389","9/26/11 9:52","3","797.96"
"13390","9/26/11 8:38","1","544.08"
"13391","5/20/11 10:50","1","59.8"
"13394","9/22/11 16:20","8","2520.02"
"13395","6/7/11 15:04","1","307.72"
"13396","11/10/11 16:59","2","1360.99"
"13397","9/28/11 10:56","5","1544.13"
"13398","5/31/11 13:17","1","457.34"
"13402","8/4/11 15:51","2","621.23"
"13403","11/22/11 8:28","1","75"
"13404","5/11/11 11:57","2","252.49"
"13405","9/26/11 17:01","3","572.45"
"13408","9/25/11 14:41","62","28117.04"
"13410","9/26/11 11:39","5","1003.06"
"13411","8/24/11 13:57","1","213.55"
"13414","7/5/11 12:52","3","1390.5"
"13416","9/19/11 14:43","2","712.5"
"13417","5/18/11 16:26","2","640.83"
"13418","9/2/11 9:43","18","6127.43"
"13419","10/7/11 12:49","1","221.06"
"13420","7/13/11 8:48","2","159.85"
"13421","2/22/11 15:46","2","1851.08"
"13422","10/6/11 13:42","1","2626.3"
"13425","8/23/11 17:13","3","1624.21"
"13426","9/11/11 11:59","10","3641.32"
"13427","8/11/11 12:53","3","582.6"
"13428","11/29/11 14:20","1","218.47"
"13429","9/25/11 15:59","4","1006.8"
"13430","9/14/11 14:26","2","679.45"
"13431","9/12/11 11:25","2","1269.1"
"13434","9/4/11 10:35","2","534.24"
"13435","9/25/11 15:15","7","3809.89"
"13436","12/8/11 10:33","1","196.89"
"13437","9/1/11 18:20","7","3408.06"
"13439","3/29/11 14:20","1","283.71"
"13441","9/9/11 9:38","1","296.64"
"13447","11/6/11 11:56","3","1129.14"
"13448","9/20/11 12:53","6","3539.37"
"13449","11/16/11 8:28","1","291.88"
"13450","9/11/11 14:00","6","2043.72"
"13451","8/5/11 16:43","5","2976.15"
"13452","3/25/11 14:19","2","590"
"13453","6/27/11 9:34","2","356.98"
"13455","12/8/10 13:11","2","1058.34"
"13456","7/7/11 13:52","6","1766.72"
"13458","9/1/11 12:46","14","9646.57"
"13460","11/10/11 17:17","2","183.44"
"13461","7/24/11 11:32","3","1445"
"13462","4/1/11 11:20","1","151.5"
"13464","10/12/11 15:01","1","674.68"
"13466","6/8/11 16:39","1","307.9"
"13467","11/3/11 16:56","2","1083.71"
"13468","9/8/11 10:52","37","5704.97"
"13470","9/1/11 14:57","2","165"
"13471","12/8/11 15:44","4","2531.58"
"13473","10/10/11 11:20","2","422.64"
"13474","4/17/11 13:53","1","229.59"
"13475","6/1/11 13:52","4","1431.78"
"13476","6/14/11 12:00","2","1238.47"
"13477","7/24/11 13:17","6","1454.58"
"13479","5/23/11 10:45","2","300.95"
"13481","8/23/11 13:28","5","1804.56"
"13482","4/21/11 17:03","1","184.64"
"13483","10/5/11 11:53","1","140.34"
"13484","4/12/11 16:30","1","313.8"
"13485","4/20/11 13:58","1","454.24"
"13486","9/22/11 13:13","3","1122.41"
"13487","5/10/11 16:19","3","575.4"
"13488","9/28/11 13:04","13","8968.31"
"13489","8/26/11 13:16","4","449.52"
"13491","7/15/11 9:00","10","1215.82"
"13492","7/26/11 14:25","3","1269.84"
"13493","3/9/11 15:35","2","618.63"
"13494","2/1/11 11:58","1","316.26"
"13495","4/21/11 15:15","5","2044.87"
"13496","12/15/10 10:17","2","653.33"
"13497","3/2/11 9:04","2","348.05"
"13499","9/27/11 9:33","5","1159.11"
"13500","8/9/11 12:20","3","1166.77"
"13501","2/24/11 18:59","1","1340.32"
"13502","3/10/11 8:40","3","292"
"13503","9/29/11 13:23","1","216.85"
"13504","10/6/11 13:20","1","295.93"
"13505","9/28/11 11:56","4","4393.63"
"13506","12/5/10 12:15","2","458.52"
"13507","9/2/11 15:45","4","2479.16"
"13508","4/10/11 11:58","1","110.97"
"13509","9/1/11 8:25","7","979.72"
"13510","9/5/11 14:11","4","1791.56"
"13512","3/24/11 10:03","1","251.21"
"13513","8/5/11 11:50","1","205.1"
"13514","9/27/11 9:39","1","152.2"
"13515","9/28/11 11:26","4","891.12"
"13516","9/28/11 12:28","3","1389.41"
"13517","8/25/11 11:40","3","2128.42"
"13518","9/15/11 10:29","1","659.44"
"13519","9/22/11 18:24","1","122.75"
"13520","7/25/11 12:22","6","3624.35"
"13521","12/8/11 13:50","3","1093.65"
"13522","11/9/11 15:11","1","125.8"
"13523","5/24/11 8:51","5","3964.88"
"13524","9/19/11 12:29","5","680.18"
"13525","4/5/11 15:36","2","628.78"
"13527","9/11/11 12:15","7","2287.51"
"13529","9/22/11 9:15","2","307.76"
"13531","5/18/11 16:56","2","483.8"
"13532","11/6/11 12:25","1","210.31"
"13533","6/10/11 11:54","3","270.79"
"13534","8/24/11 10:36","25","5870.08"
"13536","9/25/11 13:30","7","3448.29"
"13538","9/6/11 13:11","7","1280.85"
"13539","9/15/11 10:18","3","631.34"
"13544","4/13/11 12:09","2","291.41"
"13546","5/23/11 12:14","3","626.99"
"13548","9/4/11 14:50","2","682.41"
"13549","7/20/11 13:21","7","918.2"
"13551","1/24/11 14:46","1","91.8"
"13552","9/14/11 11:54","12","3740.07"
"13555","9/27/11 12:36","4","4149.28"
"13557","3/4/11 12:14","2","584.06"
"13558","12/4/11 11:24","4","605.06"
"13560","12/2/11 13:11","1","174.37"
"13561","5/8/11 12:39","1","141.86"
"13562","9/19/11 10:51","3","1799.33"
"13563","9/16/11 14:45","2","777.53"
"13564","7/18/11 14:33","3","1749.02"
"13565","11/20/11 14:33","2","240.22"
"13566","9/18/11 12:40","2","874.71"
"13568","6/19/11 14:42","1","192.85"
"13569","12/7/10 12:29","2","373.75"
"13570","4/10/11 13:36","1","239.49"
"13571","9/8/11 11:27","12","2092.32"
"13572","5/18/11 11:59","1","1384.25"
"13573","3/31/11 14:47","2","294.4"
"13575","9/30/11 9:20","5","732.07"
"13576","9/4/11 12:07","18","6717.34"
"13577","9/8/11 11:44","4","1687.6"
"13579","12/5/10 16:10","2","467.04"
"13581","2/3/11 14:41","1","118"
"13583","7/7/11 10:40","1","781.03"
"13584","2/6/11 12:49","1","142.4"
"13587","10/7/11 12:31","1","712.4"
"13588","9/14/11 9:21","9","2478.95"
"13589","6/13/11 12:44","2","379.65"
"13590","7/12/11 10:46","6","1981.92"
"13591","5/19/11 13:58","3","1117.13"
"13592","5/18/11 9:13","4","247.96"
"13593","8/23/11 13:35","5","2037.08"
"13594","10/18/11 10:19","1","396.97"
"13596","12/4/11 12:01","2","697.04"
"13598","10/23/11 14:28","1","180.17"
"13599","9/16/11 9:24","21","5153.67"
"13600","1/31/11 15:27","1","219.52"
"13601","5/12/11 16:52","2","693.32"
"13602","10/6/11 11:47","1","428.89"
"13603","11/13/11 15:57","1","164.34"
"13606","4/10/11 12:52","3","280.54"
"13607","10/30/11 16:17","1","678.01"
"13610","8/21/11 14:42","7","1131.88"
"13611","9/11/11 14:51","3","1171.8"
"13614","9/11/11 14:05","4","1610.46"
"13615","1/25/11 8:21","1","417.69"
"13617","8/18/11 13:17","3","544.18"
"13618","6/19/11 11:09","1","177.34"
"13621","8/15/11 8:26","1","213.85"
"13623","5/13/11 16:12","5","747.78"
"13626","4/1/11 10:05","1","257.23"
"13627","9/21/11 12:55","5","1638.47"
"13629","9/1/11 18:54","11","7792.36"
"13630","9/25/11 10:30","7","2031.78"
"13631","9/1/11 9:57","11","3070.42"
"13632","6/19/11 12:23","5","2121.27"
"13634","9/14/11 12:42","5","1575.16"
"13635","10/3/11 10:55","1","1071.03"
"13636","8/9/11 14:56","5","949.12"
"13637","6/5/11 13:24","3","810.5"
"13638","11/24/11 10:38","1","122.64"
"13639","9/26/11 13:36","1","1033.34"
"13642","5/8/11 12:34","1","354.8"
"13643","9/2/11 10:42","3","519.44"
"13644","9/27/11 10:27","4","2624.26"
"13645","8/11/11 16:11","1","252.1"
"13647","9/29/11 13:21","4","1678.12"
"13649","3/28/11 11:51","2","346.6"
"13650","9/12/11 12:45","6","1836.34"
"13651","11/4/11 14:59","2","94.2"
"13652","3/28/11 9:21","3","1095.08"
"13654","7/17/11 13:29","6","2707.33"
"13655","8/17/11 14:25","2","932.97"
"13656","6/28/11 10:31","2","379.65"
"13657","5/22/11 12:35","2","382.14"
"13658","9/15/11 13:21","5","2639.17"
"13659","5/18/11 12:37","2","1573.2"
"13662","9/15/11 12:04","3","897.76"
"13663","6/13/11 15:44","1","189.47"
"13666","2/25/11 13:08","3","84.65"
"13667","7/13/11 15:42","1","305.02"
"13668","8/18/11 12:53","21","6363.59"
"13669","7/13/11 11:44","2","218.55"
"13670","9/25/11 15:25","1","349.7"
"13672","2/11/11 13:53","2","186.39"
"13673","11/7/11 15:40","2","396.92"
"13675","7/11/11 12:57","2","486.82"
"13678","7/11/11 10:14","1","232.6"
"13680","12/8/11 13:47","4","3722.42"
"13681","7/7/11 15:21","4","827.83"
"13682","6/5/11 14:06","1","59.5"
"13684","2/27/11 10:13","1","67.23"
"13685","12/7/11 11:41","7","3119.44"
"13686","6/10/11 9:10","1","72"
"13689","10/7/11 13:21","1","910"
"13690","10/11/11 15:03","1","172.25"
"13692","5/10/11 10:11","3","1488.32"
"13694","9/29/11 10:22","50","65039.62"
"13695","9/2/11 14:09","15","2504.13"
"13697","11/1/11 9:14","1","151.3"
"13699","7/7/11 16:51","1","308.58"
"13700","9/8/11 12:05","10","2265.12"
"13703","1/25/11 13:10","1","99.5"
"13704","9/27/11 10:04","9","2308.06"
"13705","7/18/11 9:15","3","711.86"
"13706","2/10/11 9:21","1","330.79"
"13707","3/17/11 18:03","2","806.41"
"13708","3/13/11 13:46","1","296.88"
"13709","8/4/11 14:30","13","6328.05"
"13710","11/8/11 8:16","1","180.48"
"13711","5/5/11 10:31","2","252.06"
"13712","4/7/11 12:33","1","228.84"
"13715","3/3/11 19:21","5","1079.34"
"13716","3/15/11 13:49","1","138.28"
"13717","8/3/11 8:21","6","1445.01"
"13718","4/7/11 13:24","2","306.55"
"13719","5/18/11 12:52","5","1041.68"
"13720","8/15/11 12:46","4","799.9"
"13721","11/3/11 14:05","1","524.14"
"13722","7/31/11 12:44","3","2375.41"
"13723","5/6/11 17:04","1","199.85"
"13725","6/23/11 16:02","8","1980.56"
"13726","8/31/11 11:06","2","1079.66"
"13727","11/6/11 12:16","2","333.48"
"13728","8/24/11 12:54","6","1016.14"
"13730","7/27/11 8:35","2","752.6"
"13731","5/4/11 14:33","2","610.59"
"13732","11/11/11 15:49","1","491.86"
"13735","6/17/11 11:07","4","2885.24"
"13736","3/24/11 13:04","2","731.9"
"13737","5/23/11 16:32","1","339.6"
"13739","11/21/11 13:35","1","216.9"
"13740","4/13/11 10:32","1","350.75"
"13741","9/29/11 9:19","3","668.43"
"13742","9/11/11 11:24","12","3131.02"
"13743","9/12/11 12:19","7","1341.6"
"13744","9/5/11 15:19","2","1156.36"
"13745","6/30/11 16:43","1","300.04"
"13747","12/1/10 10:37","1","79.6"
"13748","9/5/11 9:45","5","948.25"
"13750","7/22/11 14:39","5","1647.26"
"13751","2/24/11 15:56","1","296.25"
"13752","8/7/11 14:16","6","1186.28"
"13753","2/25/11 12:48","1","741.26"
"13754","7/11/11 11:51","2","282.6"
"13755","12/6/11 12:26","9","2161.35"
"13756","9/7/11 13:19","14","5189.52"
"13758","5/22/11 15:12","7","3190.55"
"13759","9/29/11 15:40","2","659.41"
"13760","3/28/11 12:52","2","286.79"
"13761","6/13/11 8:43","2","1070.65"
"13762","5/5/11 9:15","1","306.72"
"13763","10/7/11 15:13","1","1714.96"
"13764","9/30/11 12:03","3","1521.76"
"13767","9/20/11 9:54","37","17220.36"
"13769","9/8/11 13:55","10","2796.51"
"13771","5/24/11 12:57","4","2634.45"
"13772","9/4/11 11:22","3","1132.13"
"13774","9/19/11 12:06","1","345"
"13777","9/23/11 9:14","33","25977.16"
"13778","8/28/11 15:25","1","178.7"
"13780","6/22/11 11:43","2","360.01"
"13781","4/3/11 12:08","1","127.84"
"13782","8/7/11 12:21","6","912"
"13784","9/6/11 12:27","11","2462.79"
"13786","12/7/10 13:53","1","230.4"
"13787","9/25/11 12:06","2","309.04"
"13790","12/5/11 15:48","1","348.8"
"13791","8/4/11 11:44","2","1516"
"13792","2/25/11 14:03","2","195.55"
"13798","9/7/11 15:34","57","37153.85"
"13799","8/15/11 12:07","2","688.86"
"13800","2/3/11 12:27","1","558.32"
"13801","10/4/11 10:15","1","324.8"
"13802","7/24/11 10:54","3","4599.42"
"13803","3/29/11 12:57","1","277.07"
"13804","9/4/11 10:59","7","2635.79"
"13805","8/2/11 15:29","2","924.6"
"13806","10/7/11 11:43","1","256.38"
"13807","12/7/10 15:48","1","112.6"
"13808","9/7/11 12:10","5","1747.66"
"13809","2/7/11 13:15","1","155.05"
"13810","11/11/11 8:33","3","1499.01"
"13811","6/9/11 9:54","3","814.5"
"13812","8/26/11 12:54","3","539"
"13813","9/30/11 9:22","4","1366.86"
"13814","9/8/11 13:48","2","1579.12"
"13815","6/20/11 13:08","4","4027.36"
"13816","11/16/11 8:38","2","571.67"
"13817","12/23/10 11:46","2","382.98"
"13819","2/3/11 14:01","3","1140.35"
"13821","7/18/11 9:49","2","385.64"
"13822","12/4/11 12:13","2","632"
"13823","9/9/11 10:42","2","957.66"
"13824","7/27/11 9:22","5","1698.94"
"13826","6/16/11 13:48","1","189.5"
"13827","7/29/11 11:45","3","412.05"
"13828","11/17/11 16:02","1","209.49"
"13831","9/13/11 9:07","6","2202.99"
"13832","11/20/11 15:36","1","52.2"
"13833","7/3/11 13:27","1","384.8"
"13835","7/7/11 15:16","4","834.57"
"13837","5/12/11 12:10","2","271.24"
"13838","8/14/11 10:52","4","691.73"
"13841","4/1/11 12:10","1","85"
"13842","9/28/11 14:56","9","3385.62"
"13844","11/28/11 13:21","1","361.62"
"13845","10/6/11 8:25","1","312.98"
"13846","4/11/11 15:03","3","865.06"
"13848","9/8/11 12:58","3","1255"
"13849","6/22/11 10:11","2","1537.95"
"13850","8/2/11 14:04","1","1595.48"
"13851","9/5/11 12:36","3","2651.46"
"13853","10/13/11 14:18","1","1090.14"
"13854","9/8/11 14:35","25","8109.52"
"13856","6/9/11 8:45","3","388.5"
"13858","10/13/11 16:17","1","216.17"
"13859","1/17/11 16:14","1","201.16"
"13860","9/14/11 9:27","5","1245.9"
"13862","9/28/11 9:15","8","2209.36"
"13863","4/6/11 10:20","1","305.78"
"13865","7/26/11 11:24","4","501.56"
"13866","9/26/11 14:54","1","145.67"
"13867","9/26/11 12:23","3","1015.29"
"13868","12/2/11 16:32","2","3192.54"
"13869","8/8/11 13:53","4","3104.95"
"13870","8/30/11 11:32","8","2770.94"
"13871","9/8/11 12:51","13","6403.25"
"13873","8/12/11 10:08","3","389.6"
"13874","12/16/10 18:20","1","540.45"
"13875","7/29/11 9:11","5","1786.79"
"13876","10/7/11 10:22","1","122.7"
"13877","9/14/11 15:49","1","117.24"
"13878","10/16/11 12:19","1","1281.53"
"13880","9/13/11 9:49","13","3219.77"
"13881","9/5/11 11:43","20","17159.52"
"13882","12/7/11 11:16","5","1191.13"
"13883","5/5/11 12:39","5","2674.48"
"13884","9/11/11 13:58","5","787.6"
"13885","6/3/11 15:07","2","506.8"
"13886","9/29/11 13:17","1","243.56"
"13887","5/19/11 17:22","1","349.55"
"13888","8/12/11 10:13","2","605.63"
"13889","9/8/11 9:13","1","416.9"
"13890","8/24/11 13:12","10","1883.81"
"13892","4/7/11 12:04","4","632.97"
"13893","2/15/11 11:30","1","821.1"
"13894","2/2/11 12:54","3","564.62"
"13895","7/19/11 14:03","4","2593.07"
"13897","10/20/11 14:30","1","311.16"
"13898","1/18/11 10:28","1","155.93"
"13899","3/10/11 9:30","2","388.52"
"13900","6/9/11 19:26","3","740.95"
"13901","9/28/11 14:48","5","2867.2"
"13904","2/18/11 11:18","2","332.64"
"13908","9/21/11 11:49","4","2369.55"
"13911","7/18/11 13:30","9","2580.91"
"13914","11/3/11 16:28","2","626.45"
"13917","6/1/11 12:46","2","272.04"
"13918","3/31/11 18:05","2","1212.84"
"13919","8/10/11 10:15","2","384.81"
"13922","12/23/10 10:38","1","172.25"
"13923","10/17/11 12:33","1","351.13"
"13924","9/28/11 15:07","6","1838.85"
"13925","9/8/11 12:47","4","678.25"
"13926","11/16/11 13:16","1","223.85"
"13927","9/26/11 12:00","1","348.99"
"13928","8/25/11 12:13","4","464.57"
"13929","6/23/11 15:26","2","842.65"
"13930","7/26/11 11:00","2","337.34"
"13931","9/5/11 10:12","2","1237.53"
"13932","2/18/11 12:02","1","307.4"
"13933","8/22/11 14:03","2","608.79"
"13934","3/21/11 8:39","1","922.1"
"13936","6/13/11 8:47","1","376.58"
"13937","6/23/11 16:35","1","158.85"
"13938","11/4/11 14:37","1","71.66"
"13939","8/23/11 11:53","3","568.55"
"13940","8/15/11 12:47","4","839.14"
"13941","9/11/11 12:00","5","5112.96"
"13946","9/21/11 13:33","3","561.57"
"13947","10/5/11 14:42","1","90.6"
"13948","12/14/10 10:18","1","102"
"13949","9/6/11 11:55","6","2427.32"
"13950","9/27/11 14:52","4","745.06"
"13951","6/16/11 16:43","3","674.45"
"13952","5/6/11 9:00","2","3251.07"
"13953","8/16/11 10:03","7","3515.68"
"13954","9/30/11 10:52","2","439.92"
"13955","7/8/11 17:19","2","322.96"
"13956","7/24/11 16:12","5","1026.42"
"13959","9/21/11 15:06","3","598.2"
"13960","9/29/11 12:39","2","230.22"
"13962","4/8/11 11:21","2","169.55"
"13963","2/4/11 14:43","4","664.54"
"13967","7/17/11 12:02","1","80.7"
"13969","8/4/11 16:31","18","9053.94"
"13971","8/25/11 14:23","8","2758.26"
"13972","9/30/11 11:54","2","190.25"
"13973","2/25/11 15:21","1","264.7"
"13974","10/21/11 14:41","1","413.59"
"13975","8/3/11 13:39","6","2526.28"
"13976","5/17/11 9:13","1","357.98"
"13978","11/25/11 11:36","2","196.79"
"13979","9/27/11 13:32","1","869.87"
"13980","10/10/11 13:34","1","200.14"
"13982","6/29/11 15:11","4","1871.81"
"13983","9/12/11 11:41","12","2603.43"
"13984","8/5/11 14:30","5","920.51"
"13985","9/29/11 8:53","15","7060.13"
"13986","11/22/11 15:00","1","320.46"
"13988","9/28/11 10:54","6","4147.96"
"13989","4/14/11 15:39","2","1266.08"
"13990","5/10/11 15:19","1","311.3"
"13991","9/25/11 13:47","6","855.97"
"13992","11/9/11 15:23","1","76.8"
"13993","9/11/11 12:16","9","3466.36"
"13994","9/23/11 10:17","6","2313.14"
"13995","8/16/11 9:00","5","1393.69"
"13999","9/5/11 11:19","12","3901.81"
"14000","5/12/11 16:50","1","635.66"
"14001","4/21/11 9:26","3","2043.08"
"14002","7/6/11 14:59","2","529.73"
"14004","9/22/11 12:42","7","4582.64"
"14005","9/25/11 11:29","5","2874.72"
"14006","8/16/11 9:39","3","962.19"
"14009","5/25/11 15:47","2","695.61"
"14012","3/7/11 12:26","1","328.8"
"14013","8/21/11 15:01","3","473.02"
"14014","9/23/11 13:18","1","505.18"
"14015","10/18/11 10:02","1","917.34"
"14016","7/1/11 11:29","4","4341.21"
"14019","9/2/11 12:51","3","1421.61"
"14020","9/12/11 15:32","2","642.8"
"14021","7/7/11 15:46","3","631.9"
"14022","4/28/11 14:39","1","440"
"14023","4/3/11 15:50","2","584.07"
"14024","8/7/11 13:31","2","327.7"
"14027","10/10/11 9:01","1","104.82"
"14029","7/18/11 16:57","2","467.66"
"14030","9/11/11 15:52","8","2360.09"
"14031","9/26/11 17:20","19","17286.86"
"14032","9/13/11 14:51","11","2975.59"
"14034","7/5/11 13:15","3","651.82"
"14035","8/24/11 13:15","5","1428.02"
"14036","2/28/11 9:26","1","626.65"
"14037","6/16/11 13:57","2","147.2"
"14038","9/22/11 13:37","3","1560.38"
"14039","11/6/11 13:48","1","152.2"
"14040","9/6/11 14:29","12","3614.92"
"14041","3/18/11 13:25","1","141.41"
"14044","8/28/11 14:39","4","652.82"
"14045","8/22/11 15:27","4","1659.75"
"14046","2/28/11 14:48","1","154.99"
"14047","9/27/11 14:08","5","1308.61"
"14048","2/7/11 14:53","1","409.93"
"14049","7/4/11 11:47","4","5681.72"
"14050","8/25/11 13:46","2","746.36"
"14051","9/9/11 10:16","23","15610.39"
"14052","11/20/11 12:30","1","225.36"
"14053","8/7/11 14:27","2","260.25"
"14054","10/5/11 15:49","1","92.46"
"14055","8/25/11 15:04","1","725.64"
"14056","9/16/11 16:25","23","8214.65"
"14057","9/11/11 14:58","17","6217.96"
"14059","3/18/11 10:06","1","183.6"
"14060","9/21/11 13:01","19","6140.42"
"14062","9/9/11 10:31","12","10464.85"
"14064","8/18/11 18:11","5","1353.74"
"14066","3/18/11 12:21","1","152.55"
"14067","9/4/11 12:00","2","374.7"
"14068","1/23/11 16:02","1","265.85"
"14071","3/24/11 13:28","8","1438.82"
"14073","11/7/11 15:49","1","151.04"
"14075","3/23/11 16:35","3","942.26"
"14076","8/2/11 15:19","1","122.47"
"14077","9/22/11 13:44","5","499.42"
"14078","8/30/11 12:16","6","1049.37"
"14079","8/7/11 12:10","1","375.1"
"14080","11/7/11 11:09","1","45.6"
"14081","2/10/11 16:17","2","934.52"
"14082","12/10/10 11:02","1","182.25"
"14083","8/5/11 14:31","9","1018.43"
"14085","7/21/11 13:48","18","4448.54"
"14087","12/7/11 12:41","1","194.42"
"14088","8/3/11 11:21","13","50491.81"
"14089","10/14/11 10:38","1","161"
"14090","1/19/11 10:51","1","76.32"
"14092","9/1/11 10:36","14","4076.91"
"14093","11/27/11 16:27","1","442.85"
"14096","9/9/11 15:17","17","65164.79"
"14098","11/3/11 10:13","1","147.35"
"14099","8/11/11 15:34","11","3104.17"
"14100","7/25/11 11:01","1","194.9"
"14101","9/27/11 12:28","6","5976.79"
"14102","12/4/11 15:38","5","1360.28"
"14104","7/8/11 12:50","2","216.21"
"14105","4/14/11 17:58","1","1266.23"
"14107","9/4/11 15:20","7","2703.23"
"14108","8/30/11 11:32","2","597.91"
"14109","9/28/11 10:18","1","144.2"
"14110","9/14/11 14:28","12","5683.15"
"14111","9/5/11 12:21","4","692.85"
"14112","8/1/11 12:16","7","2915.15"
"14113","9/22/11 16:46","4","1840.42"
"14114","3/11/11 9:42","2","386.53"
"14116","9/8/11 9:51","5","1382.74"
"14117","7/19/11 9:49","1","90"
"14121","12/6/11 12:19","4","2780.15"
"14124","9/16/11 13:32","1","419.58"
"14125","9/22/11 15:40","3","2740.43"
"14126","12/2/11 11:45","3","706.13"
"14127","8/9/11 10:49","3","709.71"
"14128","3/29/11 10:49","2","637.5"
"14129","9/5/11 9:49","5","1123.86"
"14130","1/24/11 16:05","1","483.86"
"14132","9/13/11 14:30","11","3586.03"
"14133","8/2/11 11:34","3","605.64"
"14135","9/25/11 11:36","15","4690.31"
"14138","12/8/11 12:44","2","982.38"
"14139","10/24/11 13:34","1","415.82"
"14140","12/6/11 9:05","2","935.05"
"14141","9/27/11 11:38","4","915.13"
"14142","12/1/10 16:33","1","311.81"
"14143","7/29/11 9:48","1","115.8"
"14145","7/6/11 11:52","4","3742.2"
"14146","9/19/11 15:01","5","4191"
"14147","9/22/11 18:10","2","483.4"
"14148","4/20/11 12:02","1","157.2"
"14149","5/3/11 9:44","1","446.62"
"14150","12/15/10 10:04","2","658.64"
"14152","9/25/11 12:54","2","621.29"
"14154","4/14/11 16:26","2","1345.62"
"14155","3/18/11 14:13","1","118.75"
"14156","9/7/11 16:00","55","117379.63"
"14157","2/27/11 13:04","2","432.88"
"14158","10/30/11 15:08","1","507.66"
"14159","9/5/11 12:00","11","4693.01"
"14161","5/8/11 11:41","3","1110.52"
"14162","6/19/11 11:36","2","289.36"
"14163","9/13/11 15:18","4","2445.91"
"14164","9/30/11 12:24","2","1631.77"
"14165","3/9/11 12:39","1","122.54"
"14167","6/27/11 16:46","4","574.84"
"14171","9/2/11 16:43","1","363.79"
"14173","5/4/11 14:03","4","450.84"
"14174","11/6/11 13:17","1","134.46"
"14175","6/21/11 14:29","3","3222.3"
"14176","2/15/11 13:12","4","576.9"
"14177","9/5/11 12:24","4","559.41"
"14178","9/2/11 14:42","7","1620.93"
"14179","10/30/11 12:07","2","719.78"
"14180","9/9/11 13:47","25","4748.52"
"14184","10/4/11 12:43","1","452.89"
"14185","1/12/11 13:52","1","197.65"
"14188","9/29/11 12:15","6","2054.36"
"14189","9/4/11 13:45","15","4654.08"
"14191","9/20/11 9:24","13","4684.76"
"14193","3/15/11 11:38","2","853.39"
"14194","9/25/11 12:32","21","11349.52"
"14195","5/22/11 10:29","2","1012"
"14196","8/25/11 10:25","1","335.52"
"14198","9/14/11 11:25","4","701.4"
"14199","5/5/11 13:44","1","185.4"
"14201","9/20/11 10:47","7","747.44"
"14204","12/7/11 13:38","1","161.03"
"14205","3/20/11 15:07","2","466.7"
"14206","4/14/11 16:38","1","328.16"
"14208","9/6/11 12:48","1","151.74"
"14209","8/10/11 16:01","6","2073.43"
"14210","8/26/11 12:36","6","1905.84"
"14211","9/4/11 10:51","9","2241.1"
"14212","9/11/11 12:45","1","1070.48"
"14214","7/6/11 15:02","5","1004.38"
"14215","9/23/11 10:44","6","1789.72"
"14216","12/6/11 14:56","4","1839.3"
"14217","9/26/11 15:47","17","2004.98"
"14218","10/28/11 10:00","1","169.48"
"14219","12/5/11 16:23","1","89.94"
"14220","4/6/11 13:23","2","632.4"
"14221","9/20/11 12:21","9","3432.8"
"14222","6/15/11 16:42","1","683.17"
"14223","9/8/11 13:38","3","991.13"
"14224","8/21/11 13:24","4","1050.12"
"14226","9/30/11 11:45","5","2232.19"
"14227","9/15/11 11:33","10","3350.96"
"14229","2/21/11 9:45","3","1547.2"
"14231","6/9/11 11:05","3","925.71"
"14232","8/16/11 12:52","5","2048.07"
"14233","5/12/11 10:45","4","1462.72"
"14234","11/9/11 15:42","4","775.46"
"14235","9/25/11 14:37","5","3144.86"
"14236","9/20/11 9:13","2","490.86"
"14237","12/1/10 13:20","1","161"
"14238","1/17/11 14:40","1","146.85"
"14239","9/6/11 12:38","11","2380.85"
"14240","4/28/11 11:40","2","890.34"
"14241","6/9/11 11:46","1","213.7"
"14242","4/19/11 11:46","2","280.55"
"14243","9/5/11 13:10","10","2588.77"
"14245","5/4/11 8:40","2","1693.45"
"14246","8/21/11 11:50","3","1474.06"
"14247","3/6/11 15:21","1","136.77"
"14248","1/25/11 14:45","1","302.58"
"14250","9/11/11 13:44","3","1904.05"
"14251","12/8/11 8:32","5","2879.7"
"14256","3/24/11 13:17","2","969.06"
"14257","8/8/11 15:35","5","3099.72"
"14258","9/11/11 10:42","9","12669.98"
"14259","7/21/11 10:44","1","120"
"14261","9/22/11 10:47","2","1163.45"
"14262","9/16/11 14:55","8","2618.23"
"14264","7/8/11 10:20","2","333.97"
"14265","8/22/11 13:32","2","530.18"
"14267","6/30/11 10:09","3","1516.24"
"14270","1/12/11 9:33","1","492.65"
"14271","4/28/11 12:47","1","112.32"
"14272","9/27/11 10:08","2","437.96"
"14273","7/26/11 14:56","4","559.97"
"14276","9/2/11 9:45","3","1119.74"
"14277","5/11/11 13:20","3","4216.2"
"14280","5/27/11 10:37","1","134.04"
"14282","9/19/11 14:55","15","3729.34"
"14284","9/14/11 13:04","2","595.25"
"14285","9/25/11 11:38","4","1910.01"
"14286","4/11/11 8:16","3","4628.75"
"14287","5/25/11 11:44","3","176.63"
"14288","5/10/11 13:22","1","426.6"
"14289","7/28/11 10:24","6","911.26"
"14290","9/19/11 14:38","5","2314.65"
"14291","8/11/11 10:55","11","3883.25"
"14292","9/12/11 12:51","9","4871.93"
"14293","7/15/11 15:28","4","1046.56"
"14295","10/30/11 15:50","1","166.2"
"14297","3/10/11 8:31","4","1305.33"
"14298","9/28/11 13:32","44","51527.3"
"14299","9/22/11 12:06","9","3965.62"
"14300","11/21/11 8:57","1","43.2"
"14301","8/14/11 15:33","1","640.14"
"14304","5/1/11 11:50","1","383.45"
"14305","9/29/11 15:29","3","1858.96"
"14306","9/15/11 10:31","2","2093.32"
"14307","9/12/11 9:38","6","2995.72"
"14309","9/7/11 12:50","9","2352.53"
"14311","4/11/11 10:14","1","310.26"
"14312","9/9/11 13:14","6","1611.59"
"14314","8/25/11 10:39","1","120"
"14315","8/2/11 13:31","6","2481.13"
"14317","10/6/11 10:44","1","508.58"
"14320","5/17/11 9:24","2","477.79"
"14321","9/27/11 9:24","5","1530.75"
"14323","8/17/11 11:37","2","605.06"
"14326","4/11/11 15:04","1","183.85"
"14327","6/29/11 13:58","1","311.65"
"14329","8/23/11 12:18","7","5014.84"
"14331","8/7/11 13:17","2","462.66"
"14332","7/15/11 10:33","3","866.31"
"14333","10/3/11 10:38","1","415.2"
"14334","9/7/11 10:55","8","2552.21"
"14335","9/4/11 13:07","2","468.26"
"14336","5/4/11 15:37","4","1614.91"
"14338","7/1/11 14:08","2","588.22"
"14339","4/11/11 11:06","1","309.52"
"14340","5/5/11 9:44","1","134.7"
"14341","8/1/11 14:05","8","2182.28"
"14342","7/25/11 14:35","4","668.56"
"14344","8/4/11 13:51","8","889.93"
"14345","11/1/11 9:51","1","108.98"
"14346","8/11/11 9:47","2","1021.58"
"14348","3/24/11 16:23","1","409.57"
"14349","11/29/11 15:39","1","133.5"
"14350","3/10/11 14:14","1","282.93"
"14351","6/28/11 11:56","1","51"
"14352","7/5/11 15:41","4","1078.96"
"14353","5/8/11 16:06","1","90.6"
"14354","12/4/11 11:32","2","163.62"
"14355","12/9/10 12:16","1","174.4"
"14356","9/21/11 9:18","2","701.23"
"14357","10/27/11 16:23","1","225.77"
"14359","9/13/11 9:03","3","912.18"
"14360","9/6/11 11:58","4","2128.23"
"14362","11/17/11 15:08","1","161.2"
"14364","8/23/11 11:01","8","3717.35"
"14367","9/25/11 12:16","16","9261.52"
"14368","1/24/11 9:52","1","155"
"14371","2/17/11 16:35","1","100.5"
"14373","12/16/10 15:40","1","76.55"
"14375","6/7/11 13:44","1","257.68"
"14377","6/1/11 13:32","2","617.05"
"14379","2/17/11 15:03","2","348.1"
"14381","10/18/11 17:10","1","202.68"
"14382","11/13/11 16:18","1","626.07"
"14383","6/29/11 10:18","3","1247.69"
"14385","11/30/11 15:36","3","202.11"
"14386","2/16/11 9:45","1","142.4"
"14387","9/26/11 12:58","3","1770.56"
"14388","9/9/11 13:26","8","3212.84"
"14389","6/2/11 12:04","2","1043.46"
"14390","7/18/11 13:35","9","4652.82"
"14393","5/5/11 18:16","1","67.95"
"14395","9/22/11 12:41","9","3507.71"
"14396","12/3/10 15:19","2","487.99"
"14397","9/7/11 9:37","19","2612.96"
"14400","7/13/11 15:50","1","574.7"
"14401","9/5/11 11:51","13","4051.48"
"14403","8/1/11 12:57","4","1475.81"
"14404","8/23/11 11:16","6","1474.32"
"14406","8/12/11 16:54","1","156.75"
"14407","8/24/11 14:02","6","2157.73"
"14408","9/6/11 11:29","7","2606.53"
"14409","9/29/11 18:18","6","2059.45"
"14410","9/8/11 15:08","9","1105.07"
"14411","2/2/11 10:56","1","1063"
"14412","9/28/11 8:48","2","770.03"
"14413","12/12/10 13:37","1","122.7"
"14414","9/9/11 12:09","7","1496.98"
"14415","9/2/11 15:56","13","5900.28"
"14416","11/17/11 15:22","2","490.22"
"14418","8/23/11 17:18","3","1937.25"
"14419","9/27/11 11:27","6","1058.06"
"14420","9/1/11 18:07","1","387.52"
"14421","5/12/11 10:49","2","813.11"
"14422","9/30/11 10:48","6","4263.64"
"14423","5/5/11 15:12","1","265.2"
"14424","11/22/11 11:48","1","322.08"
"14426","7/22/11 11:56","10","4481.67"
"14427","10/7/11 9:10","2","363.34"
"14428","9/21/11 14:50","5","1244.83"
"14431","2/10/11 10:40","1","470.36"
"14432","9/11/11 14:09","6","2255.51"
"14434","9/28/11 15:31","6","1372.8"
"14436","9/2/11 10:13","1","89.06"
"14437","12/9/10 9:27","1","63"
"14438","2/6/11 14:56","1","131.9"
"14439","1/24/11 11:39","1","2661.24"
"14440","9/28/11 12:46","5","2357.68"
"14441","9/6/11 9:45","4","1712.89"
"14442","5/19/11 11:36","2","1589.82"
"14443","7/24/11 11:40","4","1420.2"
"14446","9/20/11 12:35","4","1039.58"
"14447","5/27/11 14:29","5","1163.23"
"14448","12/10/10 17:26","2","375.35"
"14449","4/7/11 12:16","4","907.1"
"14450","6/12/11 10:46","3","483.25"
"14451","5/29/11 12:35","2","662.59"
"14452","9/7/11 11:32","2","264.44"
"14453","6/2/11 14:15","1","119.93"
"14456","9/27/11 12:52","9","3062.4"
"14457","2/2/11 9:39","1","113.64"
"14459","7/7/11 13:35","1","1837.92"
"14460","8/21/11 14:19","3","434.34"
"14461","7/14/11 17:11","3","2103.06"
"14462","9/16/11 17:05","11","2004.02"
"14463","9/2/11 15:20","3","529.62"
"14465","4/7/11 12:38","3","1058.62"
"14466","9/27/11 12:44","7","2272.4"
"14467","11/22/11 12:48","4","598.76"
"14470","2/25/11 11:56","2","461.19"
"14472","8/28/11 11:01","8","1936.84"
"14473","9/26/11 15:10","2","234.34"
"14474","10/24/11 13:26","1","547.66"
"14475","9/29/11 10:46","3","925.85"
"14476","3/27/11 15:39","1","215.7"
"14477","6/8/11 13:33","4","1309.6"
"14479","3/31/11 9:07","2","316.25"
"14480","11/28/11 16:35","1","279.05"
"14481","6/28/11 10:38","2","636.51"
"14482","9/1/11 16:44","6","2068.15"
"14483","3/3/11 10:26","1","137.1"
"14484","10/20/11 14:11","1","321.92"
"14485","11/1/11 12:25","1","165.75"
"14487","9/18/11 12:40","6","1196.33"
"14488","10/3/11 9:30","1","1064.28"
"14489","5/16/11 14:51","1","463.38"
"14491","6/17/11 15:22","2","340.93"
"14493","7/7/11 16:59","5","2383.24"
"14494","11/14/11 9:21","1","139.56"
"14495","8/10/11 14:13","2","123.8"
"14496","2/1/11 9:01","2","538.81"
"14497","2/3/11 17:01","1","475.37"
"14498","8/15/11 14:10","5","1957.32"
"14499","7/29/11 11:49","3","815.32"
"14500","9/12/11 16:45","3","356.85"
"14501","6/9/11 12:02","2","251.21"
"14502","7/13/11 13:14","11","2470.67"
"14503","9/30/11 14:59","6","3543.26"
"14504","4/10/11 16:01","4","673.26"
"14505","8/22/11 14:38","8","5905.64"
"14506","6/30/11 19:27","5","2012.17"
"14507","8/30/11 15:16","6","1383.18"
"14508","9/11/11 11:29","2","276.42"
"14511","9/8/11 13:26","5","1314.81"
"14512","6/5/11 12:39","2","275.28"
"14513","8/31/11 11:25","3","455.59"
"14514","5/22/11 15:12","3","1055.35"
"14515","6/1/11 12:54","6","2102.09"
"14517","7/21/11 11:42","2","330.45"
"14518","10/6/11 14:43","1","174.37"
"14520","2/22/11 9:15","2","270.6"
"14522","9/8/11 15:39","4","974.54"
"14523","8/23/11 13:13","1","241.09"
"14524","9/29/11 12:39","9","1867.68"
"14525","8/31/11 14:28","9","4332.2"
"14527","9/29/11 12:23","55","8508.82"
"14528","11/2/11 17:09","1","364.22"
"14529","9/23/11 13:48","3","620.04"
"14530","9/7/11 12:55","6","2925.91"
"14532","4/17/11 13:05","4","932.85"
"14533","9/11/11 15:35","7","1949.72"
"14534","9/5/11 12:20","18","4447.05"
"14535","8/4/11 15:04","3","2864.19"
"14536","3/25/11 12:21","1","171.8"
"14537","10/13/11 10:54","1","355.56"
"14538","3/28/11 14:57","2","388.25"
"14539","11/24/11 9:50","2","537.48"
"14540","9/25/11 12:34","3","996.26"
"14541","6/24/11 10:31","8","1461.65"
"14542","6/7/11 8:19","1","103.25"
"14543","9/27/11 10:26","16","3630.33"
"14544","12/13/10 12:50","2","2024.45"
"14546","9/23/11 13:11","5","2578.09"
"14547","12/6/11 11:06","8","4007.54"
"14548","7/12/11 12:19","2","652.8"
"14549","2/1/11 13:47","1","289.24"
"14550","11/29/11 12:12","2","765.62"
"14551","5/19/11 18:21","2","186.23"
"14552","7/11/11 12:49","1","165.07"
"14553","5/5/11 11:08","5","859.27"
"14554","11/29/11 16:44","4","2381.04"
"14555","2/10/11 17:19","2","324.14"
"14557","9/15/11 15:48","1","788.38"
"14560","9/6/11 10:27","22","2237.77"
"14561","9/25/11 12:39","3","1080.76"
"14562","9/8/11 19:58","18","5074.77"
"14565","9/5/11 9:07","4","3099.12"
"14566","8/21/11 11:05","1","1432"
"14567","8/1/11 13:48","2","1530.36"
"14569","12/8/11 14:58","1","227.39"
"14570","3/4/11 10:58","2","218.06"
"14572","8/21/11 13:46","7","2832.84"
"14573","6/13/11 11:15","9","1653.42"
"14576","12/2/10 17:51","1","35.4"
"14577","6/29/11 11:46","4","859.71"
"14578","12/6/11 17:18","1","168.63"
"14581","11/23/11 12:39","1","138.6"
"14582","10/30/11 11:56","1","114.11"
"14583","7/18/11 12:53","5","1052.55"
"14584","6/9/11 20:03","4","1042.26"
"14585","10/20/11 14:33","1","157.05"
"14586","3/8/11 10:04","1","237.36"
"14587","6/8/11 14:09","9","1601.14"
"14589","12/3/10 11:42","1","39.75"
"14591","5/10/11 14:09","4","1447.14"
"14592","11/4/11 16:35","3","570.46"
"14593","5/25/11 11:21","3","617.99"
"14594","12/2/11 13:28","2","379.83"
"14595","9/15/11 13:13","6","1740.6"
"14597","6/1/11 12:33","2","883.15"
"14598","10/26/11 13:19","1","221.97"
"14600","2/7/11 9:48","1","393.33"
"14601","11/29/11 9:48","1","213.96"
"14603","3/10/11 10:27","1","660"
"14606","9/7/11 12:41","93","12156.65"
"14607","3/23/11 15:22","14","16569.5"
"14608","9/15/11 11:46","4","1785.15"
"14609","9/28/11 12:54","4","601.56"
"14616","4/11/11 9:54","3","406.08"
"14618","11/30/11 13:45","3","553.44"
"14619","4/8/11 7:37","1","394.44"
"14620","5/18/11 11:58","2","412.78"
"14621","7/6/11 12:31","5","1788.36"
"14622","6/8/11 12:42","1","320.58"
"14623","8/15/11 13:51","5","889.25"
"14624","10/13/11 13:44","2","225.85"
"14625","5/27/11 15:32","2","899.63"
"14626","8/9/11 10:20","4","2791.27"
"14628","9/9/11 14:58","2","671.96"
"14629","12/5/11 16:55","2","959.01"
"14631","4/18/11 16:49","3","1006.98"
"14632","3/22/11 8:49","1","114.56"
"14633","3/18/11 17:07","1","344.9"
"14636","3/16/11 9:52","2","609.85"
"14638","10/20/11 10:10","1","443.6"
"14639","8/11/11 13:41","6","2984.49"
"14640","8/4/11 11:38","6","2125.08"
"14641","11/18/11 10:42","1","110.46"
"14642","10/12/11 11:08","1","96.12"
"14643","6/22/11 14:41","2","693.81"
"14644","2/14/11 14:14","2","830.76"
"14645","7/6/11 9:15","2","597.09"
"14646","9/8/11 11:28","74","280206.02"
"14647","5/22/11 13:40","1","243.22"
"14649","9/28/11 15:42","4","1417.29"
"14651","5/12/11 16:29","2","654.6"
"14652","9/23/11 14:21","1","114.18"
"14653","12/8/11 13:45","7","1947.55"
"14655","9/30/11 8:14","4","1932.23"
"14656","6/23/11 13:51","2","291.05"
"14657","7/7/11 19:54","4","848.22"
"14658","8/14/11 15:42","2","247.15"
"14659","9/22/11 12:45","9","2529.93"
"14660","9/14/11 11:34","2","285.74"
"14661","11/13/11 11:51","1","107.95"
"14662","4/19/11 12:26","4","771.17"
"14664","11/6/11 14:56","2","637.89"
"14665","9/11/11 11:26","5","1835.7"
"14666","11/15/11 12:57","1","195.25"
"14667","9/6/11 12:30","25","9241.2"
"14669","4/12/11 11:43","3","1269.99"
"14670","3/4/11 14:13","2","411.53"
"14672","4/19/11 10:19","2","765.55"
"14673","12/7/10 12:49","5","1736.4"
"14675","11/23/11 12:58","1","604.75"
"14676","9/22/11 9:52","6","2548.24"
"14680","9/5/11 15:49","16","28754.11"
"14681","9/29/11 15:52","3","498.95"
"14682","6/5/11 12:12","2","52"
"14684","9/19/11 11:04","5","1236.28"
"14687","8/25/11 11:59","1","628.38"
"14688","9/8/11 12:16","21","5630.87"
"14689","5/15/11 11:22","1","112.8"
"14690","7/11/11 11:58","2","371.7"
"14691","9/4/11 11:17","5","2114.33"
"14692","7/25/11 15:08","4","591.55"
"14693","3/20/11 12:50","1","172.9"
"14696","9/29/11 15:04","7","2078.95"
"14697","5/5/11 15:39","2","188.61"
"14698","12/8/11 12:26","5","1250.76"
"14699","5/9/11 14:54","1","109.13"
"14700","6/3/11 11:59","3","2235.3"
"14701","6/20/11 11:36","9","2549.37"
"14702","9/22/11 19:33","17","3292.14"
"14703","11/25/11 9:23","1","318.17"
"14704","9/19/11 13:27","9","1546.91"
"14705","5/25/11 12:39","1","179"
"14708","7/8/11 16:08","3","1126.37"
"14709","9/7/11 12:21","13","4921.04"
"14710","11/25/11 14:53","4","606.13"
"14711","9/9/11 13:42","11","2868.8"
"14712","9/25/11 14:58","3","917.07"
"14713","9/1/11 19:11","11","2666.36"
"14714","11/15/11 13:07","1","160.19"
"14715","9/6/11 12:02","4","867.38"
"14716","7/14/11 12:42","2","329.68"
"14719","6/13/11 12:52","5","1602.13"
"14720","9/11/11 13:56","3","663.81"
"14722","7/15/11 14:58","1","187.92"
"14723","12/3/10 14:26","6","1158.3"
"14725","11/15/11 12:42","1","718.08"
"14727","3/10/11 14:45","1","268.58"
"14729","12/1/10 12:43","1","313.49"
"14730","8/24/11 13:07","8","2005.06"
"14731","5/18/11 11:02","3","380.02"
"14732","9/12/11 15:29","8","2702.49"
"14733","8/21/11 11:57","12","9585.91"
"14735","9/19/11 11:33","32","6065.69"
"14737","8/3/11 10:04","3","1164.55"
"14738","7/29/11 10:34","7","1314.45"
"14739","9/6/11 14:09","7","3902.28"
"14740","5/26/11 18:17","3","1448.21"
"14741","8/18/11 13:16","6","1400.34"
"14744","2/15/11 11:33","7","1099.98"
"14745","8/19/11 10:05","5","1220.26"
"14747","4/4/11 14:09","1","328.2"
"14748","8/8/11 12:28","5","1415.75"
"14752","10/27/11 11:55","1","389.64"
"14753","9/13/11 14:50","1","563.15"
"14754","2/17/11 12:21","2","638.05"
"14755","9/27/11 12:08","11","5010.28"
"14756","11/24/11 18:13","1","738.96"
"14757","9/25/11 14:36","1","420.5"
"14758","7/18/11 8:21","4","1484.06"
"14759","8/19/11 8:57","3","1625.97"
"14760","2/15/11 16:27","1","89.2"
"14761","10/12/11 12:10","2","255.9"
"14762","3/21/11 8:20","1","300.52"
"14764","10/24/11 11:54","1","278.3"
"14765","8/19/11 15:06","3","254.11"
"14766","9/20/11 9:45","6","2473.37"
"14768","8/4/11 13:25","2","192.6"
"14769","9/18/11 15:33","8","10674.75"
"14770","4/21/11 14:21","2","876.42"
"14772","8/19/11 15:04","1","139.26"
"14775","7/25/11 12:12","3","1011.9"
"14776","8/26/11 14:23","11","2538.3"
"14778","8/4/11 15:23","2","730.86"
"14779","3/4/11 12:42","3","386.15"
"14780","9/21/11 15:15","2","447.68"
"14782","1/24/11 11:12","1","200.1"
"14784","11/13/11 13:30","2","289.99"
"14785","11/29/11 13:21","2","77.4"
"14788","12/2/11 17:06","2","679.44"
"14789","11/11/11 8:59","1","197.64"
"14790","8/12/11 12:15","4","745.06"
"14792","10/7/11 9:19","1","6.2"
"14793","11/18/11 14:50","1","228.99"
"14794","5/20/11 11:53","7","1319.91"
"14795","6/26/11 13:04","1","131.45"
"14796","9/6/11 10:42","17","8022.49"
"14798","7/18/11 14:40","3","173.74"
"14799","10/19/11 16:16","1","157.7"
"14800","9/25/11 12:45","12","4339.74"
"14801","10/9/11 15:24","1","193.14"
"14803","6/30/11 13:58","3","845.55"
"14804","12/1/11 11:20","1","353.27"
"14805","11/24/11 16:20","4","554.65"
"14806","9/25/11 15:32","1","193.39"
"14808","9/26/11 11:19","8","2741.17"
"14810","8/28/11 11:02","11","2087.88"
"14813","12/5/10 11:57","2","155.43"
"14815","11/3/11 11:36","2","778.5"
"14816","5/26/11 13:16","1","271.85"
"14817","5/23/11 13:35","2","1110.34"
"14818","9/27/11 11:01","3","657.8"
"14819","5/31/11 13:50","2","272.07"
"14820","9/25/11 13:24","4","507.29"
"14821","12/8/10 8:43","1","48.8"
"14823","6/12/11 13:12","3","321.43"
"14824","9/9/11 14:12","4","1127.71"
"14825","9/11/11 14:49","12","2226.91"
"14828","5/27/11 10:16","3","2139.76"
"14829","6/8/11 14:29","4","697.55"
"14830","10/17/11 14:29","1","197.13"
"14834","9/29/11 10:49","6","1720.3"
"14836","11/9/11 13:26","3","102.45"
"14837","9/11/11 10:58","4","1649.5"
"14840","3/17/11 12:00","1","62.85"
"14841","6/13/11 14:55","6","3295.76"
"14842","9/5/11 14:30","4","2824.69"
"14844","8/8/11 13:34","4","3189.81"
"14847","7/14/11 10:52","1","309.4"
"14849","9/5/11 14:57","25","7930.54"
"14850","2/1/11 11:21","1","325.75"
"14851","3/28/11 14:59","2","511.35"
"14852","9/4/11 13:56","6","2836.69"
"14853","5/12/11 15:17","2","475.8"
"14854","9/22/11 17:00","7","2759.83"
"14855","8/12/11 14:02","2","645.65"
"14856","11/3/11 14:53","3","1311.38"
"14857","7/14/11 15:03","2","1173.12"
"14859","9/20/11 13:19","4","1353.74"
"14860","11/20/11 14:17","1","170.32"
"14861","10/18/11 12:54","1","125.79"
"14862","7/14/11 11:20","2","841.2"
"14863","11/10/11 15:04","1","266.76"
"14865","12/2/11 16:25","2","52.2"
"14866","9/20/11 10:27","12","14389.9"
"14867","6/7/11 11:39","3","710.28"
"14868","9/29/11 10:45","8","2953.59"
"14869","8/28/11 16:09","2","725.7"
"14870","3/23/11 10:51","1","327.25"
"14871","6/14/11 13:04","4","522.38"
"14873","5/13/11 13:52","1","519.68"
"14875","8/24/11 12:20","2","1465.32"
"14878","9/18/11 12:24","9","1485.54"
"14880","9/23/11 13:42","3","706.19"
"14881","11/20/11 11:06","1","255.4"
"14882","11/6/11 10:15","2","589.7"
"14883","9/27/11 14:58","6","761.59"
"14885","7/31/11 12:05","1","765.32"
"14886","4/1/11 8:56","1","364.8"
"14887","9/21/11 15:32","1","1862"
"14888","5/16/11 14:58","1","369.2"
"14889","1/7/11 15:19","1","135.9"
"14890","3/31/11 11:57","1","125.65"
"14891","7/14/11 18:08","2","554.38"
"14893","11/30/11 12:31","2","1237.85"
"14894","9/15/11 13:51","1","655.75"
"14895","9/9/11 15:11","20","11138.71"
"14896","5/19/11 10:20","2","468.77"
"14897","9/12/11 16:06","4","1366.38"
"14898","7/28/11 14:03","6","1303.52"
"14901","9/27/11 11:05","9","1421.29"
"14902","11/14/11 10:34","1","332.66"
"14903","8/7/11 12:42","5","2810.63"
"14904","12/7/11 12:55","2","1025.44"
"14905","7/5/11 12:41","2","616.15"
"14907","9/1/11 16:41","7","3501.1"
"14908","9/26/11 12:56","1","277.8"
"14910","12/7/11 10:06","4","434.35"
"14911","9/7/11 14:13","201","143825.06"
"14912","4/7/11 11:06","2","867.85"
"14913","6/9/11 14:14","4","1227.43"
"14915","9/9/11 13:34","2","307.48"
"14916","9/7/11 10:07","4","1268.98"
"14918","8/16/11 11:50","2","1610.15"
"14920","5/11/11 10:32","2","977.77"
"14921","5/22/11 12:51","2","1316.07"
"14923","10/20/11 11:51","1","749.1"
"14924","4/8/11 9:25","1","310.05"
"14929","11/7/11 17:21","1","223.88"
"14930","8/23/11 10:31","3","2372.86"
"14931","9/26/11 12:11","5","1257.68"
"14932","12/9/10 11:48","1","363.53"
"14934","9/19/11 10:10","2","1890.94"
"14935","2/15/11 14:44","1","1784.71"
"14936","8/23/11 12:30","8","8137.02"
"14937","8/1/11 14:16","3","1621.88"
"14944","9/6/11 9:23","12","5900.25"
"14946","11/25/11 13:33","1","100.9"
"14947","9/28/11 15:48","2","290.82"
"14948","9/29/11 13:56","6","1101.97"
"14950","11/20/11 13:48","1","371.2"
"14951","9/21/11 15:15","1","311.69"
"14952","9/29/11 8:28","11","8099.49"
"14953","11/14/11 14:59","1","289.82"
"14954","11/27/11 14:30","1","336.17"
"14957","3/31/11 17:59","1","58.49"
"14958","7/15/11 14:20","3","499.68"
"14959","8/22/11 9:28","4","695.42"
"14960","6/21/11 13:38","2","221.27"
"14961","9/9/11 13:37","9","7044.68"
"14962","3/14/11 9:42","1","126.7"
"14963","6/9/11 12:30","5","1487.8"
"14964","4/6/11 14:13","1","206.21"
"14965","9/4/11 13:20","2","599"
"14966","11/25/11 12:20","1","191.32"
"14967","10/21/11 11:06","1","463.8"
"14968","11/9/11 13:58","1","147.59"
"14970","7/25/11 14:45","4","1592.06"
"14971","11/4/11 17:07","3","1116.57"
"14972","8/3/11 14:54","1","114.77"
"14973","8/24/11 15:51","3","1314.45"
"14974","11/2/11 13:01","1","114.39"
"14975","10/13/11 14:08","1","279.94"
"14976","8/30/11 17:23","7","790.86"
"14978","9/28/11 13:07","5","1931.42"
"14981","4/7/11 13:45","1","102.12"
"14984","6/12/11 11:04","2","213.27"
"14985","5/25/11 14:29","2","296.75"
"14987","12/9/10 12:13","2","326.4"
"14988","5/12/11 12:05","1","334.54"
"14995","3/4/11 13:14","2","233.23"
"14997","9/12/11 13:34","3","546.2"
"14998","6/22/11 17:30","2","429.87"
"15000","10/23/11 11:42","1","490.52"
"15002","8/16/11 10:44","4","1641.76"
"15004","7/15/11 14:05","1","1246.32"
"15005","9/5/11 11:18","28","6316.57"
"15006","10/19/11 15:08","1","502.09"
"15007","7/3/11 16:00","1","156.91"
"15009","11/27/11 13:35","3","1261.78"
"15010","11/4/11 12:42","1","308.94"
"15012","12/1/10 12:49","2","423.04"
"15014","6/16/11 19:40","2","260.17"
"15016","6/20/11 12:06","1","170.04"
"15017","11/6/11 10:33","1","125.58"
"15018","4/1/11 9:56","3","496.21"
"15019","3/18/11 12:35","1","266"
"15021","9/14/11 13:12","9","1914.82"
"15022","11/28/11 12:35","4","905.04"
"15023","8/15/11 15:06","11","6802.76"
"15024","8/2/11 13:09","10","1661.33"
"15025","11/6/11 15:20","1","377.01"
"15026","9/20/11 13:52","3","469"
"15027","6/24/11 14:33","4","1066.15"
"15028","12/6/10 12:47","4","627.13"
"15030","9/29/11 10:50","2","518.28"
"15031","8/21/11 15:35","4","668.14"
"15032","3/28/11 15:03","3","4959.1"
"15033","8/8/11 16:18","10","2586.67"
"15034","9/30/11 13:40","8","4308.61"
"15035","9/11/11 11:08","1","252.73"
"15036","9/28/11 15:42","3","465.55"
"15038","6/5/11 11:14","6","705.49"
"15039","9/9/11 11:15","47","19914.44"
"15041","6/22/11 16:16","1","180.35"
"15042","5/24/11 16:25","1","135.93"
"15043","11/8/11 14:26","1","537"
"15044","9/25/11 11:34","17","7700.23"
"15045","7/11/11 11:33","2","735.66"
"15046","9/4/11 11:54","15","5213.77"
"15047","3/15/11 10:49","1","343.62"
"15048","8/15/11 10:02","4","384.05"
"15049","3/11/11 12:13","1","121.17"
"15050","9/29/11 13:45","3","1782.09"
"15051","7/12/11 15:29","3","1391.61"
"15052","1/24/11 15:52","1","215.78"
"15053","7/6/11 13:06","3","697.79"
"15054","11/27/11 15:02","2","302.1"
"15057","3/9/11 15:17","2","1489.5"
"15058","9/19/11 13:02","11","2124.99"
"15059","8/24/11 13:22","9","1337.72"
"15060","12/1/11 13:47","4","303.09"
"15061","9/27/11 14:07","48","54534.14"
"15062","9/29/11 16:51","4","987.86"
"15063","5/10/11 13:25","1","370.8"
"15065","6/28/11 11:44","4","3158.13"
"15066","10/17/11 13:25","1","893.59"
"15067","9/22/11 13:20","3","1744.76"
"15068","3/28/11 14:27","2","553.36"
"15069","6/13/11 14:16","1","1109.53"
"15070","12/2/10 11:23","1","106.2"
"15071","9/7/11 11:43","2","982.07"
"15073","6/7/11 12:00","3","1043.41"
"15074","8/26/11 14:45","1","748.87"
"15075","9/23/11 12:27","1","773.03"
"15076","6/20/11 8:23","1","880.85"
"15078","9/26/11 13:45","32","9743.11"
"15079","5/11/11 12:45","4","895.61"
"15081","9/14/11 12:29","5","504.8"
"15083","3/28/11 12:18","1","88.2"
"15087","3/3/11 10:34","1","306.94"
"15088","11/18/11 13:14","2","1160.07"
"15089","9/6/11 16:02","6","2420.84"
"15090","2/4/11 14:03","1","381.32"
"15091","10/3/11 12:47","1","480.71"
"15092","5/8/11 14:10","2","457.81"
"15093","8/15/11 9:59","6","4597.02"
"15095","8/28/11 12:01","4","1370.6"
"15096","10/28/11 10:27","1","219.39"
"15097","12/5/11 14:03","1","248.08"
"15098","6/10/11 15:33","3","39916.5"
"15099","9/16/11 13:13","1","410.48"
"15100","12/8/10 12:09","3","876"
"15101","12/15/10 12:54","2","317.53"
"15103","9/14/11 13:54","2","703.36"
"15104","5/27/11 12:29","2","1027.44"
"15105","9/14/11 11:42","7","2298.93"
"15106","7/21/11 17:02","5","1422.52"
"15107","2/1/11 14:46","6","319.5"
"15108","7/21/11 10:24","4","1300.25"
"15109","4/8/11 9:58","1","484.95"
"15110","8/5/11 9:25","4","996.1"
"15111","12/2/10 11:45","3","1567.48"
"15113","11/30/11 8:23","3","3609.33"
"15114","9/7/11 13:30","10","2760.56"
"15115","11/21/11 14:59","1","340.11"
"15116","7/28/11 9:48","4","1352.75"
"15117","8/11/11 11:51","5","1551.78"
"15118","7/28/11 14:54","1","244.8"
"15119","4/8/11 9:08","1","266.4"
"15120","7/29/11 9:48","1","358.82"
"15121","2/24/11 12:41","2","457.72"
"15122","8/17/11 16:48","3","1633.78"
"15123","5/17/11 14:57","2","2199.31"
"15124","6/1/11 9:06","2","184.19"
"15125","8/18/11 17:50","15","11528.48"
"15127","10/5/11 10:30","1","406.53"
"15128","8/5/11 10:31","4","1471"
"15129","8/5/11 12:25","11","3447.4"
"15130","6/23/11 10:15","1","330.11"
"15132","8/26/11 11:47","5","977.93"
"15133","8/4/11 10:44","3","982.42"
"15134","9/28/11 12:33","8","1387.99"
"15135","4/14/11 19:16","1","139.05"
"15136","9/4/11 16:05","4","1286.7"
"15139","4/14/11 11:39","2","178.96"
"15140","9/21/11 12:25","7","2354.25"
"15142","10/24/11 12:51","1","498.74"
"15143","4/28/11 12:03","1","259.45"
"15144","9/8/11 12:20","17","6580.44"
"15145","4/5/11 15:20","4","1194.73"
"15146","6/28/11 12:09","2","1327.16"
"15147","4/13/11 15:57","1","623.5"
"15148","11/29/11 8:21","1","301.29"
"15149","7/29/11 10:58","1","520.8"
"15150","9/27/11 11:06","10","5314.47"
"15152","9/16/11 9:21","13","4745.69"
"15153","11/8/11 17:09","1","329.25"
"15154","9/25/11 16:05","1","296.42"
"15156","12/8/11 18:22","3","961.49"
"15157","7/8/11 13:26","3","1936.07"
"15158","10/25/11 13:53","1","401.4"
"15159","9/11/11 10:58","30","18641.01"
"15160","12/17/10 14:15","1","158.16"
"15163","5/31/11 15:22","2","304.47"
"15164","5/15/11 13:14","3","843.05"
"15165","12/1/10 14:03","1","487.75"
"15167","1/23/11 12:41","1","163"
"15168","11/14/11 11:26","1","106.56"
"15171","1/12/11 15:36","1","1289.5"
"15172","9/30/11 13:15","5","1624.05"
"15174","1/21/11 9:06","1","135.75"
"15175","9/29/11 11:31","1","224.14"
"15178","3/24/11 15:12","1","40.5"
"15179","4/20/11 9:03","5","2206.95"
"15180","12/7/10 14:57","1","87.5"
"15181","6/17/11 13:57","3","689.48"
"15182","7/8/11 13:37","2","622.85"
"15184","6/2/11 12:06","2","406.76"
"15185","9/30/11 14:06","1","310.62"
"15186","6/24/11 14:54","2","411.41"
"15187","9/9/11 10:05","16","4777.18"
"15189","9/9/11 14:18","41","16225.39"
"15192","8/12/11 11:41","3","1044.32"
"15193","10/10/11 8:23","1","499.32"
"15194","9/22/11 18:10","15","7616.53"
"15195","12/7/11 12:20","1","3861"
"15197","4/1/11 11:50","3","1079.61"
"15198","9/8/11 14:42","2","193.64"
"15199","9/6/11 10:12","4","1268.7"
"15201","9/13/11 14:53","5","1236.54"
"15203","9/21/11 12:28","6","1827.8"
"15204","12/17/10 13:49","1","316.58"
"15205","9/15/11 19:36","2","653.24"
"15206","9/1/11 11:41","4","420.3"
"15208","6/29/11 13:51","5","870.12"
"15210","4/28/11 16:11","1","331.18"
"15211","12/9/10 16:08","2","894.41"
"15212","4/12/11 13:45","1","101.8"
"15213","1/25/11 12:21","2","328.35"
"15214","9/25/11 16:06","8","1661.44"
"15215","9/4/11 12:24","3","734.94"
"15216","9/13/11 11:41","1","96.6"
"15218","9/26/11 12:10","11","5756.89"
"15219","6/16/11 16:57","1","305.75"
"15220","8/16/11 14:28","6","1778.96"
"15221","12/8/10 13:08","1","403.25"
"15222","1/25/11 8:03","1","585"
"15223","4/4/11 12:17","2","755.75"
"15224","12/16/10 15:02","2","322.08"
"15225","4/19/11 14:51","1","409.4"
"15226","2/2/11 11:41","1","154.41"
"15227","5/8/11 10:11","5","1219.4"
"15228","8/2/11 12:27","4","3386.71"
"15230","4/14/11 14:39","2","429.6"
"15232","8/18/11 16:27","2","612.06"
"15234","3/8/11 8:53","1","197"
"15235","5/6/11 9:44","12","2247.51"
"15236","2/14/11 10:52","1","321.05"
"15237","9/22/11 15:28","4","1412.32"
"15238","9/5/11 15:26","3","1071.99"
"15239","9/22/11 9:53","2","780.59"
"15240","9/16/11 13:45","5","1706.57"
"15241","9/27/11 14:00","8","1756.44"
"15243","9/26/11 14:12","1","316.68"
"15244","4/5/11 15:12","2","631.57"
"15245","7/28/11 18:56","3","2515.84"
"15246","4/15/11 14:45","2","514.15"
"15247","8/9/11 12:52","1","356"
"15249","9/9/11 11:46","13","6688.46"
"15251","9/9/11 15:53","11","10484.99"
"15252","6/9/11 14:15","2","740.78"
"15253","9/12/11 12:32","5","918.2"
"15254","8/4/11 15:04","1","300.36"
"15255","10/4/11 12:43","1","890.85"
"15256","7/14/11 11:47","1","98.45"
"15257","3/1/11 12:58","1","317.15"
"15258","6/24/11 12:30","2","623.16"
"15260","8/31/11 13:55","7","1810.77"
"15261","7/27/11 15:20","1","254.82"
"15262","1/20/11 12:16","1","178.95"
"15263","8/25/11 10:26","1","156.51"
"15264","10/6/11 13:49","1","393.74"
"15265","7/11/11 14:46","2","1506.12"
"15266","1/5/11 13:40","1","119.3"
"15267","7/7/11 11:36","5","1717.36"
"15269","11/16/11 9:32","1","408.8"
"15270","8/14/11 10:38","7","2379.49"
"15271","9/6/11 9:49","15","2507.07"
"15272","9/14/11 16:36","2","721.94"
"15274","12/5/11 16:57","2","716.57"
"15275","11/2/11 11:20","1","615.14"
"15276","10/4/11 16:39","1","135.31"
"15277","10/24/11 10:08","1","255.9"
"15279","12/20/10 10:48","1","290.51"
"15280","6/20/11 17:14","1","113.12"
"15281","7/26/11 9:23","9","2332.15"
"15286","10/21/11 11:08","1","240.55"
"15287","9/30/11 12:30","2","486.69"
"15288","7/7/11 10:28","5","2306.52"
"15289","7/25/11 11:01","3","939.78"
"15290","9/21/11 14:07","18","7943.22"
"15291","9/6/11 9:15","15","4668.3"
"15292","5/22/11 15:00","1","180.94"
"15296","8/22/11 14:20","6","3672.86"
"15297","11/29/11 16:32","3","641.94"
"15298","9/8/11 8:56","12","4799.9"
"15299","6/28/11 17:01","7","4507.01"
"15300","10/6/11 17:08","1","496.44"
"15301","9/28/11 9:43","12","5070.35"
"15303","2/22/11 13:59","1","574.02"
"15304","9/15/11 8:55","8","694.4"
"15306","9/8/11 12:47","3","1174.35"
"15307","9/5/11 11:38","1","205.3"
"15308","3/10/11 13:08","1","310.47"
"15311","9/6/11 14:38","91","60767.9"
"15312","9/25/11 13:10","4","924.85"
"15313","8/21/11 16:02","1","52"
"15314","5/24/11 14:39","1","327.97"
"15315","8/15/11 15:17","2","570.5"
"15316","1/17/11 11:34","1","165"
"15318","12/6/11 11:30","1","312.62"
"15319","3/1/11 12:48","1","204.5"
"15320","10/26/11 13:27","1","267.13"
"15321","9/30/11 9:40","3","2748.31"
"15322","9/15/11 9:34","1","679.68"
"15325","8/28/11 11:55","1","162.29"
"15326","1/10/11 11:38","1","311.71"
"15327","10/18/11 11:55","1","208.75"
"15329","7/28/11 15:31","3","1049.7"
"15330","11/7/11 17:50","2","714.96"
"15332","12/8/10 14:43","4","1661.06"
"15333","5/15/11 13:27","1","1028.56"
"15334","7/6/11 11:22","3","351.67"
"15335","10/17/11 12:50","1","173.97"
"15339","10/4/11 12:51","2","574.07"
"15341","9/20/11 9:40","1","2020.52"
"15342","8/2/11 10:19","1","406.09"
"15343","9/13/11 13:55","1","364.5"
"15344","9/26/11 14:48","3","563.94"
"15345","10/25/11 11:28","1","393.54"
"15346","1/11/11 11:18","1","252.42"
"15347","12/8/10 15:25","1","201.6"
"15348","9/28/11 13:17","1","158.04"
"15349","7/4/11 16:06","2","473.81"
"15350","12/1/10 13:33","1","115.65"
"15351","9/21/11 15:54","7","1960.11"
"15353","3/30/11 12:15","2","777.02"
"15355","11/10/11 13:44","2","277.05"
"15356","9/29/11 13:11","10","2766.5"
"15358","9/26/11 11:04","22","8347.2"
"15360","10/31/11 9:35","1","427.93"
"15361","12/13/10 9:52","1","418.92"
"15363","12/2/10 12:28","1","326"
"15364","9/5/11 9:46","2","913.19"
"15365","9/4/11 15:37","7","2314.32"
"15366","9/25/11 15:01","2","602.51"
"15367","4/8/11 11:50","4","1877.59"
"15368","11/18/11 14:42","1","446.94"
"15370","9/29/11 13:35","7","2386.05"
"15372","7/25/11 16:39","1","2007.4"
"15373","8/16/11 8:52","12","2415.91"
"15374","8/3/11 9:59","1","168"
"15376","8/14/11 15:39","3","1233.36"
"15379","6/6/11 15:06","7","3703.29"
"15380","9/14/11 15:41","5","1690.26"
"15381","5/10/11 11:55","2","596.85"
"15382","9/16/11 9:27","6","5955.71"
"15384","6/23/11 10:57","2","642.41"
"15385","10/30/11 15:11","1","316.88"
"15386","6/6/11 13:47","1","394.14"
"15388","3/14/11 13:53","1","140.54"
"15389","6/20/11 16:18","1","500"
"15392","9/12/11 10:01","4","1535.53"
"15393","3/3/11 16:58","2","231.86"
"15394","9/22/11 15:51","4","2183.54"
"15395","1/18/11 12:40","1","107.45"
"15396","8/19/11 10:56","1","288.18"
"15397","2/23/11 9:25","1","94"
"15398","9/22/11 14:56","2","1345.53"
"15399","9/21/11 15:57","3","815.77"
"15400","9/8/11 13:57","5","716.2"
"15402","7/14/11 12:17","2","626.77"
"15405","6/3/11 14:44","1","349.1"
"15406","2/11/11 16:20","2","510.71"
"15407","6/9/11 11:32","4","1056.44"
"15408","3/20/11 15:02","1","267.18"
"15410","9/16/11 14:47","8","3450.84"
"15411","9/30/11 14:07","4","1358.88"
"15412","6/21/11 15:24","1","190.53"
"15414","4/11/11 13:45","3","774.9"
"15415","1/30/11 14:13","1","572.81"
"15416","7/7/11 18:29","4","3984.32"
"15417","9/15/11 15:26","1","508.8"
"15419","11/15/11 9:23","1","135.86"
"15421","5/8/11 14:02","4","950.36"
"15422","1/20/11 16:17","2","97.7"
"15423","11/1/11 14:01","1","43.5"
"15424","3/30/11 13:02","2","383.34"
"15426","3/27/11 16:05","5","1447.39"
"15427","11/6/11 14:29","3","1483.14"
"15428","11/24/11 16:54","1","93.78"
"15429","9/25/11 13:42","2","397.35"
"15432","11/16/11 16:30","1","171.19"
"15433","5/10/11 10:45","2","533.3"
"15434","8/24/11 16:24","5","1041.48"
"15435","11/17/11 16:39","1","149.29"
"15436","4/19/11 16:52","3","1122.53"
"15437","3/22/11 13:11","1","200.16"
"15438","7/31/11 14:19","1","156.58"
"15440","7/26/11 14:27","3","383.68"
"15442","4/5/11 12:24","1","594"
"15443","9/27/11 11:58","7","3236.91"
"15444","11/30/11 17:37","2","1418.26"
"15445","3/20/11 15:06","1","113.5"
"15447","1/13/11 11:26","1","155.17"
"15448","1/31/11 10:42","1","494.64"
"15449","6/7/11 16:42","3","974.52"
"15450","11/9/11 17:11","1","429.84"
"15452","9/29/11 14:08","3","538.73"
"15453","9/8/11 15:05","7","1388.37"
"15454","12/12/10 14:21","1","179.1"
"15456","3/1/11 13:51","3","447.22"
"15457","3/22/11 15:31","1","237.07"
"15458","11/14/11 13:08","1","161.64"
"15460","12/20/10 16:08","1","216.76"
"15462","9/6/11 13:11","3","234.6"
"15463","11/10/11 12:57","1","126.14"
"15464","1/5/11 15:56","1","1048.85"
"15465","9/18/11 10:19","18","7354.62"
"15466","9/15/11 14:08","1","334.53"
"15467","7/17/11 15:24","3","524.88"
"15468","10/19/11 13:49","2","467.51"
"15469","8/11/11 16:54","2","538.55"
"15471","12/7/11 14:12","1","469.48"
"15472","8/18/11 15:17","1","371.56"
"15473","11/25/11 15:15","7","1771.2"
"15475","9/23/11 15:20","1","454.11"
"15478","10/30/11 14:19","2","1441.42"
"15480","8/15/11 14:32","1","905.5"
"15482","6/27/11 10:29","12","11054.96"
"15483","7/1/11 13:07","4","233.81"
"15484","9/22/11 13:31","4","3594.31"
"15485","12/1/10 13:23","3","2575"
"15488","9/8/11 10:11","1","91.32"
"15489","5/12/11 12:54","3","1134.28"
"15491","9/5/11 15:56","6","3100.09"
"15492","9/26/11 14:02","2","659.46"
"15493","7/13/11 11:19","5","2001.8"
"15494","8/10/11 15:29","2","1299.23"
"15497","11/22/11 11:51","2","1262.2"
"15498","9/16/11 9:56","27","13316.4"
"15500","9/19/11 13:47","4","1131.56"
"15502","9/11/11 11:58","12","10384.93"
"15503","12/12/10 10:57","1","147.09"
"15504","9/19/11 13:45","1","52.83"
"15505","9/16/11 12:27","5","3610.96"
"15506","7/24/11 11:45","3","979.26"
"15507","6/21/11 11:19","1","492.36"
"15508","6/3/11 15:43","6","1000.27"
"15510","1/13/11 12:10","1","250"
"15511","9/15/11 15:05","5","909.23"
"15512","7/7/11 10:20","2","121"
"15513","9/6/11 9:53","19","14758.22"
"15514","4/28/11 12:06","11","4139.46"
"15516","10/26/11 10:51","3","62.43"
"15517","4/20/11 14:02","1","267.03"
"15518","8/7/11 13:08","8","1942.45"
"15520","12/8/11 10:58","1","343.5"
"15521","9/6/11 10:04","8","3000.2"
"15522","9/13/11 12:26","2","398.84"
"15523","9/16/11 16:29","1","412.01"
"15524","11/15/11 12:09","1","440"
"15525","12/7/11 14:43","3","825.92"
"15526","11/6/11 15:04","2","148.44"
"15527","9/11/11 12:56","8","2429.78"
"15528","3/30/11 16:14","1","229.33"
"15529","9/13/11 11:14","11","3995.23"
"15530","7/13/11 12:15","4","1502.35"
"15531","12/1/11 18:43","2","2007.44"
"15532","7/31/11 13:13","4","1580.93"
"15533","9/18/11 13:40","3","807.57"
"15535","6/19/11 16:02","4","536.4"
"15537","6/29/11 13:10","1","110.92"
"15539","12/2/11 13:36","1","538.46"
"15540","11/28/11 13:51","1","213.3"
"15541","8/17/11 14:58","1","85.13"
"15543","2/24/11 15:26","1","127.86"
"15544","8/12/11 9:10","9","3546.71"
"15545","12/3/10 17:28","2","292.72"
"15547","9/18/11 14:27","14","4954.84"
"15549","9/23/11 16:22","3","1693.26"
"15550","8/25/11 15:18","4","575.63"
"15551","11/3/11 12:37","1","436.06"
"15552","5/6/11 14:47","1","90.12"
"15553","10/10/11 14:02","1","437.23"
"15554","3/7/11 9:00","1","217.2"
"15555","9/22/11 17:07","16","4805.17"
"15556","11/15/11 16:08","1","279.77"
"15557","11/11/11 12:46","1","473.65"
"15561","7/13/11 11:20","4","800.59"
"15562","12/23/10 9:55","1","134.55"
"15563","5/23/11 11:44","4","1400.44"
"15565","9/30/11 10:44","2","173.16"
"15567","11/21/11 10:48","1","186.01"
"15568","9/27/11 14:37","3","758.29"
"15569","8/28/11 10:15","5","1375.71"
"15570","7/21/11 12:29","12","4165.52"
"15571","9/22/11 13:15","4","650.43"
"15572","8/22/11 10:44","7","2552.86"
"15573","9/15/11 12:16","2","607.45"
"15574","6/15/11 12:01","4","702.25"
"15576","11/2/11 12:03","1","940.67"
"15577","7/11/11 17:03","3","258.88"
"15578","6/30/11 13:03","1","127.1"
"15579","10/2/11 12:45","2","348.6"
"15581","8/9/11 13:44","13","3679.97"
"15582","8/31/11 14:52","3","682.91"
"15584","9/28/11 10:09","4","725.11"
"15585","6/16/11 8:38","1","455.3"
"15587","9/11/11 12:10","4","913.68"
"15589","3/29/11 9:54","3","478.53"
"15592","10/24/11 8:59","1","388.58"
"15593","9/30/11 11:46","1","199.8"
"15594","9/7/11 10:51","5","1771.78"
"15596","8/31/11 10:55","5","1406.59"
"15597","11/4/11 13:26","1","324.57"
"15598","10/17/11 16:04","1","240.68"
"15599","5/19/11 13:05","2","761.74"
"15601","9/11/11 15:20","14","6776.56"
"15602","9/30/11 9:38","9","1297.87"
"15603","9/22/11 10:04","1","48.48"
"15604","10/18/11 14:47","1","216.39"
"15605","9/11/11 10:39","5","1198.23"
"15606","8/12/11 15:00","9","2920.16"
"15607","1/7/11 12:44","1","104.76"
"15608","8/11/11 9:56","4","1093.68"
"15609","6/8/11 13:00","1","298.48"
"15610","10/19/11 10:36","1","112.46"
"15611","9/30/11 13:21","13","1591.45"
"15612","11/3/11 14:52","2","195.15"
"15615","8/26/11 12:41","23","10399.74"
"15618","9/8/11 12:57","4","776.85"
"15619","11/29/11 8:14","1","336.4"
"15620","5/3/11 11:22","3","1553.18"
"15621","12/5/11 14:01","4","1293.03"
"15622","9/14/11 10:35","9","3709.56"
"15623","7/21/11 17:26","1","301.03"
"15624","8/15/11 11:38","4","588.13"
"15625","8/28/11 10:21","4","1534.26"
"15626","9/26/11 10:03","2","675.8"
"15628","9/2/11 12:52","9","2870.24"
"15630","5/19/11 10:16","2","1186.35"
"15632","8/10/11 10:57","8","3285.31"
"15634","11/22/11 16:28","1","243.55"
"15636","9/11/11 11:17","2","724.76"
"15637","10/18/11 8:28","1","223.36"
"15639","7/28/11 14:30","1","425.32"
"15640","9/22/11 14:59","15","12515.66"
"15641","8/26/11 14:04","4","1887.2"
"15643","6/1/11 7:38","3","664"
"15644","6/26/11 14:54","4","813"
"15645","11/21/11 11:55","1","612.01"
"15646","7/5/11 9:53","3","447.64"
"15648","5/19/11 15:53","2","657.35"
"15649","12/7/10 10:06","2","816"
"15651","3/24/11 8:56","3","646.3"
"15652","9/9/11 14:22","1","337.74"
"15653","9/8/11 10:49","2","877.44"
"15654","11/30/11 13:08","2","922.53"
"15655","4/10/11 15:25","1","560.67"
"15656","6/14/11 13:48","4","748.5"
"15657","11/17/11 12:19","1","30"
"15658","6/2/11 15:22","5","1024.1"
"15659","10/27/11 9:23","1","306.45"
"15660","9/15/11 13:57","9","1600.86"
"15661","1/5/11 12:32","2","309.8"
"15663","8/25/11 15:50","1","138.14"
"15664","10/20/11 10:57","1","386.43"
"15665","6/24/11 14:57","2","2242.01"
"15667","10/31/11 10:56","1","301.32"
"15668","5/6/11 10:39","1","76.32"
"15669","8/28/11 11:19","4","684.34"
"15670","2/16/11 10:50","1","173.05"
"15671","9/6/11 10:53","7","2657.13"
"15673","9/12/11 16:12","4","2881.02"
"15674","9/27/11 15:17","5","2446.6"
"15675","9/19/11 13:48","3","323.69"
"15676","3/1/11 10:19","3","3435.76"
"15677","10/21/11 15:36","1","657.23"
"15678","10/18/11 9:25","1","352.7"
"15679","7/8/11 13:31","4","781.28"
"15680","12/8/10 14:43","3","1333.68"
"15681","6/9/11 16:34","5","1426.16"
"15683","8/14/11 12:56","1","193.75"
"15687","6/6/11 9:13","9","2993.1"
"15689","8/12/11 9:37","2","254.1"
"15690","8/31/11 11:40","2","239.76"
"15691","4/1/11 15:13","1","136.8"
"15692","11/11/11 14:12","1","191.04"
"15694","6/5/11 11:44","14","6479.4"
"15695","3/18/11 8:32","2","409.98"
"15696","9/21/11 8:55","8","2736.46"
"15699","11/22/11 8:26","1","309.65"
"15700","6/20/11 16:53","2","696.68"
"15701","9/27/11 10:41","4","1542.14"
"15703","3/20/11 10:51","1","211.5"
"15704","7/22/11 13:35","4","2293.62"
"15705","5/22/11 15:37","1","143.1"
"15706","9/25/11 12:45","4","1060.56"
"15707","9/14/11 14:19","4","945.58"
"15708","7/24/11 12:20","7","3364.24"
"15709","3/1/11 10:38","1","133.25"
"15712","9/29/11 13:03","5","1072.36"
"15713","7/19/11 13:34","2","356.7"
"15714","9/23/11 11:25","2","330.88"
"15716","7/17/11 11:59","4","1118.81"
"15717","4/19/11 13:21","1","150.3"
"15719","9/1/11 12:41","13","5045.61"
"15720","11/15/11 14:48","1","598.73"
"15721","11/28/11 12:14","1","507.08"
"15722","8/23/11 11:30","5","2222.56"
"15723","12/10/10 11:12","1","203.1"
"15724","5/22/11 14:40","2","218.25"
"15725","11/24/11 14:51","1","415.25"
"15727","8/24/11 14:54","7","5178.96"
"15729","5/11/11 12:36","1","85"
"15730","9/8/11 14:28","3","1120.88"
"15732","5/11/11 14:24","2","294.12"
"15733","3/2/11 9:05","1","162.3"
"15734","8/17/11 10:50","2","1339.45"
"15737","9/21/11 13:24","8","1205.12"
"15738","9/4/11 12:04","16","4812.42"
"15739","10/4/11 13:42","1","449.12"
"15740","10/21/11 14:29","1","154.88"
"15743","8/18/11 12:43","4","784.46"
"15744","9/23/11 9:52","1","34.8"
"15745","9/27/11 10:24","4","1094.59"
"15746","7/28/11 15:21","1","196.88"
"15747","8/11/11 14:04","3","974.04"
"15748","10/30/11 12:51","1","149.31"
"15749","4/18/11 13:20","3","44534.3"
"15750","9/28/11 13:00","8","2465.48"
"15752","9/7/11 15:52","7","2637.38"
"15753","2/8/11 12:41","1","79.2"
"15754","9/27/11 10:12","3","458.57"
"15755","9/26/11 15:51","6","2364.25"
"15756","7/10/11 11:19","4","532.96"
"15757","5/6/11 11:40","2","714.42"
"15758","11/15/11 10:48","1","205.25"
"15759","5/5/11 15:13","3","253.04"
"15762","9/23/11 15:17","2","583.75"
"15763","9/23/11 12:10","2","1086.92"
"15764","9/12/11 17:58","6","3279.97"
"15766","10/6/11 17:03","1","315.06"
"15768","8/16/11 10:48","3","621.83"
"15769","9/13/11 9:33","26","56252.72"
"15773","12/4/11 12:48","1","635.68"
"15774","10/2/11 12:04","1","270.8"
"15775","4/8/11 12:56","1","104.9"
"15776","7/29/11 13:46","1","241.62"
"15777","4/12/11 16:43","4","1047.11"
"15780","6/9/11 12:01","3","475.28"
"15781","7/25/11 12:25","3","345.46"
"15782","9/11/11 14:29","3","2614.74"
"15783","11/29/11 9:50","1","246.3"
"15785","7/5/11 10:08","5","2328.97"
"15786","8/17/11 13:33","3","4932.2"
"15787","11/13/11 14:55","3","948.05"
"15789","12/16/10 14:35","1","351.3"
"15790","11/29/11 14:53","1","220.85"
"15791","5/19/11 15:15","2","1612.69"
"15793","3/16/11 10:45","3","965.61"
"15795","7/13/11 10:43","1","610.01"
"15796","9/28/11 16:38","8","2711.56"
"15797","8/18/11 17:04","4","2207.4"
"15799","9/25/11 12:46","3","884.14"
"15800","8/24/11 14:23","2","699.08"
"15801","8/22/11 9:53","3","1063.95"
"15802","7/20/11 11:38","1","451.42"
"15803","10/19/11 14:56","1","415.82"
"15804","9/6/11 15:14","13","4206.39"
"15805","8/25/11 14:50","17","5528.48"
"15806","7/5/11 12:15","3","784.58"
"15807","9/23/11 14:43","3","903.9"
"15808","2/6/11 14:33","4","3734.97"
"15809","6/8/11 15:31","5","515.77"
"15810","9/22/11 9:38","4","1391.98"
"15811","8/26/11 9:37","6","2218.62"
"15812","8/24/11 14:19","5","1801.14"
"15813","5/16/11 8:13","2","1303.91"
"15814","11/3/11 14:42","4","1945.33"
"15815","7/22/11 12:20","5","2100.6"
"15819","7/31/11 15:22","4","1905.45"
"15820","1/24/11 12:00","1","206.98"
"15821","10/9/11 13:28","2","570.96"
"15822","12/6/11 14:50","2","885.47"
"15823","12/2/10 15:08","1","15"
"15825","6/20/11 13:27","1","532.94"
"15826","5/13/11 10:44","3","1654.31"
"15827","9/27/11 15:35","14","1836.09"
"15829","9/1/11 16:45","2","636.14"
"15830","11/2/11 10:40","1","576"
"15831","8/7/11 13:54","3","801.76"
"15832","3/30/11 15:29","1","836.79"
"15834","9/30/11 14:41","4","2233.75"
"15835","7/25/11 12:50","4","954.09"
"15836","10/20/11 17:13","1","137.37"
"15837","10/6/11 9:01","1","391.98"
"15838","9/23/11 9:19","19","33643.08"
"15839","9/20/11 12:12","3","1048.49"
"15840","6/20/11 11:42","2","355.56"
"15841","9/28/11 12:15","4","1224.06"
"15843","2/9/11 10:19","1","118.95"
"15844","10/24/11 15:19","1","130.74"
"15845","9/14/11 9:22","8","3711.77"
"15847","2/24/11 16:46","2","389.27"
"15850","6/24/11 14:16","2","238.85"
"15852","6/6/11 11:22","2","160.71"
"15853","10/19/11 10:38","1","110.8"
"15854","9/14/11 12:25","12","2974.65"
"15855","7/26/11 10:20","5","712.24"
"15856","9/5/11 17:44","27","16387.57"
"15857","11/21/11 12:18","1","297"
"15858","9/23/11 9:39","5","1438.85"
"15860","9/25/11 12:31","8","977.21"
"15861","7/28/11 11:29","8","3165.36"
"15862","8/19/11 16:34","4","832.88"
"15863","5/31/11 11:36","2","68.84"
"15864","9/2/11 10:31","6","1936.32"
"15865","9/12/11 9:38","3","895.13"
"15866","8/30/11 14:09","1","230.53"
"15867","9/30/11 15:04","15","3812.64"
"15869","3/7/11 17:23","2","149.64"
"15870","11/7/11 10:58","1","354.09"
"15872","11/25/11 11:55","2","360.93"
"15874","6/15/11 11:01","7","4405.88"
"15877","12/8/11 11:53","2","493.28"
"15880","12/5/10 13:00","1","343.28"
"15881","12/13/10 10:36","5","501.39"
"15882","5/25/11 11:35","4","516.36"
"15883","12/7/11 17:05","2","396.48"
"15885","9/8/11 10:43","3","379.35"
"15886","10/10/11 14:25","1","181.09"
"15888","9/20/11 12:30","1","168.31"
"15889","7/6/11 11:10","2","446.87"
"15891","4/27/11 12:35","1","524.52"
"15894","3/31/11 13:50","2","263.55"
"15895","7/13/11 10:27","1","179.17"
"15897","5/29/11 13:50","2","222.05"
"15898","4/27/11 10:03","5","1388.88"
"15899","12/6/10 10:36","1","56.25"
"15900","11/16/11 12:19","1","351.11"
"15901","9/23/11 12:38","3","363.88"
"15903","9/30/11 13:31","7","5126.76"
"15904","12/1/11 14:50","1","164.68"
"15906","7/18/11 11:37","7","1567.69"
"15907","6/16/11 12:45","3","967.45"
"15909","6/19/11 10:38","1","191.94"
"15910","9/1/11 16:59","8","1232.18"
"15912","6/14/11 14:29","2","264.62"
"15916","9/23/11 15:18","8","1528.09"
"15917","4/6/11 10:40","1","123.1"
"15918","6/2/11 11:42","2","334.23"
"15919","12/6/10 11:26","2","639.89"
"15920","7/8/11 15:31","4","167.5"
"15921","6/20/11 11:03","1","336.03"
"15922","12/1/10 13:51","1","369.5"
"15923","12/2/10 12:16","1","127.08"
"15925","5/29/11 15:35","1","207.15"
"15930","10/3/11 14:52","1","426.63"
"15932","9/12/11 14:24","8","2495.87"
"15933","9/29/11 16:42","3","1107.46"
"15935","4/14/11 13:27","2","416.86"
"15937","10/6/11 15:48","1","145.35"
"15938","8/19/11 12:56","5","404.58"
"15939","9/11/11 11:30","15","6115.01"
"15940","2/1/11 16:18","1","35.8"
"15942","7/29/11 9:01","1","337.44"
"15944","3/8/11 10:33","1","325.1"
"15945","12/9/10 13:14","1","181"
"15947","9/18/11 10:46","1","1708.24"
"15948","12/1/11 15:32","2","955.24"
"15949","9/29/11 17:34","2","364.72"
"15950","9/22/11 11:17","4","1765.51"
"15951","2/27/11 11:57","2","708.22"
"15952","7/3/11 13:33","4","806.57"
"15953","5/12/11 11:44","8","1659.38"
"15955","9/29/11 14:12","14","4416.26"
"15957","11/8/11 12:14","1","428.89"
"15958","9/26/11 13:41","1","104.35"
"15963","11/20/11 11:33","2","470.76"
"15965","12/7/10 13:18","4","845.64"
"15967","11/16/11 15:41","2","418.83"
"15969","6/7/11 12:19","3","666.1"
"15970","2/9/11 12:08","1","314.1"
"15971","9/12/11 10:47","12","4199.85"
"15973","12/8/10 11:42","1","307.82"
"15974","9/5/11 15:40","7","3442.15"
"15975","9/16/11 13:33","1","371.01"
"15976","6/27/11 13:00","2","430.94"
"15977","11/22/11 13:29","2","1054.73"
"15978","9/23/11 15:21","1","1098.78"
"15980","9/12/11 9:41","3","2398.86"
"15981","9/23/11 13:24","8","3408.48"
"15983","12/9/10 10:45","4","1475.02"
"15984","9/29/11 19:30","10","2837.67"
"15985","8/8/11 16:31","2","1142.42"
"15986","11/9/11 15:17","1","168.12"
"15987","8/11/11 9:45","7","1451.28"
"15988","11/20/11 13:23","1","158.03"
"15990","2/25/11 15:35","2","792.11"
"15992","12/6/11 11:00","1","41.99"
"15993","12/1/11 10:45","7","2797.57"
"15994","10/16/11 12:28","1","427.07"
"15996","9/12/11 15:14","6","1060.68"
"15998","9/13/11 15:37","5","3089.97"
"16000","12/7/11 12:17","3","12393.7"
"16003","7/28/11 11:20","5","2735.37"
"16005","6/10/11 12:01","4","615.39"
"16006","5/12/11 13:12","1","101.4"
"16007","6/12/11 12:01","4","1701.94"
"16008","9/25/11 14:38","3","478.78"
"16009","7/3/11 11:26","4","992.71"
"16010","4/8/11 10:14","3","407.5"
"16011","9/8/11 15:41","16","3362.71"
"16012","8/3/11 11:44","3","1415.29"
"16013","9/30/11 12:40","47","37130.6"
"16014","7/10/11 16:29","3","662.38"
"16015","12/6/11 10:58","3","705.39"
"16016","9/21/11 12:46","8","1508.76"
"16017","10/23/11 12:56","1","211.88"
"16018","6/12/11 13:52","2","408.9"
"16019","7/26/11 14:03","9","3786.24"
"16020","11/23/11 11:18","3","851.01"
"16022","3/24/11 13:16","1","628.28"
"16023","5/31/11 14:19","3","719.81"
"16024","11/27/11 13:26","1","251.24"
"16025","11/10/11 11:45","1","439.66"
"16026","10/27/11 13:53","1","236.09"
"16027","9/9/11 10:47","6","934.62"
"16029","9/7/11 9:45","63","81024.84"
"16030","2/3/11 11:28","1","331.24"
"16031","9/8/11 13:07","2","548.94"
"16033","9/18/11 15:41","20","8816.4"
"16034","5/27/11 16:17","3","437.7"
"16036","9/13/11 14:53","2","758.92"
"16037","3/15/11 9:13","3","855.02"
"16038","6/15/11 13:50","3","471.78"
"16040","7/14/11 16:12","3","1313.55"
"16041","7/21/11 16:28","3","3166.4"
"16042","8/24/11 12:04","5","1197.27"
"16043","5/12/11 13:43","4","773.99"
"16045","8/12/11 12:41","4","1340.7"
"16048","12/1/10 15:28","2","256.44"
"16049","9/25/11 14:33","3","1111.79"
"16050","6/19/11 11:44","1","137.9"
"16052","10/16/11 15:13","1","362.06"
"16053","8/9/11 14:57","2","1511.95"
"16054","7/17/11 13:08","1","783.9"
"16055","5/3/11 9:26","1","134.8"
"16056","10/25/11 15:19","1","664.85"
"16057","9/4/11 15:21","7","2263.12"
"16059","9/29/11 11:35","6","1459.86"
"16062","7/29/11 12:50","4","1153.62"
"16063","3/24/11 14:56","1","335.32"
"16065","12/9/10 13:03","1","372.09"
"16066","8/7/11 14:33","5","1521.87"
"16070","11/7/11 16:36","2","852.15"
"16071","10/26/11 11:14","1","326.24"
"16072","2/24/11 14:32","1","584.32"
"16073","2/15/11 15:41","1","122.4"
"16076","9/8/11 12:04","10","2234.73"
"16078","3/1/11 9:47","1","79.2"
"16079","11/23/11 12:48","3","1352"
"16080","9/19/11 10:42","2","217.16"
"16081","9/13/11 13:47","5","2806.9"
"16083","8/31/11 10:47","2","1317.62"
"16084","2/13/11 16:05","1","436.18"
"16085","9/21/11 15:39","5","981.51"
"16086","9/2/11 13:22","5","1121.39"
"16091","7/8/11 8:45","2","315.06"
"16092","8/17/11 10:46","3","817.86"
"16093","8/25/11 11:09","1","17"
"16094","5/4/11 13:57","4","1078.23"
"16096","3/20/11 13:38","1","320.62"
"16097","4/13/11 13:47","1","185.05"
"16098","9/13/11 9:59","7","2005.63"
"16099","7/25/11 10:28","3","731.9"
"16101","9/30/11 10:18","1","1290.7"
"16102","9/2/11 11:54","3","1842.14"
"16103","9/21/11 11:55","6","1429.64"
"16104","10/9/11 10:23","1","302.36"
"16105","4/5/11 10:13","1","336.96"
"16106","10/5/11 10:37","1","108.38"
"16107","9/11/11 12:03","7","3204.16"
"16108","9/16/11 11:48","1","842.5"
"16109","5/5/11 9:17","2","611.88"
"16110","3/22/11 13:54","3","1337.48"
"16112","7/7/11 15:47","4","195.74"
"16113","6/9/11 16:16","1","161.38"
"16114","6/22/11 10:13","1","135.75"
"16115","9/28/11 14:26","8","1667.97"
"16116","5/12/11 12:01","1","612.78"
"16117","6/3/11 11:42","1","232.21"
"16119","9/28/11 10:15","2","423.36"
"16120","10/11/11 14:22","4","1309.14"
"16121","5/8/11 11:52","2","867.11"
"16122","9/27/11 15:34","4","684.42"
"16123","10/19/11 9:18","1","307.78"
"16124","1/26/11 14:45","1","249"
"16125","12/7/10 15:48","1","289.35"
"16126","8/30/11 10:07","4","6287.77"
"16127","10/31/11 13:58","1","656.25"
"16128","9/23/11 14:17","5","1880.22"
"16131","8/16/11 12:32","6","3506.54"
"16133","9/30/11 12:30","33","14589.04"
"16134","12/15/10 14:00","2","618.09"
"16135","3/22/11 12:30","1","517.55"
"16136","9/23/11 9:00","3","709.38"
"16139","8/19/11 14:49","3","635.41"
"16140","12/3/10 14:40","2","725.18"
"16141","9/12/11 13:11","1","620.4"
"16142","4/4/11 10:16","1","535.34"
"16143","8/23/11 16:01","6","2424.94"
"16144","4/7/11 10:09","1","175.2"
"16145","9/27/11 10:26","11","3799.49"
"16146","7/5/11 14:20","3","734.13"
"16147","7/29/11 9:57","1","375"
"16148","2/16/11 14:01","1","76.32"
"16149","7/20/11 14:54","2","280.52"
"16150","9/12/11 9:43","5","2053.02"
"16152","3/16/11 9:47","1","1829.04"
"16153","8/16/11 9:34","5","1824.23"
"16156","9/15/11 14:58","9","3122.04"
"16157","9/28/11 11:48","3","656.69"
"16159","3/3/11 12:27","1","348.2"
"16160","9/15/11 10:53","2","1025.44"
"16161","9/22/11 14:53","19","5575.56"
"16162","4/1/11 15:03","1","37.4"
"16163","4/21/11 15:15","2","856.6"
"16164","11/22/11 15:04","3","822.48"
"16168","9/6/11 11:53","27","3787.6"
"16169","9/25/11 11:33","4","1822.97"
"16170","8/19/11 10:06","6","1885.05"
"16171","10/11/11 14:51","1","73.2"
"16172","9/5/11 13:22","5","1140.21"
"16173","9/9/11 9:03","6","1418.32"
"16174","8/5/11 13:26","3","1009.55"
"16175","9/6/11 14:32","4","1037.59"
"16177","10/20/11 12:57","1","331.95"
"16178","7/24/11 16:05","1","197.9"
"16179","10/10/11 9:41","1","215.83"
"16180","8/4/11 13:15","8","10254.18"
"16181","9/27/11 13:38","1","305.54"
"16182","9/28/11 13:23","4","6617.65"
"16183","10/3/11 14:59","1","338.71"
"16184","8/26/11 9:55","6","1158.79"
"16185","4/21/11 11:59","2","529.41"
"16186","8/28/11 12:57","12","4006.94"
"16187","9/25/11 13:16","15","6911.44"
"16188","7/21/11 16:20","4","981.86"
"16189","9/15/11 15:21","2","215.48"
"16190","10/30/11 15:59","1","215.08"
"16191","3/22/11 8:54","13","5180.52"
"16193","4/17/11 11:45","1","314.45"
"16198","9/25/11 14:58","1","400.68"
"16200","6/28/11 15:47","2","1080.62"
"16201","8/22/11 10:47","4","1863.47"
"16202","12/14/10 10:43","1","365.27"
"16203","7/15/11 12:45","4","592.9"
"16204","11/16/11 13:40","1","405.71"
"16205","6/13/11 11:33","4","761.38"
"16206","8/7/11 10:45","4","537.06"
"16207","11/14/11 13:51","1","394.38"
"16208","2/23/11 13:37","2","664.26"
"16209","9/12/11 11:58","5","2262.62"
"16210","9/2/11 12:33","18","21086.3"
"16211","9/12/11 12:11","1","547.02"
"16212","3/1/11 12:51","2","690.34"
"16213","9/22/11 10:03","1","159"
"16214","6/22/11 11:30","3","1062.75"
"16215","9/20/11 10:18","1","242.35"
"16216","3/17/11 15:34","1","914.93"
"16217","4/18/11 13:31","2","304.25"
"16218","8/17/11 9:16","7","3084.68"
"16221","3/9/11 10:51","3","864.86"
"16222","1/25/11 13:38","1","846.72"
"16224","7/21/11 19:17","4","1295.3"
"16225","7/13/11 12:18","5","1096.32"
"16226","5/20/11 14:41","3","255.12"
"16227","4/28/11 13:33","1","314.22"
"16229","9/13/11 17:16","2","1010.6"
"16230","6/3/11 10:06","2","542.03"
"16232","7/19/11 13:01","4","990.88"
"16233","9/29/11 17:27","3","536.68"
"16235","9/19/11 15:04","5","867.31"
"16236","9/22/11 14:10","1","432.2"
"16239","6/3/11 9:30","2","414.2"
"16240","9/23/11 13:44","2","3718.8"
"16241","9/4/11 13:38","13","2607.87"
"16242","6/27/11 14:41","7","3603.21"
"16243","11/6/11 12:32","2","409.1"
"16244","5/12/11 10:18","2","1522.75"
"16245","8/10/11 9:34","3","1413.66"
"16247","6/22/11 14:23","1","114.56"
"16248","10/9/11 11:32","1","152.94"
"16249","8/19/11 11:47","5","1800.07"
"16250","3/23/11 15:07","2","389.44"
"16253","3/29/11 13:33","2","3683.86"
"16255","9/5/11 10:15","8","2619.91"
"16256","3/18/11 12:18","1","752.43"
"16257","6/16/11 10:11","1","46.95"
"16258","8/4/11 14:33","5","5203.51"
"16260","10/20/11 9:40","1","1035.45"
"16261","9/25/11 13:23","4","746.83"
"16265","8/21/11 12:39","9","5447"
"16266","9/27/11 12:08","7","861.89"
"16268","9/29/11 18:30","2","667.65"
"16270","12/21/10 14:26","1","1141.24"
"16271","8/5/11 17:43","5","1429.24"
"16272","8/15/11 10:54","1","411.7"
"16274","12/1/10 15:35","1","357.95"
"16275","5/27/11 12:41","1","559.87"
"16276","6/16/11 9:34","1","810.6"
"16278","8/31/11 17:12","1","566.38"
"16279","9/13/11 16:26","3","1509.58"
"16281","9/28/11 14:57","1","2062.06"
"16282","1/4/11 11:42","1","168.3"
"16283","8/11/11 12:00","5","1570.81"
"16284","11/8/11 16:12","2","823.97"
"16287","6/23/11 9:08","1","142.5"
"16292","8/10/11 12:24","1","302.25"
"16293","9/9/11 10:09","10","2248.99"
"16295","11/30/11 8:17","4","1328.55"
"16297","3/16/11 8:29","1","301.9"
"16298","6/6/11 10:06","3","598.2"
"16302","8/5/11 9:44","1","233.22"
"16303","8/16/11 11:04","3","5360.63"
"16305","7/24/11 12:18","1","361.22"
"16306","5/10/11 12:12","6","632.27"
"16308","8/24/11 10:52","4","2560"
"16309","8/25/11 15:35","2","706.57"
"16311","11/22/11 8:54","2","616.26"
"16313","12/6/11 13:02","2","274.15"
"16315","1/13/11 11:57","1","226.37"
"16316","7/5/11 14:42","8","2938.91"
"16317","8/12/11 12:46","3","1341.65"
"16318","11/4/11 13:05","1","328.15"
"16319","5/6/11 11:27","1","404.4"
"16320","6/20/11 15:25","2","1038.46"
"16321","9/28/11 14:55","5","373.65"
"16322","12/8/11 15:41","2","326.75"
"16323","5/27/11 14:48","1","207.5"
"16324","8/3/11 12:58","3","428.68"
"16325","7/7/11 13:44","3","594.24"
"16326","9/4/11 12:09","14","3110.96"
"16327","9/20/11 13:20","6","3844.22"
"16330","8/19/11 17:10","3","251.91"
"16332","9/28/11 14:43","7","1593.2"
"16333","9/2/11 9:09","22","26626.8"
"16337","11/3/11 10:03","1","151.05"
"16338","7/5/11 13:56","1","214.8"
"16339","2/28/11 13:41","1","109.95"
"16340","8/24/11 14:53","1","549.07"
"16341","9/15/11 12:03","4","1971.87"
"16342","9/25/11 14:36","4","322.41"
"16343","11/23/11 17:45","2","370.48"
"16344","7/4/11 15:50","1","101.1"
"16345","10/26/11 16:03","1","575.41"
"16347","11/3/11 13:01","2","887.65"
"16348","9/22/11 14:29","7","1469.45"
"16349","2/22/11 12:40","1","53.5"
"16350","9/15/11 18:49","4","1116.47"
"16351","1/11/11 10:26","1","153.9"
"16352","11/22/11 10:32","2","494.44"
"16353","9/9/11 12:41","23","6675.71"
"16354","9/27/11 16:28","2","395.8"
"16356","5/26/11 11:51","3","211.77"
"16357","6/30/11 16:51","3","658.88"
"16358","9/21/11 13:48","4","2027.5"
"16359","9/6/11 12:11","9","1750.92"
"16360","9/20/11 13:11","6","3512.53"
"16361","9/29/11 13:13","4","896.66"
"16362","9/9/11 15:03","5","734.77"
"16363","10/17/11 14:14","1","109.36"
"16364","7/25/11 14:35","2","707.04"
"16365","8/8/11 16:15","9","1540.42"
"16366","11/21/11 8:19","1","327.3"
"16367","12/12/10 12:01","2","804.49"
"16368","12/7/11 13:12","2","497.43"
"16369","9/20/11 11:16","3","1553.66"
"16370","9/18/11 15:55","4","1320.56"
"16372","11/6/11 13:08","2","367.93"
"16374","3/22/11 13:46","2","473.03"
"16376","12/1/11 11:38","2","987.01"
"16377","3/17/11 15:41","1","676.2"
"16378","4/6/11 15:07","3","362.95"
"16379","9/22/11 9:33","4","2157.4"
"16380","10/9/11 15:40","1","1780.59"
"16383","9/26/11 12:45","2","668.36"
"16384","9/11/11 11:19","2","584.5"
"16385","7/4/11 13:53","3","555.89"
"16386","3/31/11 12:19","2","317.2"
"16387","1/21/11 11:34","1","94.36"
"16389","9/22/11 15:54","4","1382.07"
"16392","3/15/11 12:11","1","221.19"
"16393","9/6/11 12:56","13","3046.21"
"16394","9/28/11 14:21","5","1555.34"
"16395","9/22/11 11:46","5","1486.9"
"16398","7/8/11 15:16","2","1705.8"
"16399","4/18/11 13:46","2","408.57"
"16400","9/6/11 12:27","1","303.93"
"16401","9/14/11 11:50","12","4098.32"
"16402","3/20/11 12:25","2","299.6"
"16403","1/31/11 13:39","1","177.5"
"16404","9/30/11 14:55","1","443.05"
"16405","2/2/11 17:08","2","167.25"
"16406","11/21/11 11:57","1","163.07"
"16407","9/26/11 13:21","10","2126.93"
"16409","9/13/11 14:06","5","2028.88"
"16411","12/5/10 13:26","2","214.65"
"16412","10/17/11 12:35","1","151.83"
"16413","10/14/11 12:08","1","262.2"
"16414","3/4/11 13:27","2","126.25"
"16415","10/26/11 13:35","1","210.35"
"16416","11/13/11 12:50","3","1051.4"
"16418","9/8/11 10:35","3","675.27"
"16419","8/3/11 9:47","6","972.23"
"16422","9/27/11 12:26","51","34684.4"
"16423","11/15/11 9:21","1","346.12"
"16424","6/1/11 13:40","1","133.56"
"16425","2/10/11 14:30","1","302.7"
"16426","9/8/11 12:19","10","1908.25"
"16427","3/21/11 17:10","2","241.06"
"16429","8/25/11 13:54","1","284.55"
"16430","10/13/11 14:47","1","300.85"
"16431","5/10/11 14:09","3","642.81"
"16432","10/6/11 13:59","1","287.4"
"16433","11/11/11 14:09","1","184.26"
"16434","9/4/11 12:54","7","1522.25"
"16438","9/18/11 13:31","5","798.35"
"16440","5/9/11 12:25","5","3640.67"
"16441","2/21/11 17:35","2","381.2"
"16442","4/26/11 11:51","3","616.79"
"16444","9/5/11 14:27","4","654.67"
"16445","11/6/11 12:32","1","230.51"
"16446","5/18/11 9:52","2","168472.5"
"16447","7/27/11 12:45","1","259.01"
"16448","5/25/11 16:28","1","188.89"
"16449","5/26/11 10:25","2","707.69"
"16450","7/13/11 11:47","1","311.92"
"16451","9/13/11 9:17","1","266.97"
"16454","10/6/11 16:57","2","6.9"
"16455","9/6/11 10:46","7","1841.18"
"16456","9/1/11 13:50","5","2158.37"
"16457","5/5/11 13:19","1","208.36"
"16458","9/28/11 14:38","18","3482.74"
"16460","9/28/11 12:22","3","814.72"
"16461","6/15/11 12:07","1","151.42"
"16462","9/27/11 10:24","3","136"
"16463","5/19/11 14:45","4","1422.4"
"16464","9/20/11 13:42","3","1314.68"
"16466","8/28/11 13:08","7","1603.46"
"16468","9/26/11 14:13","1","74.9"
"16469","9/13/11 15:57","4","650.43"
"16470","8/16/11 11:40","4","762.39"
"16471","3/10/11 9:41","1","223.95"
"16473","6/28/11 9:10","3","316.11"
"16474","9/11/11 16:09","7","1871.5"
"16475","9/12/11 14:37","4","544.3"
"16477","7/31/11 12:47","7","2494.46"
"16478","11/14/11 15:51","3","331"
"16479","11/29/11 13:40","2","300.83"
"16480","9/25/11 11:40","1","769.29"
"16482","11/24/11 12:33","1","220.62"
"16483","5/31/11 13:08","1","139.35"
"16484","6/2/11 10:39","2","404.3"
"16485","9/23/11 15:50","1","363.65"
"16488","8/17/11 9:05","3","498.8"
"16491","10/24/11 10:18","1","731.5"
"16493","9/21/11 11:10","4","1351.63"
"16494","2/16/11 12:49","1","826.53"
"16495","3/8/11 16:39","3","684.41"
"16496","5/16/11 10:48","3","1599.52"
"16497","5/20/11 13:58","6","2965.69"
"16498","7/1/11 15:07","2","100.97"
"16499","12/14/10 13:31","2","365.45"
"16500","12/5/11 12:04","6","400.86"
"16503","8/25/11 11:46","4","1431.93"
"16504","11/14/11 15:18","1","484.38"
"16505","11/8/11 12:14","1","777.6"
"16506","11/20/11 12:17","2","90.3"
"16509","2/16/11 9:25","1","363.7"
"16510","12/2/10 13:39","1","248.1"
"16511","7/18/11 10:49","3","950.26"
"16513","12/5/11 10:18","4","874.59"
"16515","9/9/11 11:15","5","1627.13"
"16516","11/9/11 14:59","1","101.7"
"16517","3/7/11 13:50","1","162.7"
"16518","2/28/11 16:36","2","484.32"
"16519","12/9/10 14:08","2","215.08"
"16520","6/6/11 13:24","3","1046.57"
"16523","9/5/11 9:16","21","9418.47"
"16525","9/21/11 10:39","26","13027.45"
"16526","6/21/11 12:02","1","290.36"
"16527","9/19/11 16:21","1","228.06"
"16528","12/6/11 12:45","1","244.41"
"16529","6/2/11 17:23","1","455.25"
"16531","9/26/11 15:23","7","1244.59"
"16532","7/27/11 10:41","3","6748.8"
"16533","11/20/11 13:08","3","1095.56"
"16535","12/4/11 15:18","1","593.75"
"16536","8/21/11 15:54","1","548.97"
"16539","5/4/11 9:52","4","1388.81"
"16542","10/17/11 10:47","1","119.62"
"16545","6/28/11 10:37","1","339.3"
"16546","2/22/11 11:20","2","787.15"
"16549","9/11/11 13:58","10","4154.64"
"16550","8/23/11 11:12","5","2298.97"
"16551","9/5/11 9:38","3","922.12"
"16552","4/11/11 10:04","2","379.73"
"16553","6/29/11 15:42","12","5719.82"
"16554","5/1/11 14:17","3","837.1"
"16555","8/22/11 12:32","2","285.89"
"16556","8/26/11 11:58","7","3313.79"
"16557","7/25/11 13:28","2","281.85"
"16558","9/8/11 14:21","20","8338.49"
"16560","12/16/10 14:36","2","841.41"
"16561","12/4/11 11:50","2","511.12"
"16563","10/17/11 11:51","1","1077.74"
"16565","12/10/10 15:21","1","173.7"
"16566","6/22/11 14:24","5","614.66"
"16567","5/29/11 13:57","2","865.6"
"16569","12/6/11 15:32","1","124.2"
"16570","8/4/11 14:06","10","3738.4"
"16571","6/16/11 13:14","3","1421.69"
"16572","8/4/11 16:34","3","1009.6"
"16573","9/16/11 9:13","2","663.61"
"16574","9/29/11 13:39","1","451.44"
"16581","6/10/11 10:05","1","105.84"
"16582","8/18/11 17:02","1","313.62"
"16583","12/1/10 12:03","1","233.45"
"16584","9/20/11 13:45","2","936.08"
"16586","4/5/11 9:32","1","463.95"
"16587","4/21/11 15:51","1","225.15"
"16589","9/29/11 14:50","3","459.24"
"16591","10/2/11 10:43","1","213.5"
"16592","7/26/11 11:39","16","4113.68"
"16593","6/3/11 12:17","3","330.03"
"16594","9/25/11 14:08","1","181.09"
"16595","10/9/11 13:15","1","360.16"
"16596","12/8/10 16:18","2","250.15"
"16597","12/5/11 15:44","1","90.04"
"16598","2/27/11 11:42","1","145.05"
"16600","9/26/11 14:25","6","813.52"
"16601","10/30/11 11:09","1","244.8"
"16602","11/3/11 15:54","1","528.08"
"16603","9/9/11 13:02","2","482.47"
"16607","9/27/11 12:57","14","3347.71"
"16609","9/13/11 9:43","7","5493.46"
"16610","5/4/11 13:13","1","75.66"
"16611","6/6/11 15:46","1","129.49"
"16612","8/12/11 14:32","4","1187.66"
"16613","9/30/11 15:52","1","618.59"
"16614","6/10/11 11:36","1","506.19"
"16616","7/5/11 13:38","2","500.42"
"16617","4/18/11 10:35","1","151.85"
"16618","5/13/11 10:37","5","2647.59"
"16619","3/21/11 8:18","1","226.21"
"16620","3/24/11 10:37","2","178.96"
"16621","7/15/11 11:45","4","813.48"
"16623","4/8/11 10:09","1","129.45"
"16624","9/20/11 12:39","2","810.57"
"16625","3/10/11 12:50","1","333.08"
"16626","9/27/11 9:05","17","4413.1"
"16627","9/21/11 14:38","1","322.8"
"16628","8/25/11 12:11","5","2188.05"
"16629","9/4/11 16:12","2","417.73"
"16633","9/22/11 15:39","6","2883.1"
"16634","5/1/11 12:09","2","217.9"
"16637","8/8/11 12:00","4","1154.47"
"16638","9/1/11 17:14","10","1680.72"
"16639","5/17/11 10:10","3","1257.51"
"16641","8/26/11 12:49","1","231.1"
"16642","5/16/11 12:35","2","688.33"
"16643","4/8/11 8:24","1","487.51"
"16644","6/15/11 12:39","2","833.78"
"16647","6/23/11 11:47","2","214.06"
"16648","10/28/11 8:58","1","290.66"
"16650","9/29/11 9:51","1","518.42"
"16652","8/22/11 11:00","7","6773.97"
"16653","9/29/11 13:38","2","1212.66"
"16654","7/21/11 15:23","4","601.27"
"16655","9/25/11 14:37","6","3794.52"
"16656","9/5/11 9:20","15","8625.8"
"16657","7/14/11 11:45","4","933.62"
"16658","12/6/10 13:47","1","123.24"
"16659","6/3/11 15:03","1","39.12"
"16660","5/13/11 10:44","4","1267.65"
"16665","12/12/10 14:03","1","135.4"
"16666","11/20/11 14:01","1","118.98"
"16667","2/28/11 12:57","2","570.13"
"16668","8/15/11 12:22","6","306.72"
"16669","9/22/11 14:18","3","1374.87"
"16670","8/25/11 17:22","11","4095.9"
"16671","6/28/11 11:20","3","1692.27"
"16672","9/28/11 11:49","20","8134.94"
"16674","9/2/11 13:59","2","319.61"
"16676","5/10/11 15:10","4","1592.12"
"16678","9/2/11 10:24","12","3109.99"
"16679","12/8/10 13:51","1","129.75"
"16680","10/27/11 17:35","1","183.7"
"16681","9/28/11 11:11","6","1770.34"
"16682","9/8/11 15:16","5","1028"
"16684","7/29/11 15:12","28","66653.56"
"16685","10/9/11 13:58","2","324.24"
"16686","9/2/11 17:38","7","3062.83"
"16688","12/8/11 15:24","4","1260.86"
"16689","9/25/11 11:39","2","422.6"
"16690","9/28/11 15:02","2","225.58"
"16692","3/28/11 14:46","2","1276"
"16693","3/13/11 11:06","2","482.01"
"16696","7/27/11 14:23","4","657.9"
"16697","4/12/11 17:12","1","112.75"
"16698","4/27/11 10:52","2","1998"
"16700","9/20/11 9:31","13","5076.55"
"16701","8/2/11 12:11","13","5398.3"
"16705","9/26/11 13:17","20","14034.99"
"16706","9/2/11 13:41","3","531.35"
"16708","10/25/11 12:20","1","656.63"
"16709","9/16/11 10:56","5","3029.87"
"16710","9/26/11 16:15","10","2483.04"
"16711","7/22/11 14:23","5","1651.03"
"16712","9/5/11 16:27","11","3645.43"
"16713","9/27/11 13:49","15","6923.13"
"16714","5/5/11 11:09","3","1161.53"
"16715","9/22/11 18:15","1","301.72"
"16716","3/18/11 10:03","2","901.2"
"16717","9/5/11 10:27","6","3858.38"
"16718","12/5/10 13:03","1","623.75"
"16719","9/26/11 10:39","7","1790.42"
"16720","11/13/11 16:22","1","155.24"
"16721","3/22/11 16:08","1","292.47"
"16722","9/1/11 11:38","13","4730.81"
"16723","9/9/11 13:01","2","589.15"
"16725","2/4/11 14:08","7","781.02"
"16726","5/27/11 13:00","5","1382.02"
"16727","12/10/10 13:48","1","272.82"
"16728","6/26/11 11:59","4","1054.67"
"16729","9/30/11 12:35","21","7239.92"
"16730","4/19/11 12:41","3","743.11"
"16732","11/8/11 9:54","1","603.75"
"16734","8/17/11 15:02","3","650.51"
"16735","9/22/11 11:49","5","2300.56"
"16737","10/17/11 13:03","1","417.6"
"16738","2/15/11 9:46","1","3.75"
"16739","6/16/11 9:17","1","323"
"16742","10/24/11 12:02","1","464.9"
"16743","8/18/11 18:15","7","2238.09"
"16744","9/4/11 12:10","7","1304.76"
"16745","9/2/11 13:10","17","7194.3"
"16746","9/25/11 14:52","18","6697.66"
"16747","11/2/11 11:37","2","836.06"
"16748","5/6/11 11:26","5","1515.9"
"16750","9/27/11 14:31","5","623.93"
"16751","11/9/11 10:48","1","1764.72"
"16752","12/2/10 12:18","1","207.5"
"16753","10/12/11 13:14","1","223.92"
"16754","12/2/10 17:38","1","2002.4"
"16755","8/17/11 13:21","3","1496.83"
"16756","5/9/11 9:33","1","239.4"
"16757","1/25/11 11:59","1","106.83"
"16758","10/5/11 14:47","1","369.34"
"16759","12/2/11 12:42","3","789.79"
"16761","9/4/11 11:15","1","316.62"
"16762","7/18/11 12:52","3","1501.38"
"16763","5/25/11 11:52","1","611.85"
"16764","9/28/11 12:36","13","2799.25"
"16765","2/18/11 15:41","1","34"
"16766","3/11/11 15:22","2","1145.6"
"16767","9/7/11 9:15","11","5580.6"
"16768","8/28/11 10:43","3","478.09"
"16769","3/24/11 13:41","1","380.39"
"16770","4/17/11 12:49","5","770.1"
"16771","9/25/11 14:52","5","2246.81"
"16773","10/13/11 14:37","1","171.59"
"16774","8/15/11 12:57","4","661.52"
"16775","9/28/11 16:35","11","1695.66"
"16776","10/10/11 13:04","1","388.28"
"16777","9/20/11 13:41","2","226.35"
"16778","9/26/11 13:48","2","245.94"
"16779","9/29/11 16:53","22","10629.72"
"16780","8/31/11 16:09","2","425.19"
"16781","12/2/10 14:26","1","311.25"
"16782","9/23/11 9:26","13","2279.9"
"16784","11/20/11 12:20","1","107.6"
"16788","8/8/11 14:53","2","597.48"
"16789","12/1/11 15:12","1","80.8"
"16790","12/6/11 11:53","6","1545.62"
"16791","8/9/11 13:22","7","1721.78"
"16792","3/2/11 14:41","2","110.38"
"16793","10/13/11 15:08","1","243.84"
"16794","9/11/11 15:50","10","1222.71"
"16795","12/9/10 14:08","1","414.88"
"16796","9/11/11 14:01","1","305.62"
"16800","11/28/11 14:06","1","1201.49"
"16801","6/29/11 15:33","4","1619.73"
"16803","10/5/11 14:28","1","332.3"
"16804","3/14/11 15:48","3","536.99"
"16805","6/19/11 11:23","2","460.59"
"16806","8/28/11 15:27","4","801.49"
"16807","7/20/11 12:00","3","1121.59"
"16808","9/1/11 19:34","2","288.42"
"16809","7/26/11 14:24","5","914.69"
"16810","5/31/11 15:32","1","309.54"
"16811","12/5/11 11:39","2","547.07"
"16812","12/14/10 12:35","1","479.35"
"16813","9/4/11 11:12","10","1692.98"
"16814","9/13/11 10:17","21","6509.1"
"16816","8/28/11 14:16","4","417.06"
"16817","6/7/11 10:05","9","1604.75"
"16818","9/7/11 14:40","11","3349.57"
"16820","9/5/11 12:06","1","497.61"
"16823","4/26/11 15:00","1","358.38"
"16824","6/28/11 13:36","2","460.64"
"16825","6/7/11 9:44","2","775.18"
"16826","10/19/11 14:05","1","341.7"
"16828","9/7/11 15:10","2","128.5"
"16829","7/6/11 10:48","1","197.22"
"16830","11/1/11 11:35","1","325.91"
"16832","6/8/11 15:36","3","199.15"
"16833","3/25/11 8:53","4","1106.53"
"16834","4/26/11 9:37","1","413.46"
"16835","8/3/11 13:50","2","180.85"
"16836","8/15/11 12:38","2","251.87"
"16837","7/5/11 10:06","11","3170.98"
"16838","5/26/11 13:13","2","588.85"
"16839","9/26/11 15:13","34","16594.35"
"16841","7/25/11 13:06","6","1869.82"
"16842","8/31/11 10:42","3","1264.19"
"16843","9/7/11 10:56","16","10196.57"
"16846","10/20/11 13:55","1","214.32"
"16847","10/27/11 13:29","1","193.44"
"16848","10/18/11 8:42","1","281.42"
"16849","6/6/11 9:16","1","124.57"
"16850","1/10/11 11:09","1","332.41"
"16851","12/5/11 13:32","3","342.45"
"16852","6/16/11 15:49","2","144.91"
"16855","11/16/11 12:03","2","328.4"
"16856","11/25/11 8:59","1","35.4"
"16858","12/6/10 9:52","1","375.69"
"16859","7/18/11 12:19","2","747.81"
"16861","7/4/11 15:38","2","173.76"
"16863","12/8/10 8:58","2","502.8"
"16866","7/22/11 10:06","3","207.74"
"16869","6/27/11 12:16","4","825.42"
"16871","9/11/11 15:59","6","2812.34"
"16872","9/23/11 16:05","3","680.02"
"16873","8/4/11 15:33","6","7123.62"
"16875","7/18/11 11:41","5","2095.53"
"16877","7/10/11 16:18","6","853.72"
"16878","9/16/11 17:39","1","13.3"
"16880","9/1/11 11:22","7","1519.08"
"16881","10/4/11 10:33","1","432"
"16882","4/14/11 14:36","3","705.12"
"16883","6/5/11 12:51","2","276.73"
"16884","11/2/11 11:52","2","429.84"
"16885","12/17/10 17:23","3","471.51"
"16887","11/4/11 14:07","1","194.88"
"16889","5/29/11 11:05","3","1578.67"
"16891","9/5/11 11:31","5","809.7"
"16892","6/9/11 11:35","5","525.54"
"16893","12/8/10 12:06","1","145.93"
"16895","10/6/11 12:15","1","219.14"
"16897","2/13/11 15:02","2","289.78"
"16898","6/15/11 13:35","3","508.81"
"16899","9/11/11 10:35","6","1281.56"
"16900","11/23/11 10:32","3","887.11"
"16902","8/15/11 14:17","1","1706.88"
"16903","11/10/11 15:32","1","373.24"
"16904","9/6/11 12:25","16","3754.27"
"16905","4/17/11 11:30","7","3102.43"
"16906","9/19/11 11:49","4","579.77"
"16907","7/14/11 17:44","5","981.65"
"16909","9/28/11 16:45","1","379.14"
"16910","9/9/11 14:14","8","1510.06"
"16912","7/28/11 14:35","11","2575.38"
"16913","2/22/11 12:56","1","113.44"
"16914","11/3/11 15:27","1","208.46"
"16915","8/4/11 13:03","6","621.68"
"16916","12/2/10 13:14","2","576.26"
"16917","3/8/11 11:55","1","391.52"
"16918","9/5/11 13:50","6","1068.82"
"16919","7/6/11 13:35","11","2596.45"
"16921","10/9/11 16:22","1","169.79"
"16923","9/1/11 14:29","19","7247.61"
"16924","9/16/11 12:54","3","846.75"
"16926","12/3/10 13:42","1","230.25"
"16927","8/16/11 11:10","3","543.05"
"16928","9/6/11 13:29","17","2847.6"
"16929","9/29/11 9:16","7","1295.39"
"16930","11/13/11 16:13","3","380.55"
"16931","9/25/11 13:08","21","4604.22"
"16932","10/17/11 14:12","1","161.94"
"16933","4/14/11 13:33","2","563.23"
"16934","10/16/11 12:40","2","950.93"
"16936","11/14/11 11:04","1","262.68"
"16938","6/13/11 11:24","4","2736.38"
"16940","6/23/11 13:13","3","3049.88"
"16942","7/6/11 17:31","9","1920.59"
"16943","5/12/11 11:57","3","816.73"
"16945","9/2/11 9:48","19","4345.5"
"16947","4/18/11 9:38","1","406.48"
"16948","7/24/11 12:46","3","435.02"
"16949","6/7/11 10:34","6","1286.27"
"16950","8/7/11 13:30","3","1178.56"
"16951","7/28/11 12:05","3","1277.75"
"16952","8/22/11 13:03","2","167.61"
"16953","11/9/11 15:54","1","20.8"
"16954","8/7/11 10:55","9","2085.08"
"16955","6/8/11 10:36","4","518.67"
"16956","11/22/11 8:56","1","308.74"
"16957","4/14/11 13:56","2","416.64"
"16959","9/13/11 15:03","1","117.35"
"16960","4/1/11 11:54","3","507.05"
"16961","8/15/11 13:46","1","234.17"
"16963","6/5/11 13:48","1","110.55"
"16965","4/27/11 12:08","1","201.19"
"16966","6/22/11 15:06","7","2154.97"
"16967","6/3/11 14:24","1","319.02"
"16968","8/24/11 10:51","2","439.43"
"16969","7/28/11 13:54","3","650.41"
"16971","11/1/11 15:06","1","357.21"
"16976","3/17/11 16:33","1","251.52"
"16978","9/23/11 12:50","1","344.33"
"16979","7/15/11 8:59","6","1852"
"16980","3/29/11 16:36","2","1078.96"
"16982","10/10/11 12:28","1","384.06"
"16983","9/4/11 11:00","7","1931.25"
"16984","9/12/11 13:43","2","4481.35"
"16985","9/12/11 13:38","10","5464.12"
"16986","11/9/11 15:52","2","1873.2"
"16987","6/22/11 16:44","7","1625.05"
"16988","12/4/11 16:02","1","126.12"
"16989","9/21/11 14:17","6","1133.25"
"16990","5/5/11 8:30","1","179"
"16992","9/2/11 8:50","5","1614.31"
"16996","8/10/11 14:34","6","1456.96"
"16997","2/3/11 15:17","3","702"
"16998","7/13/11 9:44","4","295"
"16999","9/26/11 15:43","2","484.82"
"17001","9/9/11 12:24","11","3989.57"
"17002","9/15/11 12:40","3","1493.73"
"17004","9/8/11 12:16","2","1412.94"
"17006","9/25/11 12:15","4","781.78"
"17007","7/7/11 18:14","6","889.93"
"17010","11/21/11 14:49","1","195.36"
"17011","11/9/11 13:30","1","270.9"
"17014","12/1/11 14:09","3","586.33"
"17015","9/29/11 17:36","3","1842.56"
"17017","9/28/11 9:40","20","8694.26"
"17018","10/30/11 11:42","2","920.1"
"17019","3/23/11 11:16","4","1272.61"
"17022","11/8/11 17:09","1","71"
"17024","9/1/11 15:21","3","95.85"
"17025","12/1/10 15:46","3","357.77"
"17026","6/7/11 14:28","2","154.83"
"17027","9/22/11 12:24","6","890.29"
"17029","8/21/11 11:06","2","716"
"17030","10/7/11 8:49","1","146.87"
"17031","7/8/11 9:38","2","380.35"
"17033","9/14/11 14:34","3","1030.14"
"17034","9/21/11 8:27","3","745.52"
"17035","4/8/11 11:23","2","433.53"
"17037","9/13/11 12:49","1","1267.32"
"17038","11/9/11 13:50","1","112.4"
"17040","7/25/11 10:19","1","449.73"
"17041","8/23/11 9:53","3","1081.57"
"17042","8/10/11 13:19","5","1044.38"
"17043","6/14/11 13:52","4","1735.18"
"17044","11/14/11 14:28","1","948.48"
"17045","8/18/11 17:09","3","339.44"
"17046","7/5/11 14:24","1","642.02"
"17047","9/15/11 13:27","3","1100.9"
"17048","8/14/11 11:49","3","925.35"
"17049","9/16/11 13:03","9","5659.98"
"17050","9/4/11 13:48","6","3228.84"
"17051","5/29/11 14:13","1","247.14"
"17052","11/11/11 14:50","1","413.75"
"17053","8/1/11 10:23","1","498.48"
"17054","7/25/11 9:58","5","1356.33"
"17058","9/19/11 10:13","3","1179.89"
"17059","8/21/11 15:17","5","3095.04"
"17060","3/18/11 13:27","1","234.24"
"17061","9/27/11 11:24","11","5232.23"
"17062","12/9/10 12:37","4","538.37"
"17063","6/29/11 13:59","7","1461.14"
"17064","6/10/11 10:26","3","859.35"
"17068","9/6/11 12:10","21","4552.14"
"17069","9/23/11 8:25","9","2709.7"
"17070","8/17/11 17:01","1","312.14"
"17071","9/12/11 15:31","9","2429.03"
"17073","9/18/11 16:04","4","1446.09"
"17075","3/31/11 13:47","4","834.12"
"17076","3/11/11 8:59","3","841.08"
"17078","11/3/11 19:17","2","378.2"
"17079","9/22/11 15:34","1","118.8"
"17080","3/15/11 12:05","2","287.62"
"17081","11/14/11 12:56","2","290.16"
"17082","11/6/11 15:17","2","2003.85"
"17083","8/22/11 15:43","3","1405.78"
"17084","11/4/11 14:54","2","2949.75"
"17085","8/8/11 14:15","5","1566.65"
"17086","12/2/11 13:54","6","2050.08"
"17088","9/28/11 10:39","4","1991.01"
"17090","9/2/11 15:05","7","2043.95"
"17091","9/2/11 14:56","9","3827.76"
"17092","9/13/11 12:09","4","1777.78"
"17094","1/21/11 13:09","1","302"
"17095","2/13/11 13:52","3","1324.16"
"17096","7/19/11 17:02","4","1022.13"
"17097","8/31/11 15:35","8","954.42"
"17100","11/21/11 16:36","2","971.74"
"17101","6/14/11 14:49","4","1621.73"
"17102","3/23/11 10:08","1","25.5"
"17105","7/3/11 15:53","2","665.78"
"17107","9/25/11 14:37","6","10815.43"
"17109","4/21/11 15:51","6","885.04"
"17110","6/27/11 12:58","1","163.3"
"17111","10/23/11 15:59","1","248.61"
"17114","7/24/11 11:58","8","808.62"
"17115","6/10/11 8:54","3","837.5"
"17117","2/24/11 13:54","1","116.2"
"17118","1/26/11 12:19","1","157.02"
"17119","12/6/11 14:40","2","606.91"
"17120","4/20/11 15:21","1","307.46"
"17122","8/12/11 14:33","1","138.32"
"17123","7/1/11 10:47","1","345.3"
"17124","6/7/11 14:02","1","298.89"
"17125","10/20/11 14:41","1","259.35"
"17126","7/10/11 13:52","5","1004.75"
"17128","1/9/11 12:02","1","157.09"
"17131","9/25/11 12:42","5","2463.17"
"17133","9/13/11 13:15","7","4892.24"
"17134","8/25/11 9:53","2","425"
"17135","2/23/11 10:27","7","1139.73"
"17138","3/9/11 11:54","1","380.5"
"17139","9/12/11 13:16","12","10668.47"
"17140","4/6/11 13:33","1","465.32"
"17142","4/14/11 18:22","1","579"
"17144","9/16/11 12:50","2","984.57"
"17146","8/26/11 12:44","3","749.78"
"17147","9/20/11 8:23","4","1714.59"
"17148","10/19/11 9:59","1","124.88"
"17152","5/29/11 12:19","3","1689.5"
"17153","11/15/11 13:42","1","213.78"
"17154","9/25/11 13:42","1","329.34"
"17155","6/15/11 10:22","2","251.7"
"17157","6/16/11 15:08","2","319"
"17158","4/21/11 10:12","3","1266.97"
"17159","9/25/11 15:56","3","1538.88"
"17160","8/22/11 13:32","6","3518.03"
"17162","7/31/11 16:04","10","1715.46"
"17163","9/22/11 15:54","2","293.1"
"17164","9/21/11 11:48","7","2467.35"
"17165","2/28/11 16:39","1","158.68"
"17166","5/20/11 8:18","2","206.34"
"17169","6/9/11 13:16","2","835.78"
"17171","2/23/11 16:37","1","224.91"
"17172","9/22/11 9:36","1","317.76"
"17173","8/15/11 10:28","8","3766.6"
"17174","5/6/11 11:47","1","59.9"
"17175","7/21/11 18:08","4","1443.69"
"17176","5/22/11 12:41","1","306.13"
"17179","6/14/11 16:48","3","711.79"
"17180","4/12/11 16:20","4","796.03"
"17181","12/1/10 12:38","2","239.92"
"17183","8/26/11 15:25","6","3347.31"
"17186","10/24/11 10:20","2","144"
"17187","4/27/11 12:39","1","203.95"
"17188","6/28/11 14:51","7","2474.23"
"17189","8/25/11 19:39","2","384.4"
"17190","5/16/11 15:29","2","444.74"
"17191","9/6/11 12:15","7","2095.13"
"17193","9/14/11 10:40","7","1699.3"
"17194","3/11/11 12:05","2","262.62"
"17197","11/10/11 10:32","1","1013.01"
"17198","12/9/10 13:34","3","692.22"
"17201","10/17/11 11:55","1","342.63"
"17203","11/4/11 12:27","6","3563.85"
"17204","6/17/11 14:46","4","1564.56"
"17205","10/17/11 12:46","1","384.08"
"17206","10/17/11 13:25","1","204.24"
"17211","6/12/11 13:21","8","2317.22"
"17212","3/31/11 19:42","1","226.85"
"17213","7/21/11 15:47","7","2781.23"
"17214","9/15/11 11:25","6","1069.12"
"17217","4/19/11 17:19","1","113.5"
"17218","9/29/11 16:48","10","1960.72"
"17219","11/8/11 11:25","1","114.23"
"17220","9/29/11 14:46","14","3198.25"
"17221","12/2/11 13:35","2","335.13"
"17222","10/5/11 13:58","1","354.15"
"17223","2/2/11 15:57","2","426.79"
"17226","2/4/11 11:52","1","393.49"
"17227","9/30/11 15:14","6","939.32"
"17228","9/13/11 11:34","8","1906.09"
"17229","9/4/11 13:56","2","318.76"
"17230","3/20/11 16:12","8","3638.41"
"17231","8/5/11 16:19","10","3174.32"
"17232","12/7/11 12:21","2","421.52"
"17233","11/4/11 14:06","1","190.88"
"17234","6/10/11 11:20","1","149.89"
"17235","12/2/10 13:38","2","550.06"
"17236","6/13/11 15:47","6","916.13"
"17237","11/28/11 15:02","2","314.69"
"17238","9/16/11 13:53","17","3744.65"
"17239","1/31/11 9:41","1","382.5"
"17242","8/23/11 14:55","2","1135.04"
"17243","9/8/11 12:44","26","8676.85"
"17244","10/17/11 15:19","1","954.9"
"17245","5/19/11 10:43","1","171.45"
"17247","11/24/11 15:21","1","282.19"
"17248","8/11/11 13:34","1","318.65"
"17250","3/23/11 16:45","2","384.52"
"17251","12/12/10 11:06","1","283.28"
"17252","8/15/11 9:45","2","353.86"
"17253","11/21/11 12:59","1","178.26"
"17254","12/5/11 12:46","2","272.44"
"17255","2/13/11 15:18","2","298.41"
"17256","8/24/11 13:30","2","240"
"17259","7/14/11 15:01","2","603.37"
"17262","4/26/11 15:58","5","1253.36"
"17263","5/15/11 14:32","1","63.44"
"17265","7/24/11 10:49","2","562.9"
"17266","7/15/11 11:57","3","310.64"
"17267","8/4/11 17:22","2","317.62"
"17268","8/24/11 10:06","4","763.64"
"17272","5/24/11 13:46","4","2148.63"
"17274","11/4/11 13:16","1","111.98"
"17277","4/26/11 12:47","2","1065.35"
"17278","4/12/11 13:10","1","246.04"
"17279","10/13/11 11:58","1","187.83"
"17282","8/1/11 14:29","3","1703.41"
"17284","8/11/11 12:00","6","1652.58"
"17286","11/18/11 12:47","1","153.92"
"17287","9/26/11 12:53","7","1064.11"
"17288","5/16/11 14:32","7","1419.73"
"17289","6/12/11 13:51","3","944.41"
"17290","12/6/11 12:38","2","525.24"
"17291","2/4/11 13:04","1","550.8"
"17293","9/15/11 16:36","9","1875.11"
"17295","11/11/11 10:49","3","556.95"
"17297","11/22/11 14:43","1","131.78"
"17298","8/7/11 12:21","2","498.42"
"17299","9/11/11 13:22","4","669.11"
"17301","11/18/11 13:43","1","197.63"
"17302","8/9/11 9:04","5","1135.63"
"17303","12/13/10 13:32","1","250.04"
"17306","9/29/11 14:50","19","8631.31"
"17309","9/5/11 15:20","1","82.75"
"17311","9/22/11 14:11","2","1384.85"
"17312","7/7/11 20:07","3","644.3"
"17313","11/8/11 15:45","1","2328.84"
"17314","7/14/11 11:28","8","2527.92"
"17315","9/25/11 14:53","38","6292.26"
"17317","9/11/11 12:45","3","2600.34"
"17320","8/31/11 13:31","3","1200.62"
"17321","12/1/11 13:41","2","700.86"
"17323","8/7/11 12:05","7","921.07"
"17324","12/8/10 12:45","4","990.23"
"17325","3/4/11 13:09","1","96.8"
"17329","11/25/11 14:24","2","523.11"
"17330","11/17/11 8:56","2","363.9"
"17331","8/8/11 11:55","1","175.2"
"17333","9/15/11 10:11","1","494.25"
"17334","2/4/11 9:03","2","307.02"
"17337","7/11/11 14:55","4","2027.87"
"17338","8/17/11 14:22","8","6643.93"
"17339","9/6/11 13:29","2","243.36"
"17340","9/20/11 13:53","11","12353.29"
"17341","7/6/11 12:33","3","781.36"
"17343","12/19/10 15:07","1","193.64"
"17344","10/24/11 12:56","1","160.57"
"17345","9/7/11 14:09","4","537.74"
"17346","8/28/11 15:01","15","2676.56"
"17347","9/14/11 13:12","1","228.96"
"17348","9/29/11 11:39","5","1159.52"
"17349","6/13/11 14:29","1","110.75"
"17350","12/1/11 15:47","4","1286.07"
"17351","6/23/11 19:29","3","587.15"
"17353","8/2/11 17:19","2","1740"
"17354","10/20/11 10:34","1","1393.06"
"17356","2/1/11 11:07","1","178.22"
"17357","11/15/11 16:30","2","388.14"
"17358","2/9/11 16:57","2","365.85"
"17359","11/28/11 14:37","1","127.86"
"17360","6/8/11 17:09","3","585.79"
"17361","6/6/11 14:02","3","488.2"
"17362","4/14/11 14:43","2","312.23"
"17364","7/25/11 12:58","11","4481.18"
"17365","9/13/11 12:18","8","4801.56"
"17367","4/15/11 14:21","1","168.4"
"17368","9/7/11 14:47","8","1912.67"
"17370","9/8/11 14:19","4","446.18"
"17371","12/13/10 15:20","3","423.89"
"17372","6/9/11 13:50","8","1342.68"
"17373","9/29/11 14:40","4","646.92"
"17374","5/5/11 9:05","2","495.77"
"17375","5/24/11 15:45","3","400.1"
"17376","9/30/11 12:36","2","203.2"
"17377","9/26/11 10:22","20","4100.92"
"17379","11/28/11 13:56","1","404.66"
"17381","9/1/11 15:52","29","20275.61"
"17382","10/5/11 13:05","1","65.4"
"17383","12/5/11 17:36","1","199.29"
"17384","5/4/11 16:07","2","336.4"
"17385","11/25/11 11:02","1","261.11"
"17386","9/1/11 13:47","6","2686.42"
"17387","11/6/11 11:25","2","784.11"
"17388","9/23/11 10:31","4","1259.56"
"17389","9/5/11 10:00","34","31833.68"
"17391","6/29/11 9:58","2","508.8"
"17392","2/6/11 12:48","2","457.91"
"17394","5/4/11 13:22","1","203.87"
"17396","7/14/11 10:24","8","7330.8"
"17397","11/17/11 14:08","2","696.41"
"17398","8/17/11 9:48","3","653.38"
"17400","8/5/11 15:38","5","2129.96"
"17402","9/15/11 15:20","13","2633.85"
"17403","11/3/11 15:18","1","281.62"
"17404","9/13/11 11:12","15","31906.82"
"17405","9/28/11 10:27","3","1031.41"
"17406","12/8/10 10:35","3","2200.42"
"17408","6/29/11 12:53","1","32.65"
"17409","6/8/11 10:36","2","771.85"
"17410","9/4/11 16:08","5","1214.72"
"17411","9/25/11 10:48","3","778.94"
"17412","5/27/11 14:55","7","1258.06"
"17414","6/8/11 11:43","2","778"
"17415","9/21/11 12:50","1","507.84"
"17416","9/23/11 10:25","7","6893.42"
"17418","10/28/11 13:00","2","463.46"
"17419","7/19/11 12:39","12","4226.57"
"17420","6/21/11 15:07","3","598.83"
"17422","9/7/11 15:00","6","1979.37"
"17423","5/6/11 9:14","2","698.41"
"17425","11/20/11 15:30","2","759.17"
"17426","9/9/11 15:51","6","5037.26"
"17427","9/29/11 11:29","1","100.8"
"17428","9/15/11 15:21","28","17256.85"
"17429","8/3/11 13:22","3","524.92"
"17430","12/9/10 13:05","2","265.76"
"17431","1/30/11 14:36","1","403.3"
"17432","11/21/11 17:33","2","365.76"
"17433","9/12/11 14:24","1","303.16"
"17434","9/15/11 13:54","7","2373.82"
"17436","4/27/11 11:33","2","216.3"
"17438","3/31/11 10:26","1","388.45"
"17440","7/6/11 11:54","3","186.42"
"17442","9/7/11 12:19","6","2248.56"
"17443","5/4/11 10:47","1","534.24"
"17444","7/15/11 12:05","3","2940.04"
"17446","6/16/11 10:42","2","120.9"
"17447","9/29/11 10:10","2","541.53"
"17449","9/6/11 8:34","7","2520.86"
"17450","9/5/11 13:52","46","194550.79"
"17451","9/19/11 9:30","7","1721.4"
"17453","11/22/11 9:42","2","486.72"
"17454","5/31/11 13:58","4","517.53"
"17455","5/20/11 12:31","1","131.7"
"17456","12/9/10 15:23","1","249.86"
"17457","8/5/11 12:48","5","1737.7"
"17458","11/24/11 13:01","1","316.5"
"17459","10/27/11 13:25","2","657.3"
"17460","9/6/11 15:04","6","622.43"
"17461","11/17/11 10:21","3","757.46"
"17462","2/28/11 17:01","2","675.69"
"17463","6/16/11 15:10","5","1896.41"
"17464","7/4/11 13:19","1","289.96"
"17466","9/22/11 9:16","2","763.28"
"17468","11/29/11 15:33","2","137"
"17469","9/28/11 10:42","5","1870.97"
"17470","8/4/11 13:15","5","1125.07"
"17472","6/1/11 14:57","3","710.29"
"17475","9/21/11 14:55","1","194.37"
"17480","9/23/11 11:39","1","511.82"
"17481","9/7/11 9:57","4","1255.59"
"17483","7/28/11 17:33","3","414.04"
"17486","3/23/11 14:00","1","396.87"
"17489","5/11/11 11:34","2","376.64"
"17490","9/27/11 11:52","7","2092.32"
"17491","9/5/11 11:51","10","3558.87"
"17492","4/5/11 15:21","1","374.57"
"17495","12/2/11 12:08","2","497.56"
"17496","12/16/10 8:39","1","271.05"
"17498","9/25/11 12:25","1","272.22"
"17499","2/23/11 9:14","1","622.88"
"17500","11/22/11 14:25","3","1138"
"17501","5/3/11 9:47","2","288.6"
"17502","11/30/11 13:13","4","689.1"
"17503","12/7/11 9:18","2","558.96"
"17504","5/6/11 10:34","9","2997.03"
"17505","7/1/11 12:50","2","1145.84"
"17506","9/25/11 11:39","1","302.2"
"17507","3/23/11 11:48","2","605.58"
"17508","3/4/11 8:10","1","387.31"
"17509","10/7/11 15:26","8","6115.14"
"17510","11/15/11 10:00","1","308.48"
"17511","9/7/11 11:41","31","91062.38"
"17512","8/10/11 14:55","10","2924.99"
"17513","9/28/11 16:42","1","513.2"
"17514","8/3/11 15:45","1","208.65"
"17515","5/17/11 14:03","4","639.02"
"17516","8/12/11 14:50","5","768.08"
"17517","2/4/11 11:48","1","153.94"
"17519","7/29/11 12:09","6","1844.02"
"17520","10/17/11 12:04","1","546.81"
"17521","5/24/11 15:14","3","723.21"
"17522","7/24/11 12:29","5","1070.71"
"17523","11/28/11 13:20","4","652.74"
"17524","12/13/10 14:32","1","145"
"17525","12/15/10 12:05","1","422.7"
"17526","2/22/11 9:10","4","1195.9"
"17527","9/20/11 9:06","4","939.37"
"17528","9/29/11 13:45","8","3628.5"
"17530","9/15/11 17:00","10","2385"
"17531","6/2/11 19:17","1","296.7"
"17534","10/17/11 12:47","1","223.36"
"17535","3/4/11 15:20","1","164.4"
"17536","6/15/11 13:23","1","76.5"
"17537","2/9/11 13:37","2","897.62"
"17538","11/14/11 12:12","1","98.42"
"17540","11/15/11 11:56","2","578.9"
"17542","3/15/11 11:45","1","170.75"
"17545","10/27/11 14:04","3","645.96"
"17548","4/20/11 12:01","1","103.3"
"17549","11/16/11 9:59","2","148.86"
"17550","5/26/11 14:09","3","267.16"
"17551","12/15/10 14:12","1","306.84"
"17552","9/29/11 18:51","4","930.41"
"17553","8/2/11 10:00","1","1487.6"
"17554","8/9/11 10:16","5","1952.45"
"17555","11/20/11 12:22","2","483.26"
"17556","5/18/11 10:48","1","157.9"
"17557","9/19/11 14:23","3","541.46"
"17560","9/6/11 9:18","5","854.95"
"17561","11/20/11 12:53","1","167.62"
"17562","9/13/11 14:42","7","1122.38"
"17564","9/20/11 14:00","3","454.01"
"17566","12/1/11 19:54","2","901.21"
"17567","9/8/11 10:00","8","4331.48"
"17569","1/11/11 14:15","1","344.14"
"17571","7/17/11 12:26","4","1498.51"
"17572","9/29/11 17:53","4","226.75"
"17573","9/7/11 10:36","3","380.6"
"17574","4/11/11 9:47","1","185.65"
"17576","9/27/11 17:03","19","3622.68"
"17578","5/5/11 18:38","1","143.46"
"17579","7/25/11 9:50","3","448.9"
"17580","4/1/11 12:41","3","215.72"
"17581","9/22/11 11:41","25","11045.04"
"17582","4/17/11 13:18","1","175.27"
"17584","8/4/11 14:12","2","1242.3"
"17585","8/22/11 13:30","4","1133.07"
"17588","8/31/11 13:37","3","1240.2"
"17589","7/11/11 17:07","4","2404.17"
"17590","12/7/11 12:55","3","1479.22"
"17591","9/27/11 13:42","7","2225.97"
"17593","9/9/11 9:52","5","3927.34"
"17594","9/15/11 16:34","2","993.18"
"17595","11/27/11 16:08","2","388.79"
"17596","7/26/11 13:46","7","2827.93"
"17597","5/10/11 11:54","1","2044.37"
"17600","11/22/11 9:43","1","161.67"
"17601","4/14/11 18:02","1","116.01"
"17602","9/15/11 14:07","6","5102.97"
"17603","9/22/11 14:18","1","394.72"
"17604","5/6/11 13:43","2","309.36"
"17608","11/6/11 13:06","2","193.42"
"17609","9/27/11 17:47","5","1112.22"
"17611","9/28/11 12:20","15","3984.22"
"17612","9/5/11 14:07","6","2048.45"
"17613","9/19/11 13:20","14","4559.15"
"17614","10/13/11 16:01","1","390.07"
"17615","8/1/11 14:06","3","329.6"
"17616","6/19/11 10:11","3","571.2"
"17618","4/5/11 13:07","3","971.58"
"17619","1/31/11 14:18","1","218.52"
"17620","10/11/11 12:08","1","81.44"
"17621","12/20/10 13:31","3","1379.9"
"17623","11/7/11 11:32","1","527.05"
"17624","5/5/11 17:59","2","843.48"
"17625","7/22/11 13:53","4","2047"
"17628","9/19/11 15:21","1","75.75"
"17629","8/11/11 14:16","8","1814.12"
"17630","6/23/11 11:58","2","503.6"
"17631","7/25/11 13:37","3","528.33"
"17633","9/29/11 11:33","4","1324.84"
"17634","9/8/11 12:55","9","2361.97"
"17636","11/20/11 14:40","1","285.56"
"17637","8/16/11 13:25","2","547.06"
"17639","3/8/11 15:22","1","108.5"
"17640","9/14/11 9:13","1","621.66"
"17642","8/12/11 9:11","2","712.29"
"17643","12/1/10 14:38","1","101.55"
"17644","9/22/11 12:54","11","2895.64"
"17646","5/4/11 13:17","3","1008.39"
"17647","10/5/11 15:38","1","133.06"
"17648","5/31/11 11:22","4","1797.5"
"17649","7/24/11 15:53","1","868.49"
"17650","11/18/11 14:52","1","166.08"
"17651","9/21/11 9:45","10","3945"
"17652","9/16/11 14:39","12","4867.72"
"17653","9/1/11 12:17","4","1207.56"
"17654","3/7/11 13:17","1","117.55"
"17655","8/15/11 11:59","7","2638.94"
"17656","9/27/11 13:04","5","1674.69"
"17658","5/12/11 15:23","2","595.42"
"17659","8/31/11 15:13","12","2999.46"
"17660","7/21/11 13:37","1","196"
"17663","9/16/11 13:37","7","1802.91"
"17664","5/11/11 14:17","2","604.64"
"17666","12/6/11 9:06","2","728.16"
"17667","7/1/11 9:47","5","2055.51"
"17668","12/8/11 13:25","2","347.75"
"17669","9/15/11 13:43","7","3406.72"
"17670","4/26/11 9:12","1","205.7"
"17671","7/5/11 12:03","4","1572.71"
"17672","2/3/11 13:29","2","3178.17"
"17673","6/6/11 14:12","6","1629.12"
"17674","9/26/11 13:35","2","551.04"
"17675","9/30/11 12:45","31","20374.28"
"17676","8/5/11 14:36","6","1387.68"
"17677","9/18/11 12:42","30","16363.23"
"17678","3/21/11 11:52","1","298.11"
"17679","9/15/11 10:35","2","1992.11"
"17680","11/16/11 12:42","1","184.4"
"17682","8/16/11 15:22","6","2474.33"
"17684","10/27/11 11:10","1","239.41"
"17685","9/12/11 12:27","7","3191.53"
"17686","9/20/11 11:39","7","5739.46"
"17690","8/30/11 9:36","15","4757.95"
"17691","12/6/10 11:10","2","290.4"
"17692","8/4/11 14:01","4","740.94"
"17693","7/25/11 15:48","1","200.47"
"17694","7/21/11 12:00","1","283.12"
"17695","7/31/11 10:40","2","765.34"
"17696","8/23/11 13:59","8","2285.71"
"17697","4/17/11 15:40","1","338.95"
"17698","3/24/11 11:34","1","154.95"
"17700","9/6/11 9:34","4","2534.64"
"17701","4/1/11 12:25","1","417.95"
"17702","8/23/11 9:38","4","1824.37"
"17703","8/22/11 15:05","3","798.74"
"17704","6/24/11 9:40","2","885.19"
"17705","9/26/11 11:38","9","1823.52"
"17706","8/31/11 13:23","17","10504.49"
"17707","6/7/11 15:03","2","152.4"
"17708","6/5/11 10:12","2","267.08"
"17709","6/23/11 11:55","1","137.45"
"17711","2/23/11 11:32","2","385.1"
"17712","10/26/11 12:28","1","522.91"
"17714","1/23/11 10:32","1","153"
"17715","5/23/11 12:32","1","326.4"
"17716","9/6/11 12:02","11","5655.99"
"17718","4/21/11 13:39","1","139.35"
"17719","9/25/11 12:22","15","5396.04"
"17720","8/18/11 16:32","4","1195.94"
"17722","9/4/11 15:22","4","2424.04"
"17723","8/4/11 18:37","6","3276.4"
"17724","9/29/11 15:26","3","1033"
"17725","9/30/11 9:45","11","3439.08"
"17727","11/24/11 17:06","1","1060.25"
"17728","9/14/11 11:39","3","2876.01"
"17730","9/22/11 10:26","13","5298.48"
"17731","9/21/11 15:02","4","1240.11"
"17732","12/2/10 9:29","1","303.97"
"17733","3/23/11 9:54","2","692.19"
"17734","7/26/11 9:20","3","700.63"
"17735","9/7/11 10:38","19","13110.02"
"17736","8/18/11 14:33","3","377.44"
"17737","11/30/11 15:16","2","168.24"
"17738","7/14/11 9:23","4","1879.05"
"17739","9/29/11 9:03","7","2791.35"
"17742","8/18/11 15:28","2","355.11"
"17744","4/3/11 12:46","6","2322.4"
"17746","4/13/11 14:31","1","110.25"
"17747","8/19/11 8:13","1","71.4"
"17749","6/14/11 15:45","2","674.52"
"17750","9/18/11 15:15","9","1797.57"
"17752","12/15/10 16:19","1","80.64"
"17754","7/20/11 15:56","5","1772.26"
"17757","9/30/11 13:54","30","5605.29"
"17758","9/21/11 15:12","8","3456.7"
"17759","6/23/11 13:41","3","834.99"
"17760","12/1/10 15:08","2","287.59"
"17761","11/7/11 10:23","1","712.78"
"17763","3/21/11 14:25","1","15"
"17764","5/12/11 16:11","2","818.82"
"17765","7/4/11 12:41","3","371.88"
"17767","11/24/11 14:42","1","271.2"
"17768","6/26/11 13:46","3","2273.18"
"17769","7/24/11 11:06","10","3997.98"
"17770","5/25/11 12:34","5","1143.27"
"17771","10/14/11 11:43","2","245.81"
"17772","11/29/11 11:05","2","182.77"
"17774","9/4/11 12:49","4","1225.41"
"17775","3/30/11 10:50","1","56.4"
"17777","8/31/11 14:35","3","665.86"
"17779","9/13/11 11:24","3","658.57"
"17781","7/3/11 16:00","2","188.02"
"17783","9/28/11 16:07","2","283.47"
"17785","10/17/11 13:43","1","131.94"
"17786","9/15/11 12:51","2","278.74"
"17787","7/10/11 11:24","4","1865.19"
"17788","9/27/11 10:09","2","1117.9"
"17789","3/3/11 13:14","1","225.9"
"17790","8/11/11 14:54","14","1965.55"
"17791","11/10/11 12:09","1","106.1"
"17793","11/14/11 14:24","1","323.04"
"17795","6/13/11 12:36","2","350.39"
"17796","12/5/10 12:23","4","697.9"
"17797","6/10/11 11:29","3","780.43"
"17799","9/1/11 14:42","10","3055.93"
"17800","9/9/11 13:19","9","1199.01"
"17802","9/18/11 14:56","3","1285.04"
"17805","9/27/11 11:49","1","512.31"
"17806","11/28/11 14:12","1","546.04"
"17809","8/2/11 15:40","12","5411.91"
"17811","9/8/11 13:53","39","7837.73"
"17812","12/6/10 15:27","4","732.16"
"17813","9/29/11 15:57","5","1770.88"
"17816","3/15/11 14:20","4","36.56"
"17817","3/7/11 17:42","3","387.68"
"17819","9/29/11 10:52","7","3704.87"
"17824","10/19/11 14:14","1","298.4"
"17827","4/11/11 16:56","5","1995.46"
"17828","8/22/11 9:03","4","1820.09"
"17829","2/14/11 12:46","1","889.24"
"17830","3/23/11 11:44","3","398.7"
"17831","11/6/11 15:09","1","35.4"
"17832","10/21/11 11:43","1","155.37"
"17835","12/7/11 11:48","3","350.64"
"17836","10/23/11 16:13","1","110.21"
"17837","9/25/11 14:08","8","1593.38"
"17838","9/11/11 14:34","5","2779.3"
"17839","10/28/11 17:27","1","338.8"
"17841","9/9/11 10:12","124","40991.57"
"17843","2/9/11 15:33","1","205.48"
"17844","8/25/11 11:27","1","51.56"
"17846","9/15/11 15:20","1","2033.1"
"17848","9/19/11 16:49","9","901.2"
"17849","5/5/11 13:46","4","605.8"
"17850","12/2/10 9:44","34","5391.21"
"17852","11/28/11 12:36","2","114.34"
"17854","6/7/11 16:21","2","311.26"
"17855","12/2/10 9:44","1","208.97"
"17856","4/20/11 13:13","4","1418.03"
"17857","9/28/11 9:02","23","26879.04"
"17858","9/18/11 14:08","12","5155.66"
"17859","2/8/11 10:32","1","148.21"
"17860","12/6/10 12:41","1","252.8"
"17861","7/6/11 13:25","8","2100.8"
"17862","1/20/11 12:23","1","330.9"
"17863","9/20/11 10:38","6","3160"
"17864","9/11/11 13:39","3","597.5"
"17865","9/21/11 13:58","20","10526.32"
"17866","7/20/11 11:07","1","329.65"
"17867","7/19/11 12:42","6","1197.1"
"17869","8/24/11 16:16","5","428.18"
"17870","9/9/11 10:37","12","1894.35"
"17871","5/19/11 11:32","1","155.9"
"17873","9/20/11 16:41","5","1859.16"
"17874","6/7/11 12:54","6","683.46"
"17877","6/22/11 13:00","1","237.61"
"17878","10/27/11 11:24","1","379.45"
"17879","6/19/11 12:36","1","178.52"
"17880","12/10/10 10:21","1","458.92"
"17881","2/8/11 17:16","1","133.35"
"17883","9/14/11 13:37","4","671.77"
"17884","2/1/11 11:08","4","717.45"
"17885","11/27/11 14:40","1","190.19"
"17886","5/13/11 10:22","3","899.61"
"17887","8/2/11 17:29","1","111.35"
"17888","9/21/11 16:43","8","726.05"
"17889","5/11/11 16:26","2","203.87"
"17890","12/13/10 15:12","2","602.09"
"17891","6/30/11 20:08","1","203.86"
"17892","7/7/11 12:56","3","244.1"
"17893","4/28/11 13:50","1","112.25"
"17894","9/4/11 14:36","8","1119.81"
"17895","10/26/11 17:00","1","98"
"17896","11/16/11 13:59","1","256.32"
"17897","6/20/11 11:23","3","566.6"
"17898","9/15/11 14:56","2","152.06"
"17899","7/3/11 14:58","1","155.8"
"17900","6/2/11 14:38","2","112.2"
"17901","11/10/11 17:29","1","110.38"
"17904","11/18/11 12:57","1","191.67"
"17905","9/29/11 17:33","4","800.24"
"17906","4/6/11 17:25","1","72.9"
"17908","12/1/10 11:45","1","243.28"
"17911","11/30/11 14:52","1","366.23"
"17912","2/2/11 14:25","5","311.01"
"17913","12/19/10 11:35","2","411.6"
"17914","12/6/11 11:58","1","336.43"
"17917","3/28/11 16:37","3","341.28"
"17919","9/12/11 13:41","1","1304.04"
"17920","9/22/11 12:13","17","4204.1"
"17921","7/14/11 18:56","4","826.52"
"17923","3/2/11 15:15","1","207.5"
"17924","2/11/11 11:38","7","2962.5"
"17925","12/2/10 10:10","1","244.08"
"17926","7/29/11 14:39","2","397.29"
"17928","4/7/11 18:03","2","212.54"
"17929","8/19/11 8:57","4","843"
"17930","9/29/11 12:11","5","1740.48"
"17931","7/28/11 18:33","2","408.36"
"17932","6/19/11 10:39","3","1331.57"
"17934","10/19/11 11:16","2","704.25"
"17935","7/24/11 13:18","2","145.79"
"17936","12/4/11 13:32","1","389.84"
"17937","8/17/11 12:10","7","4301.22"
"17939","7/3/11 12:27","1","99.14"
"17940","8/3/11 11:24","10","4106.44"
"17941","8/1/11 8:30","1","304.56"
"17942","12/2/11 10:45","1","77.5"
"17946","4/20/11 17:00","2","149.58"
"17947","11/2/11 13:05","1","176.68"
"17948","7/15/11 12:58","1","358.56"
"17949","9/7/11 14:30","45","58510.48"
"17950","9/28/11 15:18","3","482.2"
"17951","12/16/10 12:55","3","1008.54"
"17954","8/8/11 13:46","12","2332.72"
"17955","5/5/11 12:40","4","557.3"
"17956","4/4/11 13:47","1","12.75"
"17957","10/4/11 14:58","1","111.68"
"17958","8/15/11 12:19","1","508.46"
"17960","6/21/11 14:15","1","73.78"
"17961","9/30/11 12:12","39","1296.44"
"17962","7/20/11 14:16","1","102.83"
"17964","12/2/10 13:32","2","471.7"
"17965","9/9/11 10:54","14","2622.57"
"17966","7/11/11 15:28","5","1098.43"
"17967","12/3/10 11:19","1","123.07"
"17968","12/1/10 12:23","1","277.35"
"17969","6/26/11 13:00","2","228.2"
"17970","5/12/11 20:03","1","582.59"
"17972","4/12/11 12:16","1","136.04"
"17973","10/19/11 10:34","1","337.04"
"17974","5/4/11 11:50","3","740.79"
"17975","8/17/11 10:59","13","4488.81"
"17976","12/2/10 13:49","1","353.19"
"17977","11/10/11 13:28","1","288.14"
"17978","12/9/10 14:05","1","300.92"
"17979","6/24/11 10:44","4","757.71"
"17980","6/27/11 12:01","3","811.45"
"17984","7/17/11 15:59","1","152.68"
"17985","11/17/11 14:24","1","634.95"
"17986","10/14/11 14:22","1","20.8"
"17987","6/7/11 14:22","1","198.57"
"17988","8/14/11 15:56","7","201.12"
"17990","4/17/11 11:44","3","630.84"
"17991","4/28/11 15:58","2","93.35"
"17994","8/10/11 11:41","4","678.49"
"17995","3/3/11 12:30","1","76.1"
"17997","9/8/11 15:16","8","1970.67"
"17999","12/8/10 15:17","2","382.06"
"18001","9/14/11 11:21","2","417.23"
"18004","12/12/10 13:47","1","169.47"
"18005","12/6/11 11:51","2","249.72"
"18006","11/16/11 16:52","1","444.68"
"18008","9/30/11 15:17","9","2116.19"
"18009","4/18/11 13:36","1","257.34"
"18010","3/28/11 12:27","1","174.8"
"18011","12/1/10 17:35","1","102.79"
"18013","7/7/11 14:11","2","187.29"
"18014","11/11/11 15:28","1","166.42"
"18015","12/5/11 14:49","1","120.03"
"18016","9/26/11 14:06","5","1483.56"
"18017","9/19/11 16:15","3","523"
"18018","8/23/11 17:37","2","122.14"
"18019","10/19/11 12:10","1","38.45"
"18022","11/4/11 12:45","1","668.11"
"18024","7/10/11 12:40","2","389.78"
"18027","9/2/11 10:38","1","115.31"
"18030","12/5/11 16:37","2","230.65"
"18032","1/9/11 15:32","1","73.5"
"18033","10/5/11 17:28","1","97.97"
"18034","11/18/11 12:22","2","422.88"
"18035","11/4/11 12:39","3","730.4"
"18036","8/26/11 12:55","3","405.62"
"18037","7/8/11 13:39","6","70.02"
"18040","4/8/11 8:27","2","357.2"
"18041","9/30/11 10:08","21","4183.39"
"18042","10/17/11 11:49","1","165.05"
"18043","5/17/11 12:40","3","559.51"
"18044","9/13/11 11:52","10","2088.6"
"18045","10/25/11 13:07","1","189.4"
"18048","5/20/11 14:58","2","172.29"
"18050","12/15/10 14:25","1","74.4"
"18053","9/30/11 9:05","1","300.02"
"18055","9/16/11 14:04","10","6784.19"
"18056","2/24/11 14:27","1","363.65"
"18058","11/30/11 8:38","1","170.16"
"18059","11/16/11 16:49","3","306.46"
"18061","8/24/11 8:49","10","2119.41"
"18062","6/19/11 14:47","3","720.52"
"18064","7/29/11 16:39","2","814"
"18065","9/14/11 11:36","14","2392.83"
"18066","9/25/11 15:30","1","318"
"18067","10/30/11 15:58","1","396.33"
"18068","2/23/11 14:50","1","101.7"
"18069","9/12/11 16:14","5","2036.67"
"18071","3/27/11 11:59","2","453"
"18072","6/7/11 10:44","1","247.44"
"18073","8/3/11 14:33","12","3877.52"
"18074","12/1/10 9:53","1","489.6"
"18075","8/25/11 15:10","10","2611.75"
"18077","8/28/11 12:29","11","2633.01"
"18078","5/6/11 14:32","2","336.13"
"18079","8/5/11 11:00","4","3651.97"
"18080","4/11/11 10:10","2","1231.5"
"18081","8/19/11 12:23","3","343.45"
"18082","11/14/11 12:45","1","703.37"
"18084","11/23/11 13:57","1","90.48"
"18085","12/1/10 12:08","2","689.95"
"18086","3/10/11 13:34","1","101.34"
"18087","9/2/11 15:12","2","4055.72"
"18088","10/9/11 13:41","1","167.67"
"18092","9/14/11 9:11","11","9068.26"
"18093","9/7/11 15:43","4","2106.52"
"18094","9/19/11 9:28","7","3017.3"
"18095","1/31/11 12:50","2","580.05"
"18096","11/28/11 12:44","3","911.15"
"18097","8/5/11 10:32","6","2697.8"
"18099","8/4/11 15:52","1","168.31"
"18101","7/19/11 13:05","2","223.65"
"18102","9/28/11 16:17","60","259657.3"
"18104","11/2/11 14:07","1","754.64"
"18105","11/2/11 12:04","1","113.48"
"18106","1/14/11 12:23","1","430.7"
"18108","3/30/11 13:56","1","271"
"18109","9/9/11 13:58","26","8052.97"
"18110","11/20/11 12:34","1","236.3"
"18112","6/26/11 13:56","2","352.69"
"18113","12/6/10 12:31","1","76.32"
"18114","2/22/11 13:20","1","220.1"
"18116","4/3/11 14:24","8","1418.03"
"18117","11/14/11 12:47","1","320.72"
"18118","9/9/11 12:22","26","5653.82"
"18119","12/7/10 11:59","1","181.12"
"18120","5/9/11 13:45","1","111.15"
"18121","7/8/11 12:14","2","673.1"
"18122","9/16/11 12:34","6","1826.21"
"18123","11/8/11 13:31","2","589.44"
"18125","5/22/11 11:51","4","1142.99"
"18126","10/10/11 12:19","1","206.83"
"18127","7/29/11 10:06","3","348.73"
"18129","4/10/11 14:16","1","112.55"
"18130","11/24/11 14:40","3","1059.39"
"18133","5/11/11 14:14","1","931.5"
"18135","9/20/11 14:08","5","681.91"
"18136","5/12/11 11:59","3","784.33"
"18138","2/17/11 14:51","1","152.65"
"18139","11/22/11 9:17","6","8438.34"
"18142","7/5/11 13:19","2","1019.52"
"18143","8/15/11 12:07","2","1000.16"
"18144","9/22/11 17:08","12","2888.75"
"18145","9/13/11 12:13","4","2861.55"
"18146","7/22/11 12:08","2","160.35"
"18147","8/23/11 12:22","2","179.34"
"18149","5/8/11 12:48","3","612.08"
"18150","7/22/11 15:43","3","566.58"
"18151","7/28/11 11:35","2","653.35"
"18154","12/6/11 16:41","2","399.19"
"18155","9/25/11 13:32","3","371.62"
"18156","12/5/10 12:29","2","734.94"
"18158","9/12/11 9:03","2","453.4"
"18159","2/11/11 14:26","1","530.15"
"18160","5/23/11 13:41","2","638.06"
"18161","7/22/11 13:31","5","1618.69"
"18164","11/2/11 12:56","1","399.65"
"18165","6/15/11 13:23","1","302.46"
"18167","8/26/11 11:40","3","1384.86"
"18168","6/16/11 19:21","6","1169.94"
"18169","10/10/11 12:18","1","202.65"
"18170","8/19/11 16:04","3","980.31"
"18171","9/1/11 16:30","5","1231.31"
"18172","9/22/11 16:48","20","7561.68"
"18173","9/14/11 11:26","4","2106.84"
"18174","12/2/11 16:56","1","104"
"18176","12/16/10 15:45","1","476.35"
"18177","7/5/11 10:23","6","1341.42"
"18178","8/3/11 9:30","4","1590.81"
"18179","4/1/11 13:21","6","1793.17"
"18180","9/20/11 10:21","6","1843.75"
"18181","11/15/11 15:08","1","382.8"
"18183","4/26/11 15:26","2","632.07"
"18184","11/24/11 15:28","1","49.8"
"18185","4/4/11 13:42","1","304.25"
"18188","9/23/11 12:58","3","2001.04"
"18189","9/23/11 12:40","2","1090.24"
"18190","5/31/11 14:48","2","284.46"
"18191","3/23/11 12:08","1","207.8"
"18192","9/29/11 9:53","1","957.97"
"18193","6/27/11 13:58","1","243.76"
"18194","9/18/11 13:29","1","973.84"
"18196","9/5/11 16:22","2","689.13"
"18198","9/29/11 12:43","17","5425.56"
"18200","8/25/11 18:45","1","163.8"
"18202","5/24/11 12:12","3","1396.99"
"18203","7/5/11 13:07","1","160.42"
"18204","9/29/11 16:44","3","1993.7"
"18205","9/26/11 12:02","2","517.36"
"18209","11/11/11 12:07","1","139.1"
"18210","3/17/11 16:58","6","2621.38"
"18211","9/15/11 8:27","5","600.07"
"18212","1/17/11 16:14","1","248.42"
"18213","4/17/11 10:21","1","232.48"
"18215","9/11/11 16:05","1","299.34"
"18216","11/8/11 16:55","1","481.75"
"18217","9/30/11 10:44","2","621.75"
"18218","5/12/11 12:53","2","662.08"
"18219","7/13/11 13:33","10","2069.77"
"18220","4/27/11 9:03","1","305.28"
"18221","8/16/11 10:50","5","1041.61"
"18222","9/8/11 10:45","1","443"
"18223","9/4/11 11:49","14","6484.54"
"18224","3/21/11 10:30","1","158.95"
"18225","9/16/11 15:23","12","5509.12"
"18226","9/19/11 9:14","11","5228.05"
"18227","5/6/11 12:23","1","93.75"
"18228","9/21/11 10:48","2","779.9"
"18229","9/7/11 10:51","20","7276.9"
"18230","9/6/11 13:20","7","2810.2"
"18231","5/31/11 14:18","5","2083.27"
"18232","9/19/11 11:49","4","592.97"
"18233","1/18/11 8:44","1","440"
"18235","9/29/11 8:27","3","1796.48"
"18236","9/21/11 9:22","6","882.24"
"18237","9/9/11 12:36","5","987.1"
"18239","5/5/11 12:38","5","1561.61"
"18240","10/24/11 13:06","1","422.58"
"18241","9/26/11 12:54","17","2073.09"
"18242","9/28/11 13:43","4","2232.49"
"18245","7/13/11 14:29","7","2567.06"
"18246","4/20/11 13:55","2","596.1"
"18248","8/9/11 10:19","2","804.02"
"18249","11/22/11 15:07","1","95.34"
"18250","2/2/11 13:16","1","349.27"
"18251","9/13/11 15:03","1","4314.72"
"18252","6/21/11 11:47","2","526.67"
"18255","9/11/11 13:16","1","103.3"
"18257","8/17/11 14:47","8","2337.63"
"18259","9/15/11 14:37","3","2338.6"
"18260","6/20/11 12:37","6","2643.2"
"18261","9/5/11 9:34","2","324.24"
"18262","7/22/11 16:04","1","149.48"
"18263","7/7/11 10:04","3","1213.16"
"18265","9/28/11 14:10","2","801.51"
"18268","7/28/11 19:13","1","25.5"
"18269","12/8/10 13:53","1","168.6"
"18270","3/18/11 12:41","2","283.15"
"18272","8/18/11 12:06","6","3078.58"
"18273","9/5/11 11:27","3","204"
"18274","11/9/11 17:03","1","175.92"
"18276","10/27/11 10:54","1","335.86"
"18277","10/12/11 15:22","1","110.38"
"18278","9/27/11 11:58","1","173.9"
"18280","3/7/11 9:52","1","180.6"
"18281","6/12/11 10:53","1","80.82"
"18282","8/5/11 13:35","2","178.05"
"18283","9/5/11 12:35","16","2094.88"
"18287","5/22/11 10:39","3","1837.28"
